STP_mass_gasteiger_charge_abs_gasteiger_charge,STP_mass_gasteiger_charge_mmff_charge,STP_mass_gasteiger_charge_abs_mmff_charge,STP_mass_gasteiger_charge_polarizability,STP_mass_gasteiger_charge_crippen_logP,STP_mass_gasteiger_charge_crippen_MR,STP_mass_gasteiger_charge_tpsa,STP_mass_gasteiger_charge_labute_asa,STP_mass_gasteiger_charge_estate,STP_mass_abs_gasteiger_charge_mmff_charge,STP_mass_abs_gasteiger_charge_abs_mmff_charge,STP_mass_abs_gasteiger_charge_polarizability,STP_mass_abs_gasteiger_charge_crippen_logP,STP_mass_abs_gasteiger_charge_crippen_MR,STP_mass_abs_gasteiger_charge_tpsa,STP_mass_abs_gasteiger_charge_labute_asa,STP_mass_abs_gasteiger_charge_estate,STP_mass_mmff_charge_abs_mmff_charge,STP_mass_mmff_charge_polarizability,STP_mass_mmff_charge_crippen_logP,STP_mass_mmff_charge_crippen_MR,STP_mass_mmff_charge_tpsa,STP_mass_mmff_charge_labute_asa,STP_mass_mmff_charge_estate,STP_mass_abs_mmff_charge_polarizability,STP_mass_abs_mmff_charge_crippen_logP,STP_mass_abs_mmff_charge_crippen_MR,STP_mass_abs_mmff_charge_tpsa,STP_mass_abs_mmff_charge_labute_asa,STP_mass_abs_mmff_charge_estate,STP_mass_polarizability_crippen_logP,STP_mass_polarizability_crippen_MR,STP_mass_polarizability_tpsa,STP_mass_polarizability_labute_asa,STP_mass_polarizability_estate,STP_mass_crippen_logP_crippen_MR,STP_mass_crippen_logP_tpsa,STP_mass_crippen_logP_labute_asa,STP_mass_crippen_logP_estate,STP_mass_crippen_MR_tpsa,STP_mass_crippen_MR_labute_asa,STP_mass_crippen_MR_estate,STP_mass_tpsa_labute_asa,STP_mass_tpsa_estate,STP_mass_labute_asa_estate,STP_gasteiger_charge_abs_gasteiger_charge_mmff_charge,STP_gasteiger_charge_abs_gasteiger_charge_abs_mmff_charge,STP_gasteiger_charge_abs_gasteiger_charge_polarizability,STP_gasteiger_charge_abs_gasteiger_charge_crippen_logP,STP_gasteiger_charge_abs_gasteiger_charge_crippen_MR,STP_gasteiger_charge_abs_gasteiger_charge_tpsa,STP_gasteiger_charge_abs_gasteiger_charge_labute_asa,STP_gasteiger_charge_abs_gasteiger_charge_estate,STP_gasteiger_charge_mmff_charge_abs_mmff_charge,STP_gasteiger_charge_mmff_charge_polarizability,STP_gasteiger_charge_mmff_charge_crippen_logP,STP_gasteiger_charge_mmff_charge_crippen_MR,STP_gasteiger_charge_mmff_charge_tpsa,STP_gasteiger_charge_mmff_charge_labute_asa,STP_gasteiger_charge_mmff_charge_estate,STP_gasteiger_charge_abs_mmff_charge_polarizability,STP_gasteiger_charge_abs_mmff_charge_crippen_logP,STP_gasteiger_charge_abs_mmff_charge_crippen_MR,STP_gasteiger_charge_abs_mmff_charge_tpsa,STP_gasteiger_charge_abs_mmff_charge_labute_asa,STP_gasteiger_charge_abs_mmff_charge_estate,STP_gasteiger_charge_polarizability_crippen_logP,STP_gasteiger_charge_polarizability_crippen_MR,STP_gasteiger_charge_polarizability_tpsa,STP_gasteiger_charge_polarizability_labute_asa,STP_gasteiger_charge_polarizability_estate,STP_gasteiger_charge_crippen_logP_crippen_MR,STP_gasteiger_charge_crippen_logP_tpsa,STP_gasteiger_charge_crippen_logP_labute_asa,STP_gasteiger_charge_crippen_logP_estate,STP_gasteiger_charge_crippen_MR_tpsa,STP_gasteiger_charge_crippen_MR_labute_asa,STP_gasteiger_charge_crippen_MR_estate,STP_gasteiger_charge_tpsa_labute_asa,STP_gasteiger_charge_tpsa_estate,STP_gasteiger_charge_labute_asa_estate,STP_abs_gasteiger_charge_mmff_charge_abs_mmff_charge,STP_abs_gasteiger_charge_mmff_charge_polarizability,STP_abs_gasteiger_charge_mmff_charge_crippen_logP,STP_abs_gasteiger_charge_mmff_charge_crippen_MR,STP_abs_gasteiger_charge_mmff_charge_tpsa,STP_abs_gasteiger_charge_mmff_charge_labute_asa,STP_abs_gasteiger_charge_mmff_charge_estate,STP_abs_gasteiger_charge_abs_mmff_charge_polarizability,STP_abs_gasteiger_charge_abs_mmff_charge_crippen_logP,STP_abs_gasteiger_charge_abs_mmff_charge_crippen_MR,STP_abs_gasteiger_charge_abs_mmff_charge_tpsa,STP_abs_gasteiger_charge_abs_mmff_charge_labute_asa,STP_abs_gasteiger_charge_abs_mmff_charge_estate,STP_abs_gasteiger_charge_polarizability_crippen_logP,STP_abs_gasteiger_charge_polarizability_crippen_MR,STP_abs_gasteiger_charge_polarizability_tpsa,STP_abs_gasteiger_charge_polarizability_labute_asa,STP_abs_gasteiger_charge_polarizability_estate,STP_abs_gasteiger_charge_crippen_logP_crippen_MR,STP_abs_gasteiger_charge_crippen_logP_tpsa,STP_abs_gasteiger_charge_crippen_logP_labute_asa,STP_abs_gasteiger_charge_crippen_logP_estate,STP_abs_gasteiger_charge_crippen_MR_tpsa,STP_abs_gasteiger_charge_crippen_MR_labute_asa,STP_abs_gasteiger_charge_crippen_MR_estate,STP_abs_gasteiger_charge_tpsa_labute_asa,STP_abs_gasteiger_charge_tpsa_estate,STP_abs_gasteiger_charge_labute_asa_estate,STP_mmff_charge_abs_mmff_charge_polarizability,STP_mmff_charge_abs_mmff_charge_crippen_logP,STP_mmff_charge_abs_mmff_charge_crippen_MR,STP_mmff_charge_abs_mmff_charge_tpsa,STP_mmff_charge_abs_mmff_charge_labute_asa,STP_mmff_charge_abs_mmff_charge_estate,STP_mmff_charge_polarizability_crippen_logP,STP_mmff_charge_polarizability_crippen_MR,STP_mmff_charge_polarizability_tpsa,STP_mmff_charge_polarizability_labute_asa,STP_mmff_charge_polarizability_estate,STP_mmff_charge_crippen_logP_crippen_MR,STP_mmff_charge_crippen_logP_tpsa,STP_mmff_charge_crippen_logP_labute_asa,STP_mmff_charge_crippen_logP_estate,STP_mmff_charge_crippen_MR_tpsa,STP_mmff_charge_crippen_MR_labute_asa,STP_mmff_charge_crippen_MR_estate,STP_mmff_charge_tpsa_labute_asa,STP_mmff_charge_tpsa_estate,STP_mmff_charge_labute_asa_estate,STP_abs_mmff_charge_polarizability_crippen_logP,STP_abs_mmff_charge_polarizability_crippen_MR,STP_abs_mmff_charge_polarizability_tpsa,STP_abs_mmff_charge_polarizability_labute_asa,STP_abs_mmff_charge_polarizability_estate,STP_abs_mmff_charge_crippen_logP_crippen_MR,STP_abs_mmff_charge_crippen_logP_tpsa,STP_abs_mmff_charge_crippen_logP_labute_asa,STP_abs_mmff_charge_crippen_logP_estate,STP_abs_mmff_charge_crippen_MR_tpsa,STP_abs_mmff_charge_crippen_MR_labute_asa,STP_abs_mmff_charge_crippen_MR_estate,STP_abs_mmff_charge_tpsa_labute_asa,STP_abs_mmff_charge_tpsa_estate,STP_abs_mmff_charge_labute_asa_estate,STP_polarizability_crippen_logP_crippen_MR,STP_polarizability_crippen_logP_tpsa,STP_polarizability_crippen_logP_labute_asa,STP_polarizability_crippen_logP_estate,STP_polarizability_crippen_MR_tpsa,STP_polarizability_crippen_MR_labute_asa,STP_polarizability_crippen_MR_estate,STP_polarizability_tpsa_labute_asa,STP_polarizability_tpsa_estate,STP_polarizability_labute_asa_estate,STP_crippen_logP_crippen_MR_tpsa,STP_crippen_logP_crippen_MR_labute_asa,STP_crippen_logP_crippen_MR_estate,STP_crippen_logP_tpsa_labute_asa,STP_crippen_logP_tpsa_estate,STP_crippen_logP_labute_asa_estate,STP_crippen_MR_tpsa_labute_asa,STP_crippen_MR_tpsa_estate,STP_crippen_MR_labute_asa_estate,STP_tpsa_labute_asa_estate
0.9416795866201898,-0.13030671911093966,0.8475010982972804,-0.3011546099190332,-0.9356174125856733,0.3134530393820853,0.5867270174446395,-0.16295875359606538,0.4121788634604711,-0.9159612015585921,0.22752141488314126,-0.4315669872520697,-0.5736752794745232,-0.5034667022312787,0.805009615632888,-0.1321335507153862,0.22318616040633982,0.7928711271075295,-0.2332108110776247,-0.8306811754678496,0.37456043620942575,0.4593080578203621,-0.14022392345157647,0.3700379573581371,-0.31564279077603397,-0.2902446180243041,-0.5288485268159621,0.5827391609911838,-0.07954587126210222,0.10127754623201878,-0.24532403191300134,0.30466552131444774,0.01144726362782484,-0.03242609359569047,0.11752325399059141,0.6911825237397285,-0.4423906325424546,0.0320077473827641,0.029351774380147397,0.58165243795998,-0.13110825710041812,0.2946614935544739,0.05698014509728999,-0.21329823973044726,0.019213030096672433,0.053087347687000776,0.06735365496781552,0.760907074463419,0.03820727762969383,0.36621585072900215,-7.6309035053685e-17,0.7256552501542383,-0.927253051763899,-0.05709821050957483,-0.08831433336662041,0.04745858625890201,-0.06834678949677667,-0.03307683591637996,-0.09122710958486702,0.10507376578304142,0.7063479493971976,0.10130618046599693,0.3071704345654618,-0.041965663963363216,0.6647372397667501,-0.8639984813136952,0.743789735265291,-0.370397990788166,-0.4740941023844385,-0.10039291143415331,-0.036512718911726715,-0.37657619326678715,-0.023805594139305875,-0.7143719443384406,0.9045601932302944,-0.22817605573289582,0.304919981664789,-0.4689458354633616,0.45212994596617884,-0.5777383573010416,-0.15716147699482466,-0.07834070552235249,-0.7157961381712854,-0.0048227496588043785,-0.3278310405998775,-0.04538255470724021,-0.6983876941211491,0.8893465145102452,0.21471238306977797,0.05026348810672871,0.12449273906544699,-0.0575783320223763,0.18477812335461533,-0.2399991814039261,0.4460376808280575,0.23898224757020908,-0.6504733884533047,-0.2257960134216682,0.24461385896796423,-0.20267285301415483,-0.03266209262266213,-0.43671119244923706,0.5558311186282722,-0.3130653838341412,-0.3365835466440103,0.40895728438110257,0.6203378116172983,-0.7926768652530486,-0.04187727065521507,0.6395510959738753,0.07522149212300958,0.25174039843116947,-7.901526667453747e-17,0.6165290389257271,-0.8014817731899501,0.647924452566404,-0.37617603894015716,-0.37049018652031945,-0.06823413218858145,-0.0627390317165923,-0.2992806735807463,-0.04357560298533044,-0.6326264090879048,0.8045960968488343,-0.14583251870976915,0.3357763992318692,-0.4961170257705421,0.35715357234899725,-0.46429618135453965,-0.14599122536685807,0.20417333450958627,0.32636528708194334,-0.47005302165362317,-0.18127699746041526,0.23737751511040014,-0.04198099710253989,-0.05528579325139523,-0.21814475311556122,0.28378826681163005,-0.18502248796035498,-0.38597138196527137,0.502435757288894,0.4531324228956995,-0.5890677565246937,0.0016572903981261664,0.4507304701953643,-0.3579301659996317,-0.1618669871692927,0.2605144997605704,0.4655418804480023,0.14144501598951656,-0.10760655669812196,0.054862995008033794,-0.18362365731570246,-0.04310897473455955,0.1956438481303822,0.514855796004272,-0.6800529448620652,-0.33859290721672525,0.4269589409668384,-0.053356230463033935,0.4703788676910043,-0.6556924491719139,-0.09049363855512811,0.10825972605346772
-0.9415751820937586,0.13091119258198283,-0.8473077962820594,0.2950957836676719,0.9377486227828016,-0.3113331002386424,-0.5878289046898023,0.15961815988073177,-0.4125377983375974,0.915564745986877,-0.22610615583620086,0.4210149133946219,0.5722476231538524,0.49750030847014853,-0.8038143224024689,0.1285432762172075,-0.22603017103158216,-0.7924649406177094,0.22840845415017005,0.832281877986425,-0.37190229329362456,-0.4598327764789834,0.13733688915903114,-0.36971576132837136,0.30800115671786366,0.2897688272298344,0.5224545313578877,-0.5821801791621486,0.07734387327866733,-0.10433557750781979,0.23995778425028677,-0.29512897846227143,-0.010920549098705427,0.031085193709952583,-0.1136223819622254,-0.684692914578528,0.4432912933707421,-0.03101204045310912,-0.025610586840196566,-0.5763735883669355,0.1268404931957356,-0.2927098770917261,-0.05601454962563757,0.21106835306541583,-0.01800221639919172,-0.0526469911353705,-0.06665474124361132,-0.7640549198756974,-0.041777319447328494,-0.36984429760976467,0.0,-0.7249609162397038,0.9239610264991991,0.05664344039807719,0.08972988802057102,-0.046624555908008555,0.06882882033279632,0.03286771329879521,0.09186954362967478,-0.10539569006643242,-0.7084503034770607,-0.10397856925341,-0.3107772327723691,0.04161280403598471,-0.663679709659225,0.8606609401205024,-0.747856518962388,0.3685473941910961,0.4770023416235952,0.09768297964617705,0.045184422944067604,0.38215497811941684,0.026081736645808918,0.7149324819960865,-0.9019019116784656,0.23089517704393883,-0.3024062244274965,0.4675509842606329,-0.4525958090659041,0.5768323215309713,0.16099916851878693,0.07745588605608236,0.719407853036658,0.008626741102421454,0.3318104725011721,0.04494426606689458,0.6977469806956736,-0.88579897811584,-0.21328106848174488,-0.0505420355750511,-0.12403133487491311,0.05690255721110349,-0.1831889242596221,0.237877189912234,-0.44567841772948547,-0.2383321031249085,0.652266860233579,0.2198499266878869,-0.22972345857030257,0.20270106366619067,0.03566492443935495,0.4348956678888993,-0.551513651290493,0.31573277326250454,0.33255685547780606,-0.39941040610021933,-0.6188926585338398,0.7887772751085413,0.04789215274915915,-0.642004930084907,-0.07787709224917605,-0.2557352123483627,0.0,-0.6155518465859102,0.7979788427599166,-0.6518159430884506,0.37500105695149527,0.3725274070598311,0.06615596869747048,0.06952260568225299,0.30513205015048017,0.04518867361518237,0.6329835221445637,-0.8017401260672441,0.14839196879287417,-0.3331971023133903,0.49380039456260116,-0.3571778386331288,0.46303225294958683,0.14888644490222558,-0.20448447983779983,-0.3238649819134266,0.47164552784943875,0.1765826166422376,-0.22561812176043258,0.04216824128894807,0.05721199411410192,0.217478921648935,-0.28153175060641683,0.1878745217763048,0.3808601292096256,-0.4924197415648672,-0.45221190990435617,0.5862309382210042,0.0031612539276658865,-0.44825552141868424,0.3601997284508308,0.1582098379509099,-0.251209570387093,-0.46341724098649223,-0.13651650537041837,0.09671436119268507,-0.053862043595662566,0.18199075188432828,0.04237112170513456,-0.1996952597426379,-0.5093665696532821,0.668956526924073,0.3388244832030421,-0.42563357241275107,0.04935188158145255,-0.46577798015645894,0.6484975079566904,0.09383162703799547,-0.10754430212502292
0.8700166266253923,-0.2650996797813294,0.6058352658712688,-0.26682155686127734,-0.46688009479232595,0.2912365767455082,0.5244926662543801,-0.18827815472091164,0.3892680470171338,-0.8495063019550063,0.20889880186120066,-0.41088217543189415,-0.5365475370878118,-0.46863875288211293,0.7480506552846014,-0.12979347221109622,0.2079023401952927,0.5279001076169975,-0.13533288596212856,-0.2923840702914762,0.42716803248784585,0.2841920815871704,-0.14429065743482403,0.31674201026259907,-0.22205116838378294,-0.2615222748693243,-0.39626467453552777,0.39496897823305055,-0.0451742881742087,0.051305848137503364,-0.05594175829380117,0.28126685442464494,0.018285451987560566,-0.049112212530891194,0.12007871194799159,0.43109563869649786,-0.07796944388573956,-0.04646140126124989,0.12849794380336285,0.5329292416916391,-0.14486510061639776,0.27927610865239405,0.08363733575366837,-0.2093626252057808,0.013081339046589853,0.15380405944693049,0.21375624496144263,0.6980452281800114,-0.2789983155814681,0.3308264309509389,-3.9672411011447997e-17,0.6942071808330224,-0.853962091612623,-0.17223422030320534,-0.1655293973274836,0.16754900252839652,-0.15229059378451373,-0.09272133284735697,-0.17824504968484026,0.19139182642239744,0.5516391018130374,-0.07957144802669723,0.15881613923609977,-0.12886372445917033,0.5296689847394693,-0.6902958040692309,0.46015923716307877,-0.33512914248179637,-0.4208190874631677,-0.06184108631275755,-0.05042571207959176,-0.08413834730768929,0.1681951424162981,-0.4329121891401834,0.5830957894176597,-0.1994399089933601,0.30397799853103236,-0.43388269069500296,0.41850530675527375,-0.5148141318256956,-0.125802500030649,-0.24564675475892644,-0.6089521253262747,0.3672734598774859,-0.24018000224800615,-0.132242561732383,-0.6548962337355665,0.7970766688159397,0.2685574454593117,0.06483551141284918,0.19457525284979593,-0.18379016471765902,0.19857461141854596,-0.2561239343159702,0.5622534878456485,0.21976633054901998,-0.6001875991539886,-0.22371485415191855,0.23649268202546145,-0.3543076304141863,0.23988607390589597,-0.4697465550862028,0.593317005610862,-0.28444850464320176,-0.3245837696118648,0.3809354100671515,0.5968876003435469,-0.7342467749114475,-0.03849189940013507,0.417548375951758,-0.14368404413596658,0.025730954633854938,2.092444768009761e-17,0.44868922470696004,-0.586909720406248,0.2680993392914468,-0.34446964482322234,-0.22478484170184246,-0.00089804490648946,-0.10006992792160359,0.10201534041777066,0.07735150458330461,-0.28778521696616716,0.4112782376733624,-0.013852116059665014,0.3701049248864043,-0.49035630240568034,0.2415493441189418,-0.315959577843104,-0.1087954648537639,0.26729187774246005,0.3026066493534095,-0.3124050422285335,-0.1530015144154443,0.20629151995622405,-0.12060260616973281,0.1075028007797814,-0.2345766734724648,0.3047201443052023,-0.01925161354213647,-0.33460366741320796,0.4380590902539077,0.3357042782708868,-0.4391193129895797,0.0066164934761877865,0.4148084172333991,-0.0566938451917108,-0.09766428793565772,0.19651495220015017,0.42063495351870356,0.12687423718861637,-0.09766375195932031,0.081695605600976,-0.18592709536706875,-0.03711212990082069,-0.1412524820230153,0.4081042312959605,-0.5615610074379322,-0.08903464744862401,0.14366940278543194,-0.0611225002401109,0.45704040080497843,-0.6027057919821192,-0.07567501702131159,0.08496150691453747
-0.8745731108351592,0.2626681030277312,-0.610211186996907,0.2680417657196488,0.47117671975691805,-0.28708458868584824,-0.5249810533104493,0.18904085392360986,-0.37339017644436673,0.8528737802083801,-0.2136711412265865,0.41304143403420196,0.546011570979628,0.46994300352281965,-0.7557971701370152,0.13229674983590642,-0.1947280238685183,-0.5308973288675124,0.13733898578099246,0.2954978186993072,-0.4211036802936603,-0.28496047206740166,0.14461667048365978,-0.3056415150765833,0.22270260925037616,0.26585027430083835,0.39802981063664716,-0.39907765652861055,0.0461212233227438,-0.044641794927153915,0.05518303938832884,-0.2796131959948459,-0.01629791599364763,0.048733090970486205,-0.11666305459885129,-0.43241406059678855,0.0794310971987283,0.046746629300020194,-0.12820431351995593,-0.5301888280800299,0.1450064987378723,-0.2645582316395878,-0.08395325038890308,0.2057903603532795,-0.014391884101334913,-0.1534911026702649,-0.21495918050400012,-0.695741800749377,0.2795933307506892,-0.331722096179887,-3.9947047175767065e-17,-0.6956479332580865,0.847693774904676,0.17165506950231815,0.16191574044932333,-0.1666660937429732,0.15001346621290326,0.09213628884230107,0.1757525265541479,-0.189063720168619,-0.5513175083992073,0.07926977839060703,-0.16088885468868952,0.1290338058667013,-0.531834574335805,0.6832314686196893,-0.4605218529393228,0.33004916514334937,0.4176337676797839,0.06281816299296754,0.03723624374345254,0.08693703459331581,-0.1678318249870584,0.43521538517369596,-0.5760650185534592,0.19912322171964292,-0.3000536214361099,0.41988666947751674,-0.4175774217278688,0.5088461619969085,0.11376904713394691,0.24712590092809433,0.6059890796203331,-0.36848347499620315,0.2410147370565837,0.13264544679245424,0.655169363682809,-0.7924858042980882,-0.2715004495308606,-0.06589406084942208,-0.1965507510487426,0.18576553327228565,-0.20247396875733223,0.2549658455810039,-0.5664097120822572,-0.21718484007835726,0.601252974322831,0.2232941289325023,-0.24543657215903217,0.35733665786194874,-0.24162170726785873,0.4765995028397966,-0.59148315917839,0.286670855138985,0.3236197414143229,-0.38164010103733714,-0.6011718549934046,0.7325683219369811,0.026658738745446723,-0.4170113005468392,0.14375131559208584,-0.028009365862440478,4.2099013379981577e-17,-0.4497338281683501,0.5818686691486232,-0.2692961177213438,0.3380159618942421,0.22383186088872434,0.002748557797441516,0.08955161429423782,-0.09843240620338824,-0.07715887898477902,0.2894800811777342,-0.4066271963643224,0.015034097337606701,-0.3643551792589754,0.47765895448284307,-0.24139575961497192,0.31231946673289973,0.10041380156357457,-0.2691223969938521,-0.3008965414645202,0.3134690711727265,0.15242839110388165,-0.2090188288116569,0.12180058743061832,-0.10805844186816532,0.2376953908950152,-0.3034621824055188,0.021054752927613066,0.33474578714450903,-0.4338893328416777,-0.3380667267434219,0.43739301794302893,-0.012732347928431337,-0.4124538978051426,0.057978853174620905,0.09666087091453972,-0.1927724839057359,-0.415594930401802,-0.12553679170225687,0.10480754213079216,-0.07975021906988378,0.17950768880931048,0.03411108715930511,0.13936880610092675,-0.40803642710725674,0.5523284699087497,0.09001974395384364,-0.1427792112171444,0.061266591926235035,-0.45356289345750006,0.5919493434952271,0.06442477376167964,-0.08231557800555114
1.0069494038201061,-0.29567947895749663,0.7906981278178008,-0.3589096776352279,-0.7638461210307934,0.26269325500467633,0.6538633393022844,-0.18782069852267522,0.4024572522326466,-0.9886387739782535,0.24191255164738532,-0.4996611048693758,-0.6337729708339761,-0.5717764597117622,0.8712622944271645,-0.15693265904016096,0.22437586667141002,0.7052849405879285,-0.2056632515372295,-0.5638557693727259,0.42581216257864407,0.38613684797917,-0.13832379038149878,0.32925339030950146,-0.30612893067562846,-0.31415594080032694,-0.5120926333407326,0.5270649291702849,-0.07810737557054144,0.07950162797086009,-0.15313276272224477,0.3341515527944456,0.013908950407679551,-0.037263091404876526,0.11972951657721545,0.5990739089783305,-0.24937639565295092,0.0008309462033268224,0.08310039477041445,0.5985786287581596,-0.1475909360667689,0.2870626950378086,0.06060739498793645,-0.2025272320285209,0.02087121225086469,0.15374110153132733,0.20160169193233665,0.7719089840517983,-0.1861933613337806,0.42391721944766314,-0.0045168991081743414,0.7638838032036032,-0.9632612097587082,-0.17992193420011873,-0.17186412381854896,0.17129768333726353,-0.16458659424984648,-0.0985055607403658,-0.1956294954709019,0.22140372741482206,0.6779921455910766,0.006723205884380455,0.28028334495072676,-0.1344570627388062,0.6374366589129894,-0.8369684662793908,0.6519158560107645,-0.3524737934373021,-0.49962969861055406,-0.1282932434221083,0.03482141351374306,-0.27299860600874354,0.12433120113635364,-0.6141923763349356,0.8051230817797961,-0.2764493295978691,0.2783531624508817,-0.4207269802405623,0.4951859997774666,-0.6236890652568448,-0.12563708037933305,-0.23487093870974848,-0.6815840998138214,0.2795720719042298,-0.3289097308174262,-0.1285896220606804,-0.7260326527037596,0.9114872952459889,0.2854830590448564,0.0821562550880997,0.216318711846356,-0.17552088177583686,0.2149372835973153,-0.2763391392355685,0.5782302749973565,0.22796025203216264,-0.6656523864973499,-0.25874715721351405,0.30598003423896125,-0.37253933027731695,0.16394661255394485,-0.5098058796902077,0.6477646373701663,-0.36422925649572174,-0.3676891001290313,0.45250862561154365,0.6602459900617133,-0.8324546252422704,-0.020090331555525795,0.5350946535920028,-0.06548866985360947,0.13348068181512426,0.0,0.5508059658924912,-0.7284665892999056,0.4468900471723571,-0.36198402656515716,-0.29295927222872886,-0.0556714356910873,-0.03737910725560763,-0.06717565863096985,0.035854428615109006,-0.4531980541767189,0.6129614158325951,-0.07307941340593077,0.3587251319138769,-0.5021217388950964,0.30156106741844285,-0.3988285818437006,-0.11426654283498003,0.2667732287509668,0.33058373777298933,-0.3998804021815154,-0.17981782252263281,0.255873607319333,-0.10700641716623654,0.04894019303613025,-0.2525987785826668,0.33186383134029945,-0.09975115312662601,-0.3851462524654041,0.5138780394293467,0.41162158823027206,-0.5443887558016084,0.018586307096811937,0.45655890607556465,-0.18790858808668515,-0.12242160541376745,0.23233107029003405,0.45150495848347627,0.15603828254006974,-0.15000193543183518,0.05684486309407871,-0.16802208286297374,-0.03918237756390363,-0.008384110505586741,0.48140557433773895,-0.6611469376320139,-0.20038298852893852,0.2763785247780838,-0.06769510439700623,0.478942022922233,-0.6565828624534986,-0.06779511770441318,0.09556810512301694
-1.0104957988389873,0.29591026272848786,-0.7946325204382058,0.35619025783413,0.767731026760075,-0.2617383657846311,-0.655878334995919,0.18868541636310845,-0.4021309404438254,0.9879693815359443,-0.24406450764029103,0.4988882043673042,0.6383702888137038,0.5703700276580748,-0.873218097607926,0.1590087797873439,-0.2153413544538147,-0.7054471755411332,0.20215712855981025,0.5636781750776403,-0.42292885986884066,-0.3855468936673815,0.13791555043200063,-0.33010660720932733,0.3062846888669173,0.3165712285930028,0.5117444512191809,-0.5282662980935225,0.07946805350692078,-0.07221341577243866,0.15401417382438573,-0.330271962452656,-0.016010146222996194,0.03710609220980877,-0.1226288029853008,-0.5986930018133256,0.24908899652350056,-0.0016079334849482033,-0.09043501767975175,-0.5963884487256966,0.14768908934417935,-0.28275875085476776,-0.059844985655336635,0.2077299935634434,-0.023068455164463608,-0.15329818895165562,-0.20180130854959752,-0.7603815526903103,0.1866113787341071,-0.42005999579087744,0.004505509757246075,-0.762428875596752,0.9614921807703495,0.1796452837366578,0.1686314616825455,-0.17111599900990926,0.1627162442031641,0.09818124376716747,0.19464246808898095,-0.22055456260950615,-0.6690810299353794,-0.006572670164495624,-0.27805577103875295,0.13452537950375734,-0.6372394063750271,0.8364047687759716,-0.6434837888782208,0.34502103183513694,0.4919495643912466,0.12676631418158504,-0.03631999156925533,0.270807394624591,-0.12454616847692661,0.6141056201331533,-0.8047629582694051,0.2738136226954162,-0.27592008145837077,0.4162100562347437,-0.49402526766395655,0.6222787729368743,0.12387650542490722,0.2343286941732789,0.6677465011721944,-0.27929590396660503,0.3241673269236529,0.12806727883819224,0.7213099030763964,-0.9073896166581321,-0.283285137915763,-0.08241374723839294,-0.215362749890689,0.1754744452879157,-0.21590392381234036,0.27523348749482884,-0.5724944207738071,-0.2218078199528742,0.6548579301211743,0.2567644814914232,-0.31265396103842497,0.37070055957914694,-0.16410619112489605,0.5110212132844614,-0.6471805117200556,0.36045096189349557,0.364250254099175,-0.4531934064641324,-0.6581425449420355,0.8299115655375194,0.011179431244857681,-0.5247440951830523,0.06573334873249437,-0.1311564509401111,0.0,-0.5477534170266427,0.7262055948300271,-0.43812672259811253,0.3521789327772805,0.28678753403886875,0.054379531950625504,0.037442711566371974,0.06539043642127029,-0.035925139816071455,0.4505260046303333,-0.6110241448268718,0.0716807211051761,-0.35402968632608883,0.49674720862903293,-0.29936278115837767,0.3968919586867983,0.11434162690115679,-0.26401977019876094,-0.32371476443392483,0.3929487993146308,0.17870663806917134,-0.2615817279370251,0.10654098264446987,-0.049223689597408485,0.2532105587230993,-0.3326154461226655,0.09821505452349395,0.38257580906978506,-0.5133771043846193,-0.41017907493751093,0.5438110102877493,-0.025735449020024243,-0.4474758112653876,0.1837920457706678,0.12184774007289836,-0.2372424242573786,-0.44064459214554513,-0.15348466269590824,0.1524606297790063,-0.05694673753407388,0.17100039444269227,0.039859339491900236,0.009260765872157729,-0.4783254604414018,0.6594710974386454,0.1989846513933252,-0.27577488115369786,0.07402417766265988,-0.47419973909914587,0.6525587922484397,0.06322777074772827,-0.09968861287725136
0.27452742002959035,0.03665685136912458,0.054382607658198294,-0.07996144049043609,-0.15630948048827106,-0.31287132913538723,0.1550369737295625,0.18162443886594165,-0.1985984909911636,-0.29869090281533733,0.20193568031445608,-0.09657039112703693,-0.1966993684398647,0.19156610326940696,0.17948276637443972,-0.20188416564081738,0.28829170696579604,0.08613316803014025,-0.09989428859874674,-0.1963322984390022,-0.31483051704000437,0.1926489045707979,0.1706537356431364,-0.17758406906480645,0.03968754083335409,0.07601221291216896,0.26808888134605907,-0.0784867169060999,-0.1735908274351463,0.20319345941015868,0.0023075916290112236,-0.16585595780812692,0.0022594487998340114,0.12269263227961572,-0.1538314610545489,-0.33324609583703635,0.008890976531901103,0.2450823362600635,-0.306442703198481,-0.31273685005041335,0.10334370687027239,-0.18997545125771068,-0.23275622816419295,0.29265156956463756,0.04468380191227713,-0.00674878411591237,0.02502386175957595,0.22408357474780433,0.012741185588480076,0.17698749469104563,-6.804308760626909e-18,0.19184534564307662,-0.23778189778746092,0.004678266600142918,0.02795551640523864,-0.0021413059308940806,0.01594122448758811,0.0038113171557595817,0.030081477647247168,-0.03663253027994321,0.051678601574867915,0.01677197027499818,0.06357940627980971,-0.014132008372108722,0.021448150105305833,-0.029000740510787146,0.12387681929152118,0.20383082621923002,-0.12654925066376663,-0.2041300053219091,0.23136502307714243,-0.08625175465422492,-0.007195473789655498,-0.11766167835283985,0.14460466331452348,-0.09995214890344686,-0.33573390475677306,0.3990296771201888,0.10834299105495034,-0.1342852595076533,-0.01852932435377408,-0.022262182584504783,-0.2461810844320425,-0.01869816063963499,-0.1878563397996549,0.004412274892822248,-0.21369425369261358,0.2657982514392767,0.17363304993900575,0.027301745607231757,0.11272595815098391,-0.016360303584596895,0.15951900846669365,-0.20118508057142157,0.1560743052563578,-0.2186250422692028,-0.14650317950197606,0.09730301422801216,-0.15167426769351386,-0.13570268389833173,-0.008330035797750391,-0.1280878052200595,0.15699113398038594,-0.11571232176882862,0.26402476656781476,-0.3517862752391732,0.12542620823948497,-0.15545898039641234,-0.026602159189733562,0.07843634132254114,0.020025106995008393,0.07763703519737285,-0.015630969202584062,0.04890352635813834,-0.06341216389648971,0.1555636889024181,0.19665661766228298,-0.15730561171262716,-0.21212081304143682,0.2352584738142814,-0.1037712066058262,-0.009159663276900822,-0.1511462000615341,0.18582848206418384,-0.1165124179050366,-0.3325707532210791,0.391848874696261,0.1403488846997725,-0.174057164834551,-0.024810830725589622,-0.05999283137125153,-0.20835978065013738,0.06427089952273575,0.18061207367823048,-0.21425456421524758,0.006186400992227051,0.004453108523153246,0.08351533230397785,-0.10320147130296123,0.02209354420150606,0.308679797374348,-0.3805204730351534,-0.07606442740128234,0.0946571854816801,0.0124329956353634,-0.2628275165284332,0.00715241394673522,0.19596722661203284,-0.24499368661632515,-0.256728764979226,-0.11064879380875153,0.08776322259149634,-0.18840880415626912,0.2369204279594767,0.03770358871078694,-0.02024653824374968,-0.38608711569758325,0.4773872967151608,-0.004589333312904563,0.005881433218837574,0.003944188517326517,-0.3686045305742476,0.45954910374384134,0.07205516125792928,-0.0029090859532269974
-0.2701202632022443,-0.03706606661154232,-0.05308266875058126,0.08600834051193255,0.15241582552762778,0.3321692893417519,-0.15142919476076164,-0.19617133190568758,0.2051703769055166,0.2961208042727067,-0.20149092487644435,0.10169863631832098,0.1933690622118358,-0.20368778413158087,-0.17769813969608175,0.2205098967872241,-0.2891708111199073,-0.08584087077204758,0.10824225864440536,0.19362089596561036,0.3361922243945149,-0.19038892312622294,-0.18479538507989277,0.18523894461648813,-0.04417093672025949,-0.07569169203740497,-0.2878028755673577,0.07803530460348038,0.18966365684659353,-0.20986921420445706,-0.0041865446312373,0.18991545262260698,-0.0004317354694195488,-0.1440693369958203,0.16931957858665256,0.3527188394324911,-0.008136052807835657,-0.2648548597989516,0.31003898144619896,0.33270418460447165,-0.12323737363494583,0.20088446066011667,0.2526686300372456,-0.2970798873869575,-0.04251781926411755,0.0023568788622763156,-0.021281504212043282,-0.20551767627461964,-0.008931543107824168,-0.15760554705700047,4.109062507503294e-17,-0.19141475155165438,0.24297681884141892,-0.003383422856968711,-0.027450812282678098,0.00010428120182490847,-0.018728454018381805,-0.0013212643288295117,-0.027977701144694302,0.035131598659910244,-0.047163487262752386,-0.013763307250996133,-0.05714190040738334,0.011930393551092537,-0.022160443475787737,0.03158416790798123,-0.11311983309494744,-0.2025441122737887,0.11521303829053121,0.21020245109454627,-0.23346701697166342,0.07794600444251304,0.005007015633537277,0.11449252165207109,-0.14388406124301809,0.08835353852295746,0.34984340291266297,-0.4185003575556244,-0.10730695042709941,0.1362126024404889,0.031069307254879254,0.021571896800865555,0.22618721836211908,0.011478454622669542,0.17099870025245656,-0.0015504686110939928,0.21176347385301042,-0.2688877566096532,-0.1613142461495875,-0.021896948134101427,-0.10151517209837793,0.01400000008730557,-0.1601550254303645,0.204026210893623,-0.14375979837477154,0.21431087251979172,0.13519944159582775,-0.09570574999735253,0.1285327564954994,0.11955890563502007,0.005875599912648556,0.1297355368188714,-0.16437662805138806,0.10368053172243301,-0.27299851049335866,0.3519407710388638,-0.1259218573900532,0.1598418725997793,0.006562875739428633,-0.07345346325160605,-0.017432380473459522,-0.07406092710816169,0.014318966165858994,-0.04792494756284344,0.06445208676716407,-0.1436985088759587,-0.19428928227954273,0.14485883492655124,0.21855982386840397,-0.23977950447211605,0.09877710021580093,0.006366210904184159,0.14562637396666997,-0.18299472508244202,0.10818220956988027,0.34713198970917947,-0.4122425375428374,-0.13711950866846465,0.17384951293225562,0.035331438960503725,0.05579873901167903,0.208161651422503,-0.05940621506682685,-0.1869545605738708,0.21274865335171367,-0.006858127755869267,-0.003221243452017705,-0.08077515218113175,0.09945154816866403,-0.01931862239398021,-0.3243164210054769,0.3971605154598655,0.07520456524252703,-0.09359933477365151,-0.025235617513748584,0.2596395202573536,-0.006175940240027936,-0.19971459972287964,0.23405663260192544,0.2533857845397886,0.12487507153821145,-0.11678298180656398,0.1919338762687114,-0.2256412225065766,-0.022741423448801104,0.015747981177654104,0.4004049266410713,-0.49152979134734653,0.002589069868578901,-0.0025044755379345332,0.017132394635326044,0.383186604627015,-0.47260742695965036,-0.05630628411263661,-0.0167597464130702
1.0066122677385092,-0.3246976179357102,0.7516706495689999,-0.3558255192949975,-0.7584171728861654,0.2662430700919231,0.6484124468303712,-0.18775263830068908,0.3993986391939331,-0.9868024319514828,0.24056150498859455,-0.5035976829785909,-0.6335047954650092,-0.5724594121708256,0.8700136012263218,-0.1588078016188925,0.22243007392109218,0.6592813326976158,-0.18638012444564014,-0.5391454386094169,0.44565870189674506,0.35501617355889376,-0.13283192493328547,0.31979049295559114,-0.2910173901507688,-0.2918114491625437,-0.4911014773772335,0.494709463280816,-0.07371766522478071,0.07064708298541454,-0.1554918047304166,0.3355562729006369,0.016854517803864183,-0.03779402095672446,0.12118860124478366,0.5988694256504257,-0.24742482213920072,0.001490511549937957,0.08377224091745895,0.598865044356468,-0.1487784784792643,0.28596907190792353,0.05997780446279144,-0.20192066642185091,0.021523467712685932,0.17004340171375618,0.23695281021415615,0.7625791071796486,-0.19098572432464425,0.41818265025847556,0.0,0.7618369018856354,-0.9666010927936807,-0.20340964820627452,-0.18587279717108648,0.18972195339193124,-0.1798664625147875,-0.10953399010354448,-0.21402533716822447,0.2443224436637494,0.6532030362212334,0.03591324895111658,0.2495981707677896,-0.15263389527277835,0.6130850715369944,-0.8158099474507596,0.6420651782408906,-0.3495203393082867,-0.4912177216943324,-0.12706458687707106,0.03910967447038336,-0.26455894320605855,0.12302405284333666,-0.6096173100759266,0.8040497145185233,-0.26937366468351664,0.2795005590156793,-0.42158479242534475,0.49073962782823755,-0.6226391231008477,-0.12198809857580699,-0.272926840663218,-0.6625008216020074,0.2942428749848731,-0.31324942144288215,-0.1469682786820455,-0.7200173412882009,0.9100043502755497,0.3007871785383037,0.10348267315351713,0.23469266342687659,-0.2047979886021694,0.21944754065759997,-0.2833588004432198,0.5754723125648334,0.224465547400318,-0.6590960755404451,-0.2608311019449061,0.3150741886221584,-0.3717938890609038,0.16506869936703886,-0.5095878226079764,0.6505259446490527,-0.361434690577659,-0.3672814742178602,0.4572997074722884,0.6584545885236572,-0.8354319976449817,-0.01584686013125168,0.4941643304851303,-0.047468036176723814,0.08602256314366731,2.093677685647193e-17,0.5177808377819807,-0.6964193312411532,0.4175357765219761,-0.3583622322579699,-0.2661023769629296,-0.04681348644194201,-0.042819858266458594,-0.038260038471105234,0.025561046148329054,-0.4329933722522136,0.5925408670198942,-0.04632225984927169,0.36733950541577465,-0.5124891548608689,0.27881962169219754,-0.3750146013660552,-0.11083988792575306,0.23968043014424623,0.33013337425717204,-0.37080948387620966,-0.1733017176948699,0.25445717851239863,-0.07343449466120473,0.0356189164402627,-0.23448807323112042,0.3133360559747108,-0.06454934173354256,-0.3760785260917893,0.5095477493879623,0.3885307647163436,-0.5225769584086112,0.022386044575342354,0.45275406367692766,-0.18424375860900938,-0.12372279205854787,0.2357678417529808,0.44668013527449874,0.15695079523638053,-0.15592298645959554,0.05819342370613771,-0.16915358803579808,-0.039122173481023585,-0.010834267330884946,0.4808525613989193,-0.6641245797988061,-0.1986388113728049,0.27590073864356185,-0.06891649532992983,0.4781574621064558,-0.658946197056932,-0.06462429796381133,0.09522634153044779
-1.0110394540890404,0.33812190106630086,-0.7444326955925161,0.3418269280720241,0.7639501174206683,-0.2668552776915926,-0.6641590666022644,0.1756087424901625,-0.4184591362836765,0.993584380327084,-0.2297372541742769,0.4710986948326486,0.6179524422812661,0.5516499597208622,-0.8638273635375321,0.1435521942637516,-0.23257735028394122,-0.6547494251990421,0.17837593725101236,0.5440990925138178,-0.44673644238061716,-0.3638029384398597,0.12456879130783778,-0.33345381768253274,0.26919908053590197,0.28140959178436187,0.46681943359227146,-0.4851237510909945,0.06579473862890332,-0.07616174674515362,0.14703987820976083,-0.310852343952616,-0.01741278770457985,0.033291523559254986,-0.11634991224287759,-0.5799347589430345,0.24677800408924058,-0.0011363200035402728,-0.08002689793693904,-0.5903827104864112,0.13370617322409162,-0.2897092273559456,-0.0557388195491085,0.2047477927092645,-0.019018161091946584,-0.18060501020498576,-0.2408330740598285,-0.8125839606869398,0.19030907431865376,-0.4466586238455411,0.0,-0.7725926919609138,0.9703051620852291,0.21352204461661878,0.21069086559297184,-0.20011176016265836,0.1970451918244445,0.11864072615199053,0.22700863957186557,-0.2497485220963318,-0.6797334123351745,-0.041850155149640925,-0.2653108198879459,0.1582049731369268,-0.6106939259987096,0.8141182662942544,-0.6783378983537829,0.3654874814908098,0.5337922300490957,0.12007062488908021,0.008265502859662537,0.28726863831531796,-0.1250153954469582,0.616832718491056,-0.8119379615258081,0.29341325257221956,-0.281499990391633,0.4409713524222529,-0.507521678883267,0.637400418117739,0.15123485103685996,0.27771387026592176,0.7144013455991641,-0.2974101847418538,0.3404044065683356,0.1543080729204681,0.7336111193064719,-0.9120073551510859,-0.2968597848110915,-0.10395469899209685,-0.2328986079106605,0.2057666479545904,-0.2097499153184482,0.2758819754719421,-0.5853308663652687,-0.23524464202802667,0.6942679215674477,0.24461874088061833,-0.26519328192737496,0.37683769818560175,-0.1625991797462268,0.49923356012593234,-0.6368337282038504,0.381623031502207,0.35812836026983347,-0.42667585584429857,-0.6600995692955276,0.8290241756649831,0.03995702230891281,-0.5206315160857045,0.04390697315865639,-0.09945273405058884,0.0,-0.5182508401193611,0.694194731200359,-0.4446083825684299,0.3823219025502863,0.2892820796884229,0.04213679248892093,0.07602745251271018,0.05268778563624849,-0.024396334289661096,0.43902176820154315,-0.5992394280870939,0.05525960847156617,-0.37252456292647074,0.5242997781626062,-0.28795928828350403,0.38572020583811073,0.13186376227949548,-0.24181834014904904,-0.3303070099228709,0.38575171554050236,0.1607604849630284,-0.22485606250296994,0.07404906329921727,-0.0325320110228486,0.22715499923904273,-0.30347042708071154,0.07368755365338407,0.3595056183957609,-0.4833743797203103,-0.3839878003532939,0.5143499772987895,-0.009474573665138732,-0.4596527599968888,0.19506067311841893,0.11771475234965224,-0.22733491726046767,-0.4668046805749407,-0.14478634134073212,0.11688688683717233,-0.058104026547000504,0.18126937519246455,0.0416742412083227,0.0021064098101651993,-0.46782675551233666,0.6464561660917556,0.19906887395348655,-0.2753753407249803,0.06582344737892623,-0.47576935803149617,0.6570502824900268,0.0846621917268013,-0.10296629234817241
0.9520912432956625,-0.2264981114348564,0.9315588121041273,-0.3776810708536521,-1.019731939305192,0.21642537267583978,0.7138446615692549,-0.18893533924072017,0.4320879631014869,-0.9402277635398624,0.23966436791654727,-0.45806701497827895,-0.5984576330186887,-0.5298733798928028,0.834969673761214,-0.14312759063572958,0.21079815990122508,0.8629361288475271,-0.26400296877725987,-0.8646553183295416,0.33978304731571723,0.5063144093009362,-0.15253172793821781,0.3765560460852823,-0.35311706896211886,-0.3288603621096554,-0.5729258307153698,0.6372710936045789,-0.09248136696534788,0.09748518907597198,-0.25321044334154835,0.3143191076162528,0.012221993268700765,-0.03412326854035639,0.1242641075984863,0.7035567549202212,-0.4455869762138328,0.03453658447445322,0.045824098858970014,0.5870822889055307,-0.13768454426116214,0.2883904055089804,0.05838139197331316,-0.22088555687679684,0.02312434591137324,0.11866889285032621,0.010595912386945414,0.7921869593332382,0.08066725296608537,0.42776712035881465,-0.08141899458561837,0.7414866839162714,-0.9368697382849328,-0.11863044408534655,-0.14138335649177863,0.10790927919300512,-0.1287391362103897,-0.06960457583621786,-0.1528473106520753,0.1690214328930931,0.7793062099484237,0.09027630622703459,0.41613344204284475,-0.0876075879891957,0.7275987481657146,-0.9214743154832783,0.8164678073913492,-0.3497657439249487,-0.5616562725341945,-0.13693369602920988,0.01212438033986842,-0.4764944942987271,0.02672187306723727,-0.7781573085260267,0.9668197796759715,-0.33923262479663313,0.25343879549455955,-0.4070990135703812,0.539783754124975,-0.6654816943164086,-0.15059446256087874,-0.04033570991540576,-0.7252223696234413,-0.005070192749953836,-0.35639340025181204,-0.023666353113326447,-0.7144079714898548,0.8989219893913852,0.20451046704766887,0.026966187349412425,0.11357632914623447,-0.029787583472066646,0.18824299256180038,-0.2381787397759122,0.4591359577103267,0.23507492091363139,-0.6555639867240849,-0.23765241274779073,0.27534920939615976,-0.22398805771930053,-0.019566287623181106,-0.4539508784001634,0.5710296585119099,-0.32983268914038205,-0.34835818562305926,0.4266921009589436,0.6380329556840466,-0.8035940366854898,-0.023329822994354064,0.6769310118706192,0.041747053345170745,0.31251933002183546,-7.81761071283593e-17,0.662223504783672,-0.8411801350403079,0.6655077175900387,-0.36215393296758636,-0.39717878757781927,-0.08294416229503629,-0.0380426908527462,-0.3295799448866177,-0.024494437013251453,-0.6561636559442398,0.8246389834700387,-0.18336587690036124,0.3159926033529135,-0.4675894071124016,0.3885493855698605,-0.49354941686984133,-0.1402857071736602,0.2408917341884811,0.3215479607653349,-0.49990787476446713,-0.19843753432446368,0.2677420823480436,-0.09138249307612459,-0.030829848757840544,-0.2478957942185593,0.3158531382665574,-0.23079290408383757,-0.4061745997609582,0.5231764050429865,0.4890465041343912,-0.6212044746480897,0.01533891644554526,0.4449973972798049,-0.3501323734043797,-0.165572481524644,0.27676172108181174,0.4561109282304935,0.14556204106392126,-0.12516976913704064,0.05517658186862702,-0.18518772841956063,-0.04395830591531717,0.18977476250120273,0.5207460097914393,-0.6884628111897321,-0.3391223384980268,0.42366703568884745,-0.06771290352357268,0.47167454328778075,-0.6522765086446143,-0.07872494172527769,0.11259968982508695
-0.9427935561286803,0.22079959487269754,-0.9193627754200574,0.3909794135872653,0.996792448118916,-0.2193324420804711,-0.697671404300096,0.19990560042529873,-0.434347878628496,0.9314573510445053,-0.24024610643663322,0.4837456626730213,0.5952404051395084,0.5444987319562732,-0.8311486467977132,0.15402145567707826,-0.21861290211150414,-0.8520433420963035,0.2729863827348568,0.8454033311727076,-0.3442152450167435,-0.49462989073855373,0.16143053272537974,-0.3779267284155077,0.37209256569566995,0.32644088870204596,0.5868576710695887,-0.6327093395724028,0.0992529596751813,-0.1024977070750883,0.2646043528789325,-0.3383443919250171,-0.013294008206646677,0.03869802513194484,-0.13220365932431635,-0.7141624498085325,0.4382724959842437,-0.03663106631974982,-0.043095030822059816,-0.5962907295484794,0.15128470811218386,-0.30171055898976085,-0.06225636951446029,0.2211382118513581,-0.0246044841190328,-0.1149552757767702,-0.019695870587912428,-0.7461233850877137,-0.05766128900399702,-0.398550666054567,0.07392946718556041,-0.7290121289777073,0.9362860777480795,0.11671106672134203,0.12706768524423154,-0.10803527543403132,0.1200827543116904,0.06775333991616657,0.14635800002277066,-0.16631531416568948,-0.7357482892659115,-0.07705222132877651,-0.3840636168339171,0.08666716620820053,-0.715070573685158,0.9220909720712819,-0.7649455959587118,0.3388590935594603,0.5214758278016418,0.1441190285138593,-0.044539413583107465,0.4347922010942996,-0.03549419901453185,0.758540367086283,-0.9633475187820775,0.3121282825254914,-0.25410496199849564,0.40143204817741784,-0.5237965385302502,0.6587963095540867,0.1373323357294574,0.04875237061736696,0.6781686103086821,-0.01560998515225876,0.3273674748429756,0.028301822877207738,0.7014665335002858,-0.8983725417326518,-0.20023580871011956,-0.027128609436699588,-0.11293524611521343,0.036202477845800524,-0.1889871977088838,0.2431548822416325,-0.4414851850207625,-0.22641868902920903,0.619834935194741,0.25216278155238453,-0.3073972331488105,0.21832665258183692,0.0041571097972884635,0.4508477986220757,-0.5777614823263046,0.3086575462286275,0.35592184936031873,-0.4483253641158633,-0.6306054135402301,0.808269176437661,0.01608338587678244,-0.6346375192314676,-0.029969201028883632,-0.2814406562658678,-3.9563858526164956e-17,-0.6501102922786912,0.8415599124923405,-0.6200899214390208,0.34655675515418416,0.3684210312866542,0.08804878876963478,0.011868040635182741,0.2913545731123762,0.01739778001664499,0.6393659051361359,-0.8217086581321247,0.16338248793268398,-0.3159592655860082,0.46481402808230615,-0.37740331618185796,0.4885440293939704,0.12891432330886968,-0.2300590934689095,-0.3142092748120568,0.4712683801658359,0.2099794056184062,-0.291169808181906,0.0871858023629667,0.022254493936711466,0.24558380932801777,-0.3188192171930373,0.208991870433129,0.41498874116871487,-0.54578076652967,-0.48275813371754644,0.62492456678742,-0.019825866736789485,-0.43263521165973995,0.32691128096599315,0.1732480120959421,-0.288797634234839,-0.4397510976676783,-0.15825652358110068,0.15312333818310486,-0.05651449531583863,0.17784343010869946,0.04432324311553203,-0.16574046021079308,-0.5274860838639515,0.7089981557057488,0.3322127793549822,-0.42510188149703276,0.06819651119660465,-0.47553474564551007,0.661998785484279,0.07265509716704216,-0.1072383975622522
0.28168033446840135,-0.048240095665702504,0.13127728699268104,-0.14257275612942172,-0.25611902561262606,-0.3605250137779108,0.25078399770369814,0.06867845987408375,-0.1207911520505809,-0.2389574055309502,0.14816114509527864,-0.06568663160510013,-0.12017122874450664,0.22500804396097546,0.107592256770995,-0.1273682371147067,0.22820557835513877,0.08599241454782486,-0.10969912603168268,-0.19669270274465425,-0.34437807549000743,0.19432110084551926,0.08007475059671974,-0.1415526551104442,0.044378604002694666,0.07871027018318545,0.2944978200061702,-0.08176653419736395,-0.0954842514176323,0.16989032868966072,0.0010989308418490912,-0.19796089367933825,0.004023821846601311,0.0804830672490102,-0.14367443241105243,-0.35839766756750463,0.009161438943660808,0.14510989477595498,-0.2590291284223526,-0.3380360819809514,0.10815888009940432,-0.19559348555150557,-0.13963057182438735,0.2493127538271741,0.001021908614641956,0.006170934973494582,0.014595242347297716,0.21495564803491402,0.01723551830508991,0.16177183392334474,-0.008460945142063124,0.2088765871611106,-0.2641272352571711,-0.005375524320801451,-0.03368951487483169,0.0026592229168516442,-0.019806538282715738,-0.004045063853312674,-0.037276428532919285,0.04788022375383129,0.1075676024128238,0.02130340885493404,0.09407443181167958,-0.016937579813505865,0.09378848886542716,-0.1168378715183024,0.18672555141565014,0.19324256997064515,-0.18709554777503645,-0.15813291920007008,0.22586627634281148,-0.12503183464358414,-0.007651876591123593,-0.19412422572032131,0.24754979212759498,-0.13319852425639447,-0.3067856158012968,0.40743022240348625,0.18802871111453368,-0.23878447673069753,0.02517247746351722,-0.015627409860523946,-0.18091392898463346,-0.011988717299954118,-0.14216501058079659,0.004820573228387998,-0.1744055946538428,0.21906718194919086,0.11646814935348226,0.015292378657604145,0.07343165530380485,-0.01002525926572466,0.11646664893143722,-0.15075283628795377,0.08768571386110965,-0.20943242939922685,-0.08013265226260413,0.048488022928721904,-0.11255471434004685,-0.08278338054131464,-0.0029737473103391473,-0.08131806075869907,0.0987191847636754,-0.06854996621156767,0.24000079996915408,-0.3420472631357693,0.07595790374431931,-0.0940328705815217,-0.049791839660126715,0.07227873412914036,0.017177689978675314,0.07368195941698946,-0.014443026828175928,0.05752572186384299,-0.06957731453771102,0.14341174223059394,0.19546334283419395,-0.14490691799870287,-0.1406894210990473,0.2077371290753221,-0.0997423315780864,-0.0057813197432113874,-0.1475756788355902,0.18742231807340903,-0.10866188293654391,-0.2989875565842813,0.3999280500299035,0.14344269125950554,-0.1810018852482187,0.02990417901040568,-0.05729292306147022,-0.2095071667595584,0.061273081415503736,0.1099444887321032,-0.17870415743897688,0.008613953751282074,0.0031135959208988028,0.07172800079538942,-0.09762224571355863,0.020598078894790445,0.2788230397666526,-0.38385036553116564,-0.07073601248303342,0.09469238055982535,-0.03639304719761433,-0.26075610979534375,0.006712049671389686,0.10662641774221647,-0.18990934711897323,-0.2543264867048996,-0.11047958725263754,0.11887736352151658,-0.10115344088272465,0.18216664726940046,0.031852135195229836,-0.015179997786476562,-0.3424853966841026,0.47285887867346177,0.0026085302833225923,-0.0011160958511964598,0.056075118481342584,-0.3276089210853124,0.4542788251369917,0.04420794876564788,-0.053976102390063056
-0.282383373183829,0.048496323045756025,-0.13154712364433221,0.1363223766332115,0.26071377278781693,0.33935383133200736,-0.25355297664412707,-0.06302893382654817,0.12139812261952868,0.2393136022881545,-0.14716465848882332,0.05869452592409472,0.11959360072464217,-0.21438902831567894,-0.10714170423212493,0.11558757889698322,-0.23489775686327918,-0.08620929389893751,0.10545001286233377,0.2004101785419189,0.32441381504914496,-0.19648004372891184,-0.07326654376073827,0.14322337423292614,-0.04370207708580368,-0.08015931993035853,-0.2767271664391125,0.08222812108506766,0.08669364905727737,-0.17269302003348241,-0.0035441625828019374,0.17403373846180073,-0.0009786695307102814,-0.06890146057678789,0.13863148277910944,0.3416586392371821,-0.008463655246772245,-0.13341129296330495,0.2682860473062738,0.32125802271240034,-0.0910548506604053,0.19012106700825457,0.1277008687584913,-0.25697627445122256,-0.0027382635471474314,-0.0045438617356873675,-0.015684885523105555,-0.23339729481535207,-0.024093761547025316,-0.17937129248136757,0.011469678339706985,-0.20978968748568613,0.2589715811269093,0.0048104504224727946,0.03788990993284869,-5.732806638991785e-05,0.02534452073282565,0.0021101541348952845,0.037043339693445886,-0.04642902871487758,-0.11629914077723771,-0.02570523408625796,-0.10240866259407656,0.01942661335038582,-0.09422873608762578,0.1138978211933349,-0.2038553821516322,-0.19389224198990565,0.20403115233390606,0.1533723850419667,-0.22535893001502488,0.13665201199838664,0.011044353677877781,0.199068607987609,-0.24945659719567417,0.14727441412549622,0.2921507545442372,-0.3883314204523444,-0.19093093449671142,0.23746232620715146,-0.032386366990318036,0.01566063280108814,0.1968545348452364,0.018494531117187376,0.15546292176534926,-0.007996267361446428,0.17593214252700892,-0.21569286588583683,-0.12489563286259572,-0.01919929656379499,-0.08157154358795347,0.011928594178518163,-0.11575258588231895,0.14801086993772236,-0.09383927486898307,0.21448122649958384,0.08617142122313526,-0.05193054326371156,0.1403208920598573,0.09425872550820694,0.00428405726609192,0.07898681960658013,-0.08963620288666269,0.07676485664403551,-0.23269677648291878,0.3458226976598273,-0.07490339129761006,0.08871788219406111,0.06850696880534576,-0.07781465074306976,-0.019777190427526403,-0.0772328616895177,0.015738154223689405,-0.05858248427541565,0.06832775420334267,-0.15670402172031575,-0.19835380482025158,0.15809707746137674,0.1377894852980594,-0.2128545377634992,0.10511926722861134,0.00848791248659766,0.1529943225895113,-0.19169781606738573,0.11679763205496632,0.28608924797016827,-0.38543429559505776,-0.14689099822775867,0.18187263781868568,-0.03925612335286627,0.062328142831995594,0.21062916202228818,-0.066243002768543,-0.10794906031391474,0.1905143990649034,-0.008329122878709773,-0.0042301874098929415,-0.07435960342194815,0.10315000448142007,-0.02314760032471657,-0.2657133871245205,0.3740399727508691,0.07170370327806362,-0.09669876473547573,0.04863981129139846,0.2652895348785545,-0.006767976393877838,-0.10702212362569079,0.21316737064986516,0.2590810741870365,0.09780133832258618,-0.09052430264653358,0.10202245487766803,-0.20586927807465574,-0.042067060927999556,0.01890952792579282,0.33080120932782003,-0.4675273898986146,-0.000810876088714785,-0.003266921215882271,-0.07719961471324713,0.31608844108840933,-0.4501335742949819,-0.059479374686765105,0.07391187087774982
0.2793142568600348,-0.04026687282123735,0.12312939557320515,-0.13998594854596624,-0.24611987646103597,-0.3563707673882697,0.24034472570662607,0.069010756100816,-0.12525944563904798,-0.2433021473235482,0.15261409017289992,-0.0662329087525229,-0.1256943607732854,0.22471221413137568,0.11371211087412958,-0.12735345221864963,0.23487545326873108,0.08525291350889712,-0.11238914230851242,-0.1962670155782361,-0.34281898880906814,0.19296385856349807,0.07847286657683049,-0.14297011742637591,0.047289423393803,0.07906753704183177,0.29377619479771244,-0.0811941660810083,-0.0938475810185683,0.1719798676506433,0.004633522880107684,-0.19712572348617877,2.2647787661143174e-06,0.08019095470813345,-0.1474166088486594,-0.3583774752916181,0.00795937166778649,0.14327402851322063,-0.2633303588563446,-0.33844340329988226,0.10696728491515023,-0.19889932857765005,-0.13768036663376335,0.2531005511725717,0.0009190715767817124,0.005581245474580941,0.015118369699484923,0.21442470947932354,0.016202290980589423,0.15973984891789705,-0.0075590536238499505,0.20810473049242229,-0.2641315036263459,-0.004639880779282477,-0.028114986512996796,0.0025821806036056103,-0.015907642875273777,-0.003712819651338767,-0.03138004047825403,0.04058100544579667,0.10210128375685044,0.020464081004411213,0.0897068998172787,-0.016341314523917693,0.08800295349693145,-0.10965653572484226,0.18082174001242565,0.19352167913103863,-0.18072005081423775,-0.15727571487610612,0.22853620160422894,-0.12008384172163565,-0.007281052748064705,-0.187376195899353,0.24000745175670646,-0.12780874429126676,-0.3049833947382601,0.40863532296475,0.18093788316636514,-0.2306701325608234,0.028065765382584814,-0.016218679858940332,-0.18545537458641556,-0.011601703190238347,-0.14363471000039635,0.004312271015936101,-0.17872892518745595,0.22538364190621002,0.12074416081621,0.01565617079912079,0.07511707283974109,-0.010285045436529494,0.12059925281509887,-0.15703145102888355,0.09265138207703358,-0.2103862750498389,-0.0855023603091958,0.04841981759018115,-0.11767714051593281,-0.08491958536828684,-0.003194488906973353,-0.08626188170189378,0.10523744974848173,-0.07111333059405955,0.24025660820590589,-0.3468227705610404,0.08127532360103515,-0.10117462315461435,-0.05456446887669612,0.07247537566797206,0.017148516513575934,0.07318204600110377,-0.014374113639387748,0.05739544617068739,-0.06944379961985471,0.14424396910677859,0.19496187207573595,-0.14509338540159294,-0.14237607787057813,0.21308998484602487,-0.09952017265545618,-0.005722731452028465,-0.14791900542784947,0.18862994893139653,-0.10784113401711938,-0.29816052852541736,0.4019745186942145,0.14314143829911133,-0.18128661657138512,0.03233179422446061,-0.057704843034467504,-0.2091518352653104,0.061051686432065023,0.1116188978538542,-0.18472404178846877,0.00877973754090083,0.003000879673088346,0.07210854275787075,-0.09899896029121942,0.020165677838247346,0.278340912811833,-0.3869284043512054,-0.07048616798758195,0.09513445613892761,-0.03933858078378635,-0.26103550984641016,0.005984743613778652,0.10878955170236529,-0.19798455291897554,-0.2544836310462137,-0.11061396544693072,0.11802652037176077,-0.10352294187754198,0.1903092398542263,0.034707171682129834,-0.014485450261629193,-0.3427447835254994,0.47795808870306017,0.001821108608826187,2.849717597273456e-05,0.060763099006776476,-0.3280038182903641,0.45941198835831076,0.04756389405065838,-0.058402486235983396
-0.28256645638965333,0.04110221674887841,-0.12464016906063906,0.13497220458791656,0.25132786715526845,0.34212289383445244,-0.24450701563693344,-0.06524358651449869,0.12392444515960234,0.24557621038244123,-0.15328204612340776,0.062433253423349024,0.12694475911774777,-0.21653901238995898,-0.11460735617452232,0.11911942205315006,-0.2381428230477738,-0.08602729710543505,0.1082216827355863,0.1999615768164107,0.3288340674331422,-0.1958282332041287,-0.07402982399076151,0.14234206727877546,-0.04567819051222574,-0.08034086486291321,-0.2811046906274721,0.08208283352355186,0.08793589889600216,-0.172269401209105,-0.005106046892417268,0.17902547195658988,0.000719968875356717,-0.07131483556941373,0.1411337659575285,0.346300823305866,-0.007909154694218908,-0.13526149615842,0.2674892398773962,0.32613605031200593,-0.0942280974758253,0.19336914756020956,0.12953741861669438,-0.25632994414603233,-0.0027444290541899317,-0.004156132920848003,-0.01625344283774399,-0.22995057624571585,-0.021475341335889908,-0.17512404159581874,0.009757709471776524,-0.2102071107819346,0.2613140708688755,0.004197503325341185,0.03146345152601486,-0.0005728489160915148,0.02044148540265763,0.002176975198135878,0.03153643698958171,-0.03983358177195906,-0.10919499117143332,-0.023929355888429902,-0.09692645545916938,0.018368363416540166,-0.08896957283209411,0.10813750321192966,-0.19427080771002553,-0.19476649605450394,0.1943171538626748,0.15350342015765375,-0.22566951019289946,0.1297618493237153,0.009903819956964424,0.19192664903326861,-0.2418433834006232,0.13972189579625374,0.2949479094892737,-0.39319485134137844,-0.18414691520675347,0.23039656998292327,-0.03185350624085811,0.016380286304920104,0.19892987620674774,0.016796875715827664,0.15538384832010696,-0.006794641984949135,0.1809372215053695,-0.22360320762817962,-0.1283310503773533,-0.018951554673038613,-0.08254294320421034,0.011885507673451503,-0.1208815696101198,0.1554515592065612,-0.09856175229843366,0.21491168882580008,0.09111068020949026,-0.05049313392197248,0.1360614146144681,0.09513276566221192,0.004326564556304862,0.0853836690419299,-0.09929789164426629,0.07850694121849339,-0.23491363991569367,0.34784463001925225,-0.08114533053896296,0.09776385586016162,0.06699922535731996,-0.07690525756457713,-0.019221803645122812,-0.07636590135086979,0.015442241760017498,-0.058445850180075275,0.06883555917233017,-0.15457745482923804,-0.19789791004681961,0.15563705678316458,0.13970438850519523,-0.2138432103646896,0.1040304935087175,0.00786165388968184,0.1523924561403978,-0.19180584274999266,0.114808493381401,0.28912149645617047,-0.3894758791909679,-0.1463318556081767,0.18224478831015947,-0.03746972085748123,0.06161553221713184,0.2107490651781529,-0.0651796346203568,-0.10964465873411967,0.19055238288237838,-0.00850850158297354,-0.003918954349917837,-0.07423081914598914,0.10277710981079917,-0.022405016079405735,-0.26903910261478603,0.37785107468825996,0.07155087521889851,-0.09660240138873766,0.046674892469650155,0.2650464961198687,-0.006314808054624811,-0.10845333981126637,0.211676544042449,0.2587788063571063,0.10069689267958823,-0.09566756012762086,0.1034895562642234,-0.2043916139805977,-0.041274659318059674,0.017729858591153135,0.33428898836141213,-0.47133834605859204,-0.0007097185604744616,-0.002929991605854212,-0.07411122291438946,0.3196479295481705,-0.45379284024247685,-0.05841124173083978,0.07098933955194424
1.0062687569042648,-0.2958134180363205,0.7905034445628922,-0.35922350649135915,-0.763753165882873,0.2626696475687203,0.6539065809346503,-0.18803518107911604,0.3923022582855304,-0.9880067805168886,0.24174075591024582,-0.49989886448676,-0.6333470724867738,-0.5715329862180897,0.8706983187969582,-0.15705340486734937,0.22337892105219406,0.7050925501735541,-0.20574867990054166,-0.563707002056783,0.42591655168354864,0.3860796505512547,-0.13845359742903135,0.319515841904516,-0.30641199003185027,-0.3140639839872485,-0.5120866069914967,0.5269110715962854,-0.0782052410712695,0.08123710639963592,-0.15332502684763263,0.33451932163238757,0.014023941435577345,-0.037347178320206516,0.11514666768783145,0.5991154707059008,-0.24928606505383244,0.000853155494746038,0.07737210177279165,0.5986822082200759,-0.1477949802592647,0.2811262316395301,0.06064350166952457,-0.19429001336861582,0.019487149329681104,0.15371787070301227,0.20127762723113699,0.770876920448174,-0.18601288319903547,0.42313437124410164,-0.004661022144726178,0.763368813418842,-0.9579537537114468,-0.1799272092319496,-0.17174006746510492,0.17135344409436126,-0.16451454189856288,-0.09852073184979038,-0.19568367686661137,0.22168203559925745,0.6774378229507134,0.006640969493895275,0.2798652473714215,-0.1344584318787652,0.6372978860398782,-0.831017960170592,0.6514958197355909,-0.352277439934499,-0.499277294664962,-0.1284627388948926,0.041442953909319666,-0.2726014052173408,0.1244149915445238,-0.6141523424234349,0.7996009821382478,-0.2761833328456099,0.2783331623700688,-0.4150202830072956,0.4951912212447494,-0.6206927622310087,-0.11859883460116284,-0.23455317787813293,-0.6805222070470839,0.27938734193408293,-0.32814771592114456,-0.128431663231424,-0.7255235181464934,0.9064451874572257,0.2851830833396738,0.08199767746361203,0.21597175169688299,-0.17528006255584552,0.2148021482247149,-0.27481489597555814,0.5775994394307461,0.2276302380139349,-0.6647043291037418,-0.2589152809674576,0.3047717986404777,-0.3719716142805534,0.16388578923336605,-0.5094974442408373,0.644230041123442,-0.3634798906879319,-0.367531796313065,0.4501609208284521,0.6597958135064996,-0.8278579087627962,-0.01994556925557327,0.5345005272688406,-0.06556095156761158,0.1330703713140631,-6.720840047702179e-17,0.5506399041126209,-0.7227391744662888,0.44645312021104683,-0.36169957350471527,-0.2926704823879095,-0.05572305725535828,-0.03131327214339532,-0.06678443226732926,0.03589847781656593,-0.45309898548343636,0.6075243538428169,-0.07286385658593811,0.35874825331283694,-0.49687756393401206,0.30150774066049796,-0.39574221547081206,-0.10760620548656273,0.2665692987811125,0.33036259438326415,-0.3994287636746153,-0.18000747021234878,0.2524983032000122,-0.10688738121881798,0.04899327221207977,-0.25253900641319205,0.3294777777151594,-0.0994426220069265,-0.3851530123758231,0.5095711188421427,0.41148961489983304,-0.5400982790257968,0.01672064027566616,0.45633147265226864,-0.18766913681648215,-0.12256459460169851,0.22652140855335254,0.4511886911692369,0.15625323962180004,-0.15151303061943386,0.05692320160704827,-0.16165787940384793,-0.03686918778058859,-0.00861955783801154,0.4814586894763888,-0.6548517044513827,-0.20031795910896366,0.27359052789879007,-0.06310997278522813,0.4789841658801441,-0.650333532874997,-0.0643730202543842,0.08956895088795394
-1.0078716950966906,0.30808761427239767,-0.783375545013757,0.34421235256727545,0.7675385989403799,-0.26349873019247194,-0.6689570370017002,0.17572952386198942,-0.4147166843153029,0.9921760004434614,-0.23067503121571872,0.4675539550760991,0.6160748449354334,0.5494954573663179,-0.8624535209816441,0.1419869985350026,-0.23413892066874287,-0.7006628904185637,0.19592935655512206,0.5672630265089449,-0.4273657677393988,-0.39490331128170836,0.12959008685757864,-0.3366863474139228,0.284628629421192,0.30317944103133615,0.48740716065277145,-0.5172417423684815,0.07014060351506876,-0.08706854346105895,0.14565855613329212,-0.30990353145510924,-0.015782120945053,0.0330293580696497,-0.11242395021902557,-0.5795320135059675,0.2478874697261845,-0.0007123553156079782,-0.07519395397537884,-0.5901983987925061,0.1329295877212522,-0.28731855832338754,-0.05613347913003251,0.19947478132218027,-0.017600708788570434,-0.162037803854268,-0.20327255961137125,-0.8165123890922067,0.18517062008507038,-0.4487220056634452,0.0050519431816780785,-0.7716658634034392,0.9616152446120523,0.18808168913474127,0.19425284117238648,-0.18000212170223343,0.179529248251975,0.10600544548091621,0.2076314572286769,-0.22727294250519134,-0.704062597673921,-0.010875789280308867,-0.29562868553135935,0.13884523060375736,-0.6352248600110497,0.8310645019110892,-0.6850502829538039,0.3667189352855876,0.5402203176094414,0.12117771485154165,0.007561939809694502,0.29331038634923545,-0.12675100547516818,0.6199432761008635,-0.8085058516157252,0.2991520899200665,-0.2799827407736122,0.43604448899112513,-0.5112987461349348,0.6361763732080763,0.14985887581790197,0.23719311874751164,0.7286270504775724,-0.28133467930323686,0.3533903863789141,0.13368532754841916,0.7368210579032684,-0.9089968646999096,-0.28117657378940236,-0.08187239752370487,-0.21352550312132915,0.1751001568607215,-0.20525043887912053,0.2673104578569686,-0.5850050181496024,-0.2370024888822258,0.6963603921975038,0.24294886365883453,-0.2564112898917526,0.3752429564919884,-0.16154182043119947,0.49777739581510444,-0.6308170126527913,0.38122496719219584,0.35750006428102094,-0.4200335465533213,-0.659616332018057,0.8216974452705519,0.04379540596384412,-0.5613873245385069,0.06306329032329992,-0.14739250919694427,0.0,-0.551314533679298,0.722412208181316,-0.47213892326899953,0.38363134128310133,0.31640567297548683,0.05033586076538814,0.06774968293019867,0.08086517802130087,-0.03554334403826312,0.4580130225137222,-0.6151749869574353,0.08307246000315763,-0.36353226423704105,0.5114575046458322,-0.3107285085094573,0.40716152806481515,0.1313079614656633,-0.2685324365256099,-0.3306469875430337,0.4144260554664366,0.16776092463247608,-0.22370247114569236,0.10764645717626024,-0.04655443668042283,0.24486886881331804,-0.3204270718131183,0.1088077580697144,0.3687600063765469,-0.4842209238668656,-0.406990143038681,0.5332974735464399,-0.003808214861397372,-0.4615864308943281,0.19719270540871642,0.11701306409197286,-0.22054582616771012,-0.4695606662455802,-0.1442885254413241,0.11296665904994149,-0.057393558107689154,0.17609582629294887,0.04030373487857057,0.0009749293409368582,-0.46781755906620126,0.6391993737997954,0.20010183011763524,-0.27353592298512824,0.06148476399326759,-0.4762041973539755,0.6504805996006032,0.0853173875576912,-0.09908022300527398
1.005189982485656,-0.29035388128982603,0.788638959951504,-0.35732666007129393,-0.7606898841602036,0.2670832734176661,0.6504150656734844,-0.18850125044238497,0.4071443564802499,-0.9853325900952522,0.24094439745886803,-0.5025483903821639,-0.6318625985199854,-0.5690524710649428,0.8679119555607095,-0.15881198662584659,0.21480637849796697,0.7034615748291255,-0.20510424037941496,-0.5631460577202436,0.4261805774662434,0.3868657300190337,-0.13890384012498755,0.3370534361602513,-0.3086315905598985,-0.31340095128884277,-0.5104797861739274,0.5250304171963208,-0.07941483813334291,0.07093736360399007,-0.15569407538720964,0.3358170036775283,0.01665054796574661,-0.03778712869841701,0.1271935628481726,0.5985260497430042,-0.24795202475796016,0.0016910054919885133,0.09337364430331065,0.598817215607732,-0.14891028583365387,0.2875652343258287,0.059997394758123226,-0.2125490241378232,0.0240433485881941,0.1489369333963332,0.20212806203633008,0.7632706719607081,-0.18949566071199783,0.4172564371142461,-7.356650211492628e-17,0.7614861528592594,-0.9628666206198183,-0.1752366603836538,-0.167529987406252,0.1674465743993256,-0.16009967520330276,-0.096370663261724,-0.19202903452296902,0.21780283565521394,0.6706898655551653,0.004290841922283907,0.27365937079913394,-0.13078834751090426,0.635341628129343,-0.837303837748925,0.6449767127341467,-0.35113131327220076,-0.4938795181805869,-0.1275597945018068,0.03312465072740428,-0.26541413474137804,0.12261446567748015,-0.6117997524060107,0.8054148977245253,-0.2699886366527924,0.28057738281635786,-0.4248442383198567,0.49272483286856844,-0.6230294443808603,-0.12786958676268856,-0.23383528553727517,-0.6737308009430638,0.2793739818597688,-0.32469825766328325,-0.12859673034104396,-0.7229122511218616,0.9120179009913788,0.2840109127182789,0.081635557606577,0.21444411281003167,-0.17452358723456635,0.21446312151428937,-0.2739936922732566,0.5745311229687355,0.2234896039918354,-0.6590313802028046,-0.260117105448903,0.31827979492640773,-0.36956368155384567,0.16361638329515052,-0.508609129144981,0.6457528356445611,-0.360272044704034,-0.36516505302618274,0.45592603745901567,0.6574905715098608,-0.831368662846979,-0.010602296164297677,0.5296732738799085,-0.06581071476879083,0.13067332995184863,4.14677605388911e-17,0.5490751196030195,-0.7311079960523393,0.4432103811817409,-0.3589934757552898,-0.29129158592762744,-0.05550265282564179,-0.040620337855386955,-0.0647383223440354,0.03619232538506027,-0.4525490252638119,0.6168102549154907,-0.07186324739644744,0.3584505364607054,-0.5055399406981549,0.30196154926032426,-0.4020697629209448,-0.11871856340530107,0.2648493963959164,0.32703645821926297,-0.3953230566011511,-0.18110159069052387,0.2673485017541173,-0.10597335829782031,0.0491180019881531,-0.2520493206988502,0.33235415895611015,-0.09752838732906867,-0.3836945157487323,0.5173647644693495,0.4098036757548809,-0.5456643972006086,0.027166916350687187,0.4531570130268023,-0.18513843671904673,-0.12378623611314976,0.2440181706478013,0.4477880580398537,0.1570131713451908,-0.15611895207220272,0.05817150443716638,-0.17734427962433402,-0.041903112674972445,-0.00996198297437682,0.4807862966201807,-0.6662958095061184,-0.1991477062796421,0.277581204328414,-0.07688801270962628,0.47854169394172325,-0.6618336522215962,-0.06522543943019761,0.10354624674091271
-1.011246007994891,0.3009746845672437,-0.7829168467691427,0.340220240644502,0.7640831381101441,-0.26748370862599685,-0.663328798236321,0.17447587648856022,-0.42622803100525536,0.994286062930974,-0.23137359316968797,0.46771031837212296,0.6179250284413742,0.5504652996933195,-0.8645620835575498,0.1421450183103439,-0.23357658058312503,-0.700923127855322,0.19531081111566015,0.567356924117548,-0.42683129532859304,-0.39488638341463866,0.12924340786336222,-0.3495607897594003,0.28426347875953467,0.30358117731495626,0.4873761869756281,-0.5175827134605735,0.07012993722022769,-0.08331615476335937,0.14550264203606567,-0.3089103193280623,-0.01592510938102716,0.032873855760056865,-0.11855054722380273,-0.579370526299962,0.24792171380398903,-0.0007887306446288479,-0.08396081747585123,-0.5897632756506973,0.13257346999738973,-0.29379762045899266,-0.05592738333626609,0.21118750568482927,-0.019612154204204753,-0.15741223224950066,-0.2063222580506994,-0.8164309231329985,0.18967446635883048,-0.448532497693625,7.263275398272635e-17,-0.7731018048161054,0.967945800110789,0.18327732676954914,0.19003309828201104,-0.17539079875193594,0.17513259214525836,0.10325486184394948,0.20293720126327405,-0.2217399863988578,-0.7015034191680266,-0.00904628864465205,-0.29268427630102956,0.13533748899888462,-0.634141127876663,0.8363557401276334,-0.6806970696984145,0.36685613839341785,0.5355394620133995,0.11923644713349421,0.018463352761485103,0.2887341817722006,-0.12441733745420548,0.6168703430581198,-0.8113116218120363,0.2942157697660359,-0.28188021145474007,0.4450814659717188,-0.507117642046196,0.6349259421240926,0.15884806159495735,0.23887795603333267,0.7299337224772097,-0.2826806081054929,0.3553236668298325,0.1345791690796575,0.738009326335782,-0.9153531390520053,-0.2822256928619856,-0.08267624662949834,-0.21493466232514175,0.17639466548629612,-0.20588760990765084,0.2691225904945064,-0.5866087991994562,-0.2369686639949448,0.6980054451678439,0.24280551003962322,-0.2591051959241654,0.37732526541111017,-0.16216168027996344,0.49906771570187497,-0.6352771177935155,0.38347166533509974,0.357785399125083,-0.42329352548144,-0.6609613307638302,0.8275426860511188,0.04251171543970837,-0.5614912006214887,0.06296810945758424,-0.14793930443179318,-4.054686189620141e-17,-0.5513113649476071,0.729261506639443,-0.4720407415412768,0.38314638417348656,0.316333162255604,0.05008827960779392,0.07681677064897359,0.08140354730328671,-0.035475001503010695,0.45786552126294766,-0.6216983432823446,0.08334611110736014,-0.36300289401233843,0.5178676507885939,-0.31059804190750756,0.410851671853809,0.14047844889074776,-0.2687280332128846,-0.3304266756967773,0.414621985853336,0.16740829224656317,-0.22901387991670955,0.10785882544692645,-0.046497545393117644,0.24508208671422935,-0.32333977650625517,0.10924283073604382,0.3685440620895136,-0.48949584454463835,-0.4071048890972451,0.5385086244531787,-0.007432941596491963,-0.46115954619749994,0.197172958375882,0.11676658418446781,-0.22929424584194485,-0.4690827382580085,-0.14371086401316416,0.11106768865353348,-0.05732786636651894,0.1857457547194982,0.043332247441534216,0.0006547260081722373,-0.4674475119324238,0.6469091838355385,0.2000272133436593,-0.27691744329405293,0.06862191036949297,-0.4756827695279531,0.6581814314915343,0.08901379873484512,-0.10792108460771245
0.27461600795472824,0.03610906875214026,0.0530914851825887,-0.0857984816658107,-0.15462921350502962,-0.3365367269768066,0.1546556352959568,0.09001764906437522,-0.14063442630108966,-0.30014522608665767,0.2058239180911487,-0.10842831744956939,-0.19661033683774365,0.20438969419276456,0.18005384268054,-0.14152504753453443,0.24322807173627897,0.08509069084000705,-0.10803175848304107,-0.19485621692580354,-0.3409472418684247,0.19270809302072273,0.07977695882263912,-0.12172637990733202,0.04334328265176782,0.07788349976130683,0.2917479601620836,-0.08110416816786312,-0.0948289955340902,0.1524283617627568,0.0003739145883962623,-0.1967344762540766,0.004809275355016766,0.07975899361471883,-0.13151947601955657,-0.3560288332749359,0.009341452766169349,0.14413692555730737,-0.2376421820672752,-0.33575882770036664,0.10643842919422454,-0.19340078599900204,-0.13872341253366854,0.22918678810320794,0.007252036586431079,-0.0012821583536300359,0.02102606133298281,0.2073966438538009,0.008224234094249529,0.1570535592538137,0.0,0.20257842135506363,-0.2564819388062727,0.0030125817924979074,0.026869855427728375,0.00035944844318220486,0.01907960294117831,0.0007220737647725109,0.027057180972337856,-0.03438124250966585,0.0466651601168765,0.013429224891320249,0.05613018953634121,-0.011841257534266835,0.03227223609945967,-0.038817908177285254,0.11421021432121194,0.20509230763280495,-0.11679967221265045,-0.13127522879156048,0.18634335751420703,-0.07835417782768221,-0.0046316460505773155,-0.11676256029120287,0.14863012256080305,-0.0884479319424596,-0.2997373375034715,0.3947429366047867,0.11408619142509804,-0.1444430624545456,0.01966964325811133,-0.022019739932784627,-0.22718316858784898,-0.009906742901321116,-0.17069950308167373,0.0008406557950332568,-0.22207155385454308,0.2814609643109707,0.16374504394253536,0.021217572598996506,0.10206203519815994,-0.013785879299739765,0.16266786144891268,-0.21085531885124922,0.1452376517997365,-0.21637045209337094,-0.1359810120431156,0.02689785841621565,-0.08242338404358307,-0.11856301502758636,-0.005392274699507155,-0.14079687788603976,0.1763430913657084,-0.10297322818474153,0.23171247191157288,-0.32999569140246704,0.1328219118790403,-0.16816411761341152,-0.047244661070170044,0.07233166514656378,0.017103902951826476,0.07340615916925242,-0.014376087635561514,0.057104203424995975,-0.070863444828056,0.14392302848523117,0.19662650646931404,-0.1455602617132394,-0.1403146180490567,0.1934427155944812,-0.0995657439671431,-0.005814860184047502,-0.1468034433395073,0.18674403520844943,-0.10864259568253902,-0.2976311573476147,0.38895162038612435,0.14280437233350157,-0.18105280696061687,0.015252171859536203,-0.05749282179746734,-0.2106100171413513,0.06162005094014959,0.10969734395929712,-0.16566855200681366,0.008544998000996937,0.003144148916383893,0.07132885031885186,-0.09550061134568527,0.02067618934181179,0.27759872405282077,-0.37446453600924107,-0.07045023149635292,0.09329627195132262,-0.02332089286289324,-0.26277590541704604,0.006910862044108659,0.1067428851899008,-0.17588357917813477,-0.256323614728548,-0.11035635063343904,0.11289861802222784,-0.10121957194400126,0.16859570112373867,0.028003883008689223,-0.01539774623933789,-0.3418795660213615,0.462634875366318,0.002736486270776017,-0.0018608824877704264,0.04090184873143366,-0.32701844160745164,0.4446597152690392,0.04740528233576765,-0.03950333414910036
-0.2754092392950607,-0.037009115939892624,-0.05277986441943048,0.08579178217203962,0.15663710512240822,0.32776124178159577,-0.15547443558070134,-0.0856116738125176,0.1458600418203581,0.3012605210041956,-0.20553563226042557,0.10127332306554386,0.19636813595533528,-0.20262076647468807,-0.18017963451141875,0.13387268812369532,-0.25382378392774024,-0.08535364157645106,0.10745359605845572,0.19772752412963032,0.3312986421928308,-0.19428033201235995,-0.07565798327673992,0.12544269913834524,-0.044617515237422405,-0.07926467136917707,-0.2834360635211181,0.08149937087880252,0.08954685724301613,-0.15749733353259465,-0.0035714567776086617,0.183641866618912,-0.0010438313104234437,-0.07318329352377682,0.13270333998955958,0.3489345333196309,-0.008378109455274764,-0.13718071050170638,0.2483594501889849,0.3288134061427693,-0.09633509609517739,0.19476225735739353,0.13158331512737645,-0.23871428110550943,-0.008001195285949933,0.003482353772179185,-0.022896872153748568,-0.218118256083403,-0.010142163044609043,-0.16669060373365838,1.3599258090667862e-17,-0.2033724108455829,0.25434234670289235,-0.0037442140967911307,-0.02822565616036137,0.0006176747240667645,-0.018255347191133798,-0.0019658635585636055,-0.028411404378558824,0.036022472193702346,-0.04893305499196361,-0.014966098346901775,-0.05919414598003634,0.012925776505463017,-0.031857060218408936,0.03661611306508607,-0.12089390337738415,-0.20765471285521309,0.12313244407201025,0.13115446183247237,-0.19474735595963924,0.08273406413095205,0.005725469047313557,0.11881937343389809,-0.15002686667003753,0.0941004288688062,0.2938472787785451,-0.3909711311800877,-0.11480809746919256,0.14358172187367294,-0.02864549623897448,0.02244723476201948,0.239872450088844,0.01357709222638754,0.17977501794631628,-0.002278243211871644,0.2241546822020727,-0.28142560609426404,-0.17119947073361053,-0.023894594149221387,-0.10755440492999935,0.014979708257707273,-0.16290500270491637,0.21091589345018497,-0.1517899142284727,0.22176670524918776,0.1426984358330509,-0.031240336840467026,0.10749641708352652,0.12631288650773226,0.0066352575360591635,0.1400755569822707,-0.17200007681880042,0.10905317531864277,-0.23064873616701115,0.34074775872078233,-0.1330513338973534,0.16639714479805975,0.06380055097462695,-0.07596754845078747,-0.018579568268469654,-0.07561956929468841,0.015121505339198323,-0.0578705295735789,0.07038711386936156,-0.1525937687619965,-0.19966753245194974,0.15387908665743125,0.14019258929960243,-0.20026003003888954,0.10306161881371621,0.007260462102918644,0.15053006480679623,-0.19036259787331736,0.11342996811382494,0.2916530744326986,-0.3843430406353906,-0.14512758997239794,0.18243760909448412,-0.022659705087294542,0.06083593501631162,0.2127382647959299,-0.06463254887746599,-0.10995072123390989,0.17697176315625573,-0.008527352832782786,-0.00369781497229415,-0.073234490532951,0.0996494555224367,-0.021990477982195836,-0.2715067505569812,0.37327202936038983,0.07112168761002638,-0.09511137566378891,0.032939534958586855,0.26742435382319896,-0.006596844466690332,-0.10858646681387553,0.19510675851623283,0.2610449953678242,0.10360659446391927,-0.09566527002094355,0.10344038133237096,-0.18809264469295148,-0.03674457093346114,0.017179638968214134,0.3371468099936881,-0.46538999382944357,-0.001341047537913874,-0.0010535998756002855,-0.05700515268540094,0.3224484319871328,-0.4481425579583317,-0.05969625247392956,0.054757384806171164
1.0003020511030956,-0.3004585611405931,0.7839833437691596,-0.3570639250309596,-0.7609189653961272,0.2656696453081759,0.6569437821989211,-0.18548101363931122,0.41756352617897885,-0.9823737276820764,0.23395436566493324,-0.4896386480092131,-0.6187939064446876,-0.5628279642172069,0.8591945875031404,-0.15138728862036205,0.2384795169424775,0.6996597147902779,-0.20359260002436427,-0.5614152976173045,0.42996348914557175,0.38709502021747744,-0.13668478208004692,0.3384479966437485,-0.30024119223911344,-0.30701106897477215,-0.5032503153854015,0.5197423910546617,-0.07526828497935828,0.08924620230714778,-0.15158056736316836,0.3309477248410076,0.01487318109395502,-0.03675263210208141,0.11926678339377976,0.5924822699489838,-0.247189983288297,0.0004188115274571027,0.07689895084014271,0.5978276783431302,-0.14456924128069304,0.29828310131026065,0.059893254216887834,-0.20203965949252298,0.018974656204451747,0.15509520021058948,0.19954029857384076,0.7785407453195186,-0.18554318481498336,0.4246461717027423,-0.004814475117980018,0.7619375257541406,-0.9671487659875202,-0.1814908251587649,-0.17848641916757482,0.17371044818860548,-0.16874169595721294,-0.1004119476211052,-0.2001029963906682,0.2257578375402806,0.681405799613326,0.0063693072445322125,0.27981920556378087,-0.13482050406571527,0.6341657155713646,-0.8412951600372934,0.6584583082216997,-0.3583522317976401,-0.5095845058814596,-0.12761733001747627,0.020237602792476942,-0.27374544841766896,0.125516954484728,-0.6140019918077465,0.8131522913625966,-0.2801630984586945,0.2811025672390518,-0.43412769370597737,0.4995062498294248,-0.6331607721602283,-0.13872768367672683,-0.23223819831174175,-0.6886693566492421,0.2781606961767132,-0.3297697195396052,-0.12848853259716572,-0.7248090362291133,0.9128387860776788,0.27976114606980873,0.08004150611558979,0.21159077453151373,-0.17251820268221707,0.20840352677055993,-0.2737722568525012,0.5724324794208988,0.23019179566770784,-0.6663593668597315,-0.25513582340644564,0.2878004628907854,-0.3670864775530392,0.1623478306655265,-0.4994203272385809,0.6425199382491136,-0.3620346181457287,-0.36444363332234275,0.44293516810067296,0.6537262890625174,-0.8295702587346053,-0.03528180679815172,0.5386098684924433,-0.06538830825732315,0.1332208284614331,1.0246525600196711e-17,0.5485316798565404,-0.7301468447978547,0.45121419546534125,-0.36975882378287006,-0.29799228614428774,-0.05439389690755672,-0.048078995718543384,-0.06671475419425285,0.03617685565109632,-0.45292255115603247,0.6175089703994799,-0.07370600049786388,0.36311631142137085,-0.5131420316082163,0.3034816457420893,-0.40396238581990224,-0.12270177053309511,0.2644020388845094,0.3302422605386502,-0.40010647315861325,-0.17744563798972146,0.24462073531693093,-0.10548978903378568,0.048573720856384325,-0.2477303745742583,0.3287295476003553,-0.09896312515803907,-0.3802154561444291,0.5081858643531578,0.4074768931684531,-0.5423897630721887,0.00857921556976744,0.45817018446403335,-0.18890101780554455,-0.12195122551872833,0.2285300362583286,0.45738587336311953,0.1551684414856033,-0.1384544983215723,0.057767380246746415,-0.17105481157116229,-0.040543785780576075,-0.008804403090539713,0.4779361044322784,-0.660818137079214,-0.19939386589940386,0.2768431764815077,-0.062498989642368656,0.4800997435060344,-0.6623475299469426,-0.07937163547559135,0.09589559297129455
-1.0081231422038557,0.2955299462738931,-0.7916521474833634,0.35922668490762144,0.7644667737824444,-0.2626043025932778,-0.653603538011466,0.188368319476997,-0.3996628858574013,0.9886800570503684,-0.2421379758926589,0.49895305512036575,0.6341416645402846,0.5724515008489126,-0.8714638274148986,0.15700893588316553,-0.22710774642644974,-0.7054015899058409,0.20603107007493404,0.5638251694352752,-0.4253529952922877,-0.38552941489298764,0.138708410319034,-0.32537848895476146,0.30553294762771804,0.31435958568346684,0.5126049711923569,-0.5273502317727723,0.07805131572866203,-0.08234784965474898,0.15239450218977943,-0.3339543155918722,-0.012959151359802624,0.03728229953196894,-0.11688041878849298,-0.5992804413180127,0.24969956003356536,-0.0005712744660938062,-0.07918334391813284,-0.5981476386011237,0.14786184649986267,-0.2861030345717449,-0.06103875418231462,0.19824296580865833,-0.019809821885696754,-0.15362682791612292,-0.20135445121609377,-0.770269786014728,0.1858238968758175,-0.4235427852513413,0.004801632989083687,-0.7641536189684442,0.9646905212016177,0.17966582731629369,0.1710613764853754,-0.1709703155775109,0.1641789932653745,0.09819436512860877,0.19530535736654037,-0.22189352386311742,-0.676621330952373,-0.006765939999673835,-0.2801463416882316,0.13431613570582046,-0.6376925855039485,0.837371138980024,-0.6503159517545508,0.3515681922077946,0.49768342939229343,0.1283672011375444,-0.038382545450810664,0.2727704783708643,-0.12411762024590264,0.6141842806887433,-0.805200011135166,0.2758492299006079,-0.27819227545421077,0.41920098416972223,-0.4945318806145697,0.6235409911055739,0.12269007933968977,0.2343701970312625,0.6793791077415033,-0.27887620228881577,0.3281388781048665,0.1280924316344083,0.7254894052167838,-0.9114763845715594,-0.28466560627293064,-0.08202591641136156,-0.21606631313887115,0.1752125023443234,-0.2148994003006812,0.277066713501488,-0.576494617550906,-0.22776396927601233,0.6634769488088255,0.2582398245033239,-0.30393216337360734,0.3719399742017303,-0.16365433251744413,0.5096179610400993,-0.6486831538288791,0.36340155221225184,0.3679519579655674,-0.4523739909848761,-0.6598185384167693,0.8328371512179202,0.021902258972874674,-0.5335625427820452,0.06531526550900514,-0.13328843853061262,4.1157146829095804e-17,-0.5505021502910717,0.7274506108175975,-0.445551824139501,0.3606654549802638,0.2916126896666544,0.055870210036247994,0.03364373783596949,0.06715229068599426,-0.035697333909650124,0.45285798810477207,-0.6115766571416587,0.07284731768972376,-0.3581590537630685,0.5001299855445343,-0.3008708442624551,0.39758006271220714,0.11088441128460953,-0.2660703748999022,-0.3300003936682786,0.39888530820995177,0.1794031768244973,-0.25279557612857967,0.10686313893566148,-0.04882895204286644,0.25255623582771364,-0.3318104858784673,0.09964492561057593,0.3852937174820249,-0.5130677167221751,-0.4115491667465016,0.5438338298459346,-0.016225947260304564,-0.4554192820933429,0.18767168045212546,0.12195009908533821,-0.22787418956281844,-0.44998746034019,-0.15582375641868434,0.15007085080141852,-0.05628288076949514,0.16331429521340524,0.03778289097553177,0.008202572056768869,-0.4812672212710727,0.6594655437116161,0.20051968862141326,-0.27586043496210777,0.06421882155903731,-0.4783336560402418,0.6543029772351568,0.06705077736386002,-0.09176404032902215
1.0067398422116023,-0.29510149008128467,0.7903659851568227,-0.3587043894712327,-0.762738261969933,0.26297093985356074,0.6526120717255253,-0.18793497895135206,0.40359918838946984,-0.988275588141127,0.24203357350218208,-0.5003696253008418,-0.6338081535316364,-0.5727035272452804,0.87112165461216,-0.15719611946590756,0.22693112561376189,0.7049238650160071,-0.2054542402945043,-0.5629635881581593,0.42602210276142544,0.3852944568502443,-0.13840988200084073,0.32967753738177763,-0.3065902566752035,-0.3142143831122395,-0.5128367450718917,0.526999002784153,-0.07822864257546203,0.08112730360463577,-0.1532682875161544,0.3347577254792313,0.01397788776529265,-0.03739796058516457,0.11974055137823918,0.5994557814364653,-0.2491278820350137,0.0007795191208056557,0.08216164748259769,0.5987971175511498,-0.14797173050014048,0.2888720183456623,0.06071692215683306,-0.20212371879227511,0.020656706973174958,0.1533495321745152,0.20165390761588567,0.7700233916560748,-0.1864514439439617,0.42286765731128145,-0.00442447458736986,0.7634138195075703,-0.9674157925675677,-0.17950081551518382,-0.17107488224807327,0.17083624524339913,-0.16400994522979495,-0.09811083529783492,-0.19514953749353808,0.22209719513844442,0.6763757723743424,0.006401129236673439,0.2793085990648553,-0.13419428036146297,0.6369809870760001,-0.8403361563001036,0.6498275198453812,-0.3518071352753266,-0.49758583245273286,-0.12826109857117513,0.0359928889323357,-0.2716749840048745,0.12421796965009785,-0.613192854960375,0.8076929685118888,-0.2752767244568676,0.2783512305160223,-0.422225549903603,0.4940517300891138,-0.6253467716862985,-0.12545637517206976,-0.23482270146157835,-0.6796829167046005,0.2795753008420143,-0.32787613136704413,-0.1283484496778832,-0.7254677519116713,0.9151059596530622,0.28534979079194994,0.08212884611224733,0.21637772268296818,-0.17555275916005855,0.21502177372177733,-0.27803473930500094,0.5774498224960051,0.22786917891136743,-0.6640942876258473,-0.25919744785001664,0.3072523701259215,-0.37228919822229245,0.16412001541420143,-0.5097318346437039,0.6510794802668982,-0.3633860961665251,-0.36825465414021163,0.45501388149158895,0.6598832901139723,-0.8360976288292289,-0.021026632681780563,0.5336264850509921,-0.06565240689472336,0.13264321236907178,1.0323565337065496e-17,0.5503538896933626,-0.7310671320698809,0.44529751611610713,-0.36115785024860975,-0.29166742243002125,-0.05562779672774104,-0.036491633389403796,-0.06625385330431123,0.035884029057292995,-0.4524121798354824,0.6145462243258806,-0.07249959463842609,0.35865157255893265,-0.5038561780857765,0.3008102201221523,-0.39958373882764553,-0.11384548536498011,0.266413884412303,0.3305266919087174,-0.39893758664944584,-0.18014465254704767,0.2565473957954263,-0.10688724775247618,0.04908154579659892,-0.2526017566628479,0.33342325650750665,-0.09916367442461342,-0.38566604490166395,0.5165906849678461,0.41144294503378165,-0.5465436321415355,0.017791513235166697,0.4561246255693171,-0.1872876782806166,-0.12255379136028954,0.23230068106858376,0.45065849651004425,0.15637740894792973,-0.15102819920587113,0.056875564361948766,-0.16750368342663915,-0.03906278939688646,-0.008890817513868532,0.4816465156055511,-0.6640514959319656,-0.20015595724606475,0.2771917998020525,-0.06687818068684769,0.47892265695080155,-0.659037456145525,-0.0681840985834303,0.09483496304355063
-1.016699684466178,0.30452241863721763,-0.7881025485698775,0.3418655085453766,0.7701198744574017,-0.2612099052268431,-0.6662938126100998,0.17486299648243275,-0.41198487199688355,0.9990281702041929,-0.23454997750021087,0.46400823308193556,0.6244944077829674,0.5541615636772063,-0.8716502062570527,0.14140496715808665,-0.24078825341383575,-0.7041518075883426,0.19694347024161157,0.5696853361744527,-0.42265250979237834,-0.39363566796555793,0.12946996917293635,-0.33270303579512445,0.28081205106478097,0.30641696842712846,0.4898230280348139,-0.5219540817847748,0.06927070420419389,-0.09160501881412308,0.14148609083450384,-0.30554968799240434,-0.010995059640210582,0.032257695681399426,-0.10705931699372753,-0.5802057066926468,0.25098698405914477,0.0002972243235936962,-0.07066632385263155,-0.5871134789869021,0.13164037687316485,-0.2864193450438698,-0.05724612011798808,0.19540772785461274,-0.015886453031716704,-0.1622094365875456,-0.20635439846823633,-0.8206535611139268,0.18595460923166188,-0.45556068144146666,0.004881654801080007,-0.7762946881172084,0.9685313187232817,0.18754526416010434,0.1912596204511434,-0.17856606141851347,0.17812452868183362,0.10484174653230256,0.20461765754405725,-0.2243648436402063,-0.7055226094187035,-0.012163200379859778,-0.30011489711972095,0.13901834106346309,-0.6372418330591789,0.8343829589559725,-0.6841480283085059,0.3640242331256645,0.5361735908787665,0.11988440581438792,0.0068745969125766065,0.29729836013890176,-0.12556300241891552,0.6200026985015851,-0.8089858942924983,0.2998057386639921,-0.2777974381844389,0.4334358412187284,-0.5079048755084488,0.632748555827321,0.1479899929503704,0.2401889963656849,0.7323593415512343,-0.28235749791839426,0.3592287128196121,0.13427069987393533,0.7402412465100083,-0.9132804488809749,-0.2835000526905938,-0.08385122938072576,-0.2175720393038665,0.17804062377149987,-0.20778942080686758,0.2723092358896416,-0.5889428692212499,-0.23939296679795588,0.7013454697452451,0.24015217124305002,-0.24766681065613783,0.38117843539439766,-0.1624235181128578,0.5026918024475098,-0.638947850384729,0.38790642163937733,0.3597661537936311,-0.4200150504324649,-0.6648641138624081,0.8291977380133511,0.04914676726468404,-0.5635434769577581,0.062050696120710125,-0.1515823776021673,-8.093550895104541e-17,-0.5528767758608053,0.7237030033120128,-0.47328279350147046,0.38065119125911956,0.31503265430738714,0.0510167180962372,0.0638556121070533,0.08539121059500725,-0.03468764398810276,0.4587071852296488,-0.6148211778189764,0.08473773668719947,-0.35972374131415075,0.5060085113119388,-0.30906974408541604,0.4045651975148331,0.12816267067385265,-0.26997568561958607,-0.33156261396614345,0.4177278463130026,0.16504595552349197,-0.21529606581813204,0.10912600329823938,-0.04599521547592988,0.24669271472101068,-0.3229971620480541,0.11236077201458586,0.3696810199669309,-0.48370349441347027,-0.4098211305782223,0.5364464487740656,0.0007311928691499285,-0.4608152824384562,0.19989982990366506,0.11417067195510763,-0.21140407260622443,-0.46750900940292306,-0.1414978244818834,0.10785426989337157,-0.054447904961316546,0.16768814166255605,0.03819192323724111,-0.0022926927127013847,-0.4672226754217614,0.6367673799436783,0.2021112984437282,-0.27517534941818994,0.056579323092123046,-0.47330548147583923,0.6454803511397668,0.08617170467457505,-0.09459211036512073
-0.1455319807046675,-0.07843262609477718,-0.4294551604773002,0.11026238984686862,0.47131420706854416,-0.022033467777932098,-0.1870961840275882,0.031311694531248574,-0.042605279865372714,0.24831386713566497,0.3066821320755416,-0.011166023047448938,-0.3075026227858744,0.06794430270705383,0.005024936768976524,0.011015486560004034,-0.031991580067342706,-0.5674751780644682,0.18211735855938893,0.6384549616320996,-0.00097686776587731,-0.3165246413360197,0.059362220265313514,-0.08993669554963478,0.19940770712891204,0.08578910027282843,0.15406758321336442,-0.37944286422055473,0.09848965647757288,-0.18418788151401158,0.19681769350724268,-0.04978751026991848,0.01054791365122813,-0.01074829716910837,0.02750735330295708,-0.17348603311909924,0.3790523769811031,-0.1018345482138845,0.19362975312363104,-0.08658854857539618,0.016286184027755984,-0.024734573550369555,0.015242661956443982,-0.04259951220991041,0.0036582522433937907,-0.0447817639960282,-0.056933593316403214,-0.11110014367664243,0.04995964255296414,-0.09909195774054429,-0.0018128800143336035,-0.11038319626967713,0.14072261973780295,0.1014643539863519,-0.09380495119852937,-0.11810335804893028,-0.046624424979055556,0.05659448993603808,-0.06912457884700157,0.08895078691437953,-0.37098487790737766,-0.03695534860084046,-0.28379403564547123,0.06784424514246477,-0.33798289772677814,0.4319306767825425,-0.3976565523655183,0.09189758461434397,0.14420408014847805,0.05972832374273404,-0.07409340264019357,0.3133514921885759,-0.058357086390589306,0.3682317070829535,-0.4703647552917452,0.1271183353522822,-0.03803192729672572,0.05031504322353943,-0.14229888886128067,0.18144399115454649,0.0020383374513318086,0.0027735063040114096,0.1930004689591868,0.009378267457819996,0.14816840529131123,0.0015469982160535366,0.184951687476235,-0.23026374237374053,0.23849157129408605,0.015017314840086034,0.18223774214095484,0.0018545078562155167,0.22830310275741614,-0.2840318481422013,0.23858285941359528,-0.059472047551354025,-0.003975166518180284,-0.01687851317070743,0.03521962067990945,-0.1860523281160923,-0.002105525623238713,-0.2294532956374305,0.286358273611184,-0.0025750762937486837,0.04403405451773734,-0.04391606533603355,0.0036740984599457033,-0.0044603623675915334,0.013613535152529645,-0.44310082397074313,-0.028563418299154236,-0.33860043257822603,0.0,-0.4233357342809795,0.5272295087969112,-0.48935713139469794,0.10942834101041338,0.24715147869798249,0.0895075925118046,-0.09897634956471651,0.3810017375745038,0.015932019728699693,0.47329860836440324,-0.5886484718048155,0.18886355671730976,-0.03614892296006597,0.05457091116434259,-0.23612696490979354,0.2940765299072685,0.011940439123426232,-0.05694954866224862,-0.0013180086189708365,0.29627982383195267,0.07185435021135705,-0.04144643911268755,0.04343367003519113,0.019098959162103836,0.05904115597702357,-0.07043393479866321,0.22640552914052736,0.05616751958993608,-0.03324000871216095,-0.2830638761863835,0.3525325558764246,0.04589920381889517,-0.015519879847456109,0.29544399927840603,0.06785142359440317,-0.03305218885291271,-0.07390452827969839,-0.01801141790910074,0.010530034029002728,0.019770635398273385,-0.043062765101870404,-0.0076779597713537906,-0.23053090039053667,-0.06783807916631639,0.04440253047191047,0.2835398006631774,-0.35431397527628633,-0.04965102225423265,-0.055499969120792074,0.05502941076199609,0.005503602560535772,0.01761753639945968
0.14750407900885332,0.07771359635285587,0.4287361464217159,-0.10830685724202667,-0.4714156274306797,0.02363801332140899,0.18865606891291486,-0.03043254685962857,0.04880185499491907,-0.2506597875266767,-0.30532836390780493,0.008868077679744183,0.30631303229181067,-0.0690996213924573,-0.004140811284785942,-0.011774476360447744,0.028070226699067707,0.5677046133364105,-0.17937811477844637,-0.6397128424748207,0.0037634166824310348,0.318409450966784,-0.057918755130557664,0.09772001539220798,-0.19841546259453358,-0.08548301352183217,-0.15191545625121336,0.3784758615780988,-0.0972180800657671,0.1826072305687908,-0.19657253989945944,0.049316189356805935,-0.008301725792368942,0.01047519994156588,-0.023544953469722987,0.17175124922878962,-0.3785371208326181,0.10082811248339064,-0.19105497221354692,0.08771406506110228,-0.01614330065358058,0.02736001691047344,-0.015913741998893127,0.03727149738070577,-0.0018957591090028147,0.04545047569276583,0.05662861605258938,0.1146676401581753,-0.04931602670853291,0.10092820578356264,0.0014605810484552995,0.11238580651254834,-0.14250106415453423,-0.10227139814020371,0.0937861039327274,0.1192749301618872,0.045891170877962593,-0.05736113282583236,0.06858846889116611,-0.0901150516859166,0.3748739015684477,0.037639984984974006,0.2842835419470784,-0.06818203448872316,0.338344613543246,-0.4329299843425839,0.40268297524207164,-0.09248376094242725,-0.14773108183374095,-0.05886294960742595,0.06669543602263851,-0.31465842077377326,0.05840670346037091,-0.36935410973878263,0.47174249430843324,-0.1288519845619964,0.03883336367330976,-0.05622844989831646,0.14404153296797298,-0.18274050334715614,-0.007782601865631881,-0.0021504319588959834,-0.19759199110357528,-0.01057955998655404,-0.15021979123268425,-0.001206116426198099,-0.18735378042105053,0.23350866998706624,-0.24076262953096905,-0.015514834325836117,-0.18238972234264736,-0.0014336444856859422,-0.22811438404954112,0.2841957928543681,-0.2410884577379725,0.05978498865331708,0.00330682112548716,0.01591005141263845,-0.030388699694105924,0.1864891206265825,0.0016486774574566094,0.22944834486046453,-0.28653865913662363,0.0021490867108935234,-0.044591579778667005,0.0475491390580789,-0.00303836234116938,0.003722413489118771,-0.010012059769885633,0.44905338207307594,0.029449175016253628,0.3401916851806299,-4.623423100578538e-17,0.42482345039794855,-0.5296984041993553,0.4967066875068805,-0.11046751544229143,-0.25186133330915306,-0.08841819423347683,0.09007289448963192,-0.38353716759513834,-0.016517208823162183,-0.4757040036372534,0.5918167477877735,-0.19080388842575946,0.037523504426977244,-0.062069272814403754,0.23827145036580594,-0.2970928438785704,-0.019084364811333094,0.05732429133637383,0.0012662550487804063,-0.29937376178050196,-0.0715784808242368,0.040690103416861315,-0.04334441712720959,-0.019633100780239842,-0.05892535609946707,0.07028758022927527,-0.22679812375268996,-0.05542400936448815,0.03231947182583014,0.283220212819842,-0.3531379791467287,-0.04593862948270815,0.015502453977966105,-0.29899157305898344,-0.06788725126747755,0.03350978355357021,0.07435640765748895,0.01785769184861492,-0.010263790606984643,-0.018800071746270165,0.037227639799940135,0.0063456497545176255,0.2313849223821671,0.06726678808810224,-0.0443458079402784,-0.28409156550844444,0.3551285632503212,0.0487935328303449,0.05610183238141339,-0.05950726133264258,-0.006547450189429869,-0.013042561577226306
1.008178855424876,-0.2953067568743063,0.7918089793763597,-0.35980406080692023,-0.7647143378304434,0.26240836921332106,0.653517297052482,-0.18853742018658318,0.3903667927621056,-0.9888822037675995,0.2421774037388935,-0.4988129241566744,-0.6342140545268758,-0.5726098296579629,0.8716832049607736,-0.15691529452654399,0.22637838081271508,0.7057172256429182,-0.20680954032478044,-0.5643092998615329,0.42510960816050225,0.38568323719392894,-0.13896656538894828,0.31658639449000475,-0.305330881935205,-0.3144083498456234,-0.5127532476962386,0.527624105285069,-0.07794989535469782,0.08402320464406482,-0.15201330789025536,0.33418676272216286,0.012247546138461225,-0.037281223962013034,0.11234925240351684,0.59940358722162,-0.250073475411411,0.000418868001934931,0.07385724507840845,0.598055983007154,-0.14792441420097027,0.2806361618471116,0.06129670663649478,-0.19077367914469115,0.0184230449342001,0.15362359757055197,0.2013759050320367,0.7707927038554923,-0.18574374694430454,0.42389089276430547,-0.0048010763378152676,0.764282481661023,-0.9579130566597875,-0.17963896827788373,-0.17094774248529418,0.1709315269645036,-0.16414742446885688,-0.09817492941095957,-0.19513797891200568,0.22110029966817993,0.6772374255379671,0.006865324680066491,0.2805036931756974,-0.1343057055545209,0.6379152091130593,-0.8303036920559315,0.6509436128541628,-0.35190196567492893,-0.49792644920852713,-0.1286167349413661,0.04341405472069289,-0.2731804264326857,0.12404366813196527,-0.6144519054433253,0.7985071649352565,-0.2760223263951433,0.2781980731733845,-0.41345573664113644,0.4945220149878207,-0.6190752439107208,-0.11679281313132998,-0.23442389363228514,-0.6800318693690925,0.278828433058232,-0.3285248211418619,-0.12811557219584266,-0.7257436999098349,0.9050835655844954,0.2847882380585458,0.08206132312090149,0.21619836339850262,-0.17526523746461672,0.21493300064214946,-0.27532024391478177,0.5767815346851034,0.22805598617345724,-0.6640609569696115,-0.25817325369809246,0.30086785395973636,-0.37215247577946725,0.16361641968638235,-0.5096959963912077,0.6443006503583407,-0.36377417209364427,-0.3681099790501476,0.4488793787141485,0.6600603030120263,-0.8271447659592384,-0.022521620189886425,0.5343318950123815,-0.06521145256338692,0.1336759578258697,-2.0593860629819142e-17,0.5508713896315611,-0.7209640090906079,0.4463753988854183,-0.36104416421845614,-0.29201902336533947,-0.05621400356778367,-0.028424944245859028,-0.06760862479836863,0.03563886952575455,-0.45333179942155843,0.6057550224203927,-0.07305557279307123,0.3581564968843973,-0.4942613050186687,0.3010580627914572,-0.3940157938940188,-0.10515329973868967,0.2662673842671112,0.33039439586636365,-0.39948916901432346,-0.17931676786392442,0.24830951011158528,-0.10693549577761816,0.04875484551443581,-0.2526249665112698,0.32896515939317694,-0.09994181108693312,-0.385481687689746,0.5079155527858443,0.41185479611427384,-0.5390232467297654,0.014046829522281116,0.45592302785904915,-0.18821072932417263,-0.12178692438230646,0.22159989564658364,0.45049656251907066,0.1559219374876779,-0.15020487830363596,0.055970871534250094,-0.15695592715689252,-0.03566236826601077,-0.0078945047835282,0.48147423363747427,-0.6522754813322451,-0.20086738007259827,0.27310457662718285,-0.059782054302303836,0.47844350986363554,-0.6471128617287941,-0.06445008556194796,0.08629383010933808
-1.0149476351366116,0.3064571204059295,-0.787003725559522,0.3427681095978903,0.7728524595780513,-0.2597711379982192,-0.6696723754463076,0.17465747183225047,-0.3960647698197453,0.996532329715849,-0.23145813942194418,0.45592627039001316,0.6187107225915406,0.5474177713448649,-0.8669128297371489,0.13866491707573614,-0.23895708317208672,-0.7028369115113059,0.19888479354067837,0.5720139005813047,-0.4203472144159014,-0.3957628444068324,0.12961946169883765,-0.3167269295957875,0.27536317618896233,0.3035079256479025,0.4837155659724325,-0.5194972493575376,0.06769207641665734,-0.09496815072556539,0.13822332288861303,-0.3015661401146765,-0.008050816024804562,0.03162825068340366,-0.09721631170616271,-0.5751985021585279,0.25189696939954265,0.0008817483318276867,-0.05948183765850817,-0.583073915477876,0.12969314152903477,-0.2747797397387421,-0.057690403627353545,0.18063067147437561,-0.012990471610543137,-0.1635320140656018,-0.20517005716846143,-0.8244133619954362,0.18426263599962925,-0.45827843193593026,0.005343694981528078,-0.775928437568213,0.9549772005118619,0.18875469295069736,0.19369845183670886,-0.18016172439536066,0.1802295799857406,0.10628652672306979,0.20614532142806627,-0.2245340404999861,-0.7085509784318946,-0.013351232942638035,-0.30284279050708873,0.1395167814683513,-0.6369718320763087,0.8205657289712978,-0.6899954497101115,0.36577456428152333,0.5421513260396044,0.12017720516313597,-0.0008026436490803202,0.30180423900179937,-0.1256473541597188,0.6225553178444927,-0.7990918828644413,0.3037442851081824,-0.27745822129192754,0.4232567680593257,-0.5110456005320078,0.628018016865671,0.13845444795217696,0.23874080039307005,0.7359946475616403,-0.28060825471388806,0.36176146437632634,0.13443337521410945,0.7395077287036292,-0.8991483794554567,-0.28017169753225857,-0.08305042005447275,-0.21516973001819895,0.17646368180482472,-0.204980862308035,0.26608671727160366,-0.585334201244676,-0.2387880326309798,0.7017684114330494,0.23592246522212912,-0.23488874969816265,0.37874901916541076,-0.16064458788620065,0.49817940347251727,-0.6255352235366868,0.3885542514579728,0.3558901590091211,-0.4071762907823801,-0.6620256170889566,0.8144312522613941,0.05221132602200317,-0.5667313572636672,0.06086985922899306,-0.1544408297895356,0.0,-0.552615068966528,0.7100324691787603,-0.47846704993428074,0.38264905483772693,0.31912270157086886,0.051857436406029085,0.05447127352724848,0.08928931400769331,-0.034275417572064,0.4609795163003256,-0.6053005453826411,0.08696461595710438,-0.35898618580437786,0.49424800362383003,-0.311173912431537,0.3998146156256229,0.11808436102199552,-0.26858119333584546,-0.3295351425282798,0.4188957301489181,0.16192464623433037,-0.20160490240637485,0.10858523939539813,-0.04499155340354342,0.2444997660363195,-0.31484000940301665,0.11415391671965248,0.3654533309096729,-0.4677995596147412,-0.40846176912411525,0.5248157981625485,0.006284898997943949,-0.4595546795395677,0.20241944751362187,0.112130156250659,-0.19602102676922106,-0.4683915875854908,-0.13948259527297488,0.10444759357723941,-0.05284862304931121,0.15378447633989645,0.03401074398738078,-0.004853970763946712,-0.4636835883460957,0.61795536643613,0.2030537462211143,-0.2701195506340929,0.04700267944363794,-0.47112663037215163,0.6287349959441041,0.08217386302583209,-0.08374228825329186
1.0080997548800767,-0.295377759630529,0.7916979734134902,-0.3596036500045745,-0.7645946953558248,0.2624615602452278,0.6535271773502375,-0.18846311722490303,0.3890760685483218,-0.9887687771036283,0.24212750811807668,-0.49879724584256674,-0.6341169150939101,-0.5725001360818882,0.8715476569107282,-0.1569130442361609,0.22620339004040405,0.7055721942906851,-0.20655817766262619,-0.5641339812152733,0.4251737999831313,0.3856279815178592,-0.13887298534357434,0.31533666821064,-0.3053535441327797,-0.31435348212931113,-0.5126440697680913,0.5274930424256524,-0.07796414372447592,0.0841967733028199,-0.15211487780805275,0.3340822575570306,0.012464875134333754,-0.037276450264095075,0.1118207857580808,0.5993076370939191,-0.2499435957330948,0.00046347670377183925,0.07317311989338411,0.5980481127076609,-0.14788100279665226,0.27984908785782303,0.06121184837477282,-0.18973149430625624,0.018272114691358598,0.1536234590117981,0.20135367663708065,0.770678494935791,-0.1857520018897651,0.42378901728062984,-0.004801342678667199,0.7642219810477413,-0.957257817254845,-0.1796437090577264,-0.17101257073819998,0.17094210287574008,-0.16416837958914982,-0.09818363234389604,-0.195200742491461,0.2211898742173265,0.677068034537669,0.00683907476428097,0.2803941818618076,-0.13430348787873117,0.637814593332331,-0.8294823669985533,0.6507826073283558,-0.35181990270045177,-0.49789989399159723,-0.12853146887245562,0.044024260437577976,-0.27306233633685567,0.12406020537099158,-0.614351378514132,0.7977245345892043,-0.2759824182074648,0.27819418802977186,-0.4127860789537191,0.49452939128465123,-0.6187144761760581,-0.1159931753682659,-0.234390190840668,-0.6798889409583957,0.27882261880040665,-0.32841977748152235,-0.12810512788466605,-0.7256556759144138,0.9044308261241688,0.2847308726109048,0.08204158618831121,0.21613534270048926,-0.17523252174863307,0.21489359682979806,-0.2750971149713872,0.5766818748601097,0.22798214906376937,-0.6639106266501652,-0.2581711872573628,0.3007117828913011,-0.37206122591773194,0.16361112461616253,-0.5096251582955207,0.6438163519230667,-0.36365801491751315,-0.3680381445736822,0.4485346971707872,0.659956993764816,-0.8265151575167246,-0.0224812718407695,0.5341248175079443,-0.06523468068749938,0.13356742039777894,2.0588969047205737e-17,0.5507383988063013,-0.7201411299609556,0.44615238394749035,-0.36096280910509604,-0.2919240255226463,-0.05610200117457316,-0.027889564039175797,-0.06748259630459101,0.035653783471119055,-0.453177694598888,0.6049373444635404,-0.07300080011843917,0.35816100220109875,-0.4936473530246219,0.301004119485687,-0.39359058166119104,-0.1043973440916553,0.2662004522619024,0.33027185155240363,-0.3993172170078975,-0.17932585630548548,0.24792085281944834,-0.10690551088760328,0.04877011943775414,-0.2525786884319901,0.3286289104436603,-0.09985637972227658,-0.3853883511582909,0.5072905887604183,0.41173770156719386,-0.5383849288460638,0.01385370699671202,0.45577368617727465,-0.18805720574407359,-0.12182972607836269,0.22098709928330953,0.450368424967667,0.15587906405357752,-0.15030020490301813,0.05606747691506243,-0.15635078866281282,-0.03540403911134217,-0.007978143677969247,0.48137780343851405,-0.6514081669372027,-0.20075432710518312,0.27264642578291803,-0.05927811700733435,0.4783974927275592,-0.6463137204229744,-0.06404431359624585,0.08562022456465787
-1.0074592716950117,0.3082595208350193,-0.7831684606666124,0.3442814403700196,0.7673709143155565,-0.2635178570105146,-0.6689731155871252,0.17577302010435558,-0.4142371126490766,0.9917348323217173,-0.23052147519493318,0.4675906834727591,0.6156794166639993,0.5493271560744722,-0.8619597440535929,0.14199346129029483,-0.2341415036471751,-0.7004104506834151,0.19583582388463672,0.5670099418583782,-0.4274864262499535,-0.3947917837555072,0.1295827969910668,-0.3361297426573395,0.2847142493398096,0.303024880906128,0.48732712294905806,-0.51699064276796,0.07016198728370855,-0.08723101089070502,0.14576122137384778,-0.3100290484884876,-0.015930027713714875,0.033057528146508995,-0.11224557029194325,-0.579457868820667,0.24772203337722767,-0.0007363292540818758,-0.07480588671005417,-0.5902242406858313,0.13298275140379942,-0.2871105268838168,-0.05610098672596177,0.19893741617583321,-0.01753242308483948,-0.16208830204572777,-0.20303799610776396,-0.8161275266160426,0.1849972406975926,-0.4483721687649005,0.00519752782487491,-0.7714071385221953,0.9611140187460147,0.18812754691097433,0.1943255590572041,-0.18006584922159,0.17958855209738173,0.1060395511604123,0.20775315726982857,-0.22743307157950993,-0.703817585880549,-0.010840585615867003,-0.29544301388040345,0.1388616936040346,-0.6350930116698136,0.830624208206685,-0.6848551223598899,0.3666951144573897,0.5401488448414185,0.1212237199555089,0.0071234556540351116,0.2931311398627778,-0.1268007707633836,0.619849300562851,-0.80813556342724,0.29908759246259,-0.28000267026767306,0.4357527013528639,-0.511322954836466,0.6360618723154557,0.14949244721854382,0.23695715969008718,0.7281595757126329,-0.28116534999792153,0.35299371558091397,0.13356274118470002,0.7365219329249233,-0.9084423332753752,-0.28097770769177643,-0.08175067765576852,-0.21330261658659772,0.17490406400577865,-0.20512588964627282,0.2671046370790727,-0.5846151028396711,-0.23689926834024133,0.6958482373084752,0.24300537565847463,-0.25640603241097565,0.37488118283149185,-0.1614558421483006,0.49749693081719504,-0.6303516860271656,0.3807832509251312,0.3574228591741913,-0.41985170882515455,-0.6592662387217256,0.821099829904485,0.0438196583839114,-0.5610524699278697,0.0630955797159121,-0.1471608269586744,2.0272064170940212e-17,-0.55112839912893,0.7218974567029172,-0.4718357683954967,0.38357748208500947,0.31624157687414933,0.05029613102326211,0.06740767373532557,0.080622937589874,-0.035564312952251854,0.45783352166014374,-0.6146843404541905,0.08294834167203312,-0.36360025905498383,0.5112238037429954,-0.3106477973852703,0.4069031013775209,0.130930592626905,-0.268381301726783,-0.3305451844525559,0.4141269976362293,0.16782952349236732,-0.22357364630719057,0.10756775448373822,-0.04657244088993555,0.24476009546179994,-0.3201790918830194,0.10862312297795519,0.3687191143440234,-0.4839494079641721,-0.4068017903435447,0.5328507445730405,-0.0036753774707777953,-0.4614685415856833,0.19699869442800094,0.11708250935794373,-0.2202663904815981,-0.4694425842381967,-0.14437289609914195,0.11313832086128499,-0.05747356824937771,0.175774326436921,0.040206377085629234,0.0011215728434846842,-0.46777993140479696,0.6388155154130836,0.19997755862665453,-0.27324260692906227,0.06120043063361951,-0.47621392309410704,0.6501290385782534,0.0851711579871786,-0.09871483213931713
0.9440407378918894,-0.2327734228878468,0.9230494015396244,-0.3631169484695963,-1.0208615951197462,0.21963365511510688,0.719966150890234,-0.17782191623794594,0.4812116258039862,-0.9350614082933912,0.22635762205965437,-0.4261628127720667,-0.5771597311056674,-0.511092330128251,0.8194060158959848,-0.12815045717438842,0.24330272018543336,0.8584564228172555,-0.2545835777292866,-0.8688405083814752,0.3435653282087264,0.5110760590664736,-0.14453231241529732,0.4166430512461463,-0.3296203519748941,-0.31954885966062213,-0.5523905912333831,0.628555932911186,-0.0826636537596885,0.1225100848867405,-0.2388422018652424,0.2957351016112846,0.00983282557806715,-0.030981168363185277,0.12364631524675453,0.6869600078534449,-0.44591789897260753,0.029863362495074916,0.031097778252697376,0.5804180836412691,-0.12608520591770955,0.3171272433849384,0.05661234138709069,-0.232127671353669,0.019493792138915604,0.12142789917067359,0.008275238964895473,0.8176015640274915,0.08836849746982878,0.4423279035350783,-0.08398207295142282,0.7396820280419901,-0.9657091846464746,-0.12076831092413523,-0.15489097084701528,0.10951989364228663,-0.13731593168526432,-0.07189857372685839,-0.15951194663161455,0.17622006018299655,0.8026046795249598,0.0953522011721598,0.4305672089630401,-0.08842573288683696,0.7247934805141824,-0.9484542247031704,0.8501433311825218,-0.36035476525034854,-0.5912352238154742,-0.13050666044457163,-0.04530949135010706,-0.4988812943780569,0.02342244893024791,-0.7832279792547228,0.9992486896584617,-0.35687698026495945,0.2554070530815911,-0.4501453703678878,0.548294314741207,-0.6936827494841858,-0.1951391779564834,-0.037311935486079056,-0.7550093827672009,-0.013290398978813846,-0.372381053451439,-0.022213401213525562,-0.7161630329084724,0.9252287713486307,0.19977627804527656,0.026247826659898766,0.11053940724295268,-0.027319544469372556,0.17848079414526485,-0.2336859141065491,0.45996673022094103,0.24296216861300263,-0.6717481336184761,-0.22292359954788699,0.22522826543249957,-0.2225850899742804,-0.025357600407778725,-0.44022487629705503,0.5676324506083876,-0.33846373252395606,-0.34041040318300747,0.4088244921771731,0.6306269832316803,-0.8165694739305994,-0.059542532147992835,0.7033138723499749,0.046871092072529166,0.32816435047780895,-1.1633464852821702e-16,0.6632586161725785,-0.866054713418647,0.6979212411576701,-0.37879560007059354,-0.41871302096824475,-0.07828373037264534,-0.08450927546225434,-0.35089231698524986,-0.02790437858447856,-0.6633901859248302,0.85378230413976,-0.1953703630265814,0.32069538914501744,-0.5058774756795342,0.3948664028663502,-0.5155996485149128,-0.1760942072082968,0.24380210161359525,0.3265562579634996,-0.5149616164715022,-0.18694605785368537,0.23216812404859874,-0.09199464482493057,-0.03431869367058859,-0.24237572601387658,0.31568826023657814,-0.24027969735009186,-0.39518669307720183,0.5104476140022166,0.48563343131802067,-0.6341193494231326,-0.011258139778909512,0.45536100571256577,-0.365867283651802,-0.15837578514923306,0.2596829259837255,0.4717645490255909,0.13703467257570964,-0.0858041245602835,0.05397822195523708,-0.2000967920930872,-0.048305122448910616,0.20215258749205967,0.5124573481309905,-0.6876132777626628,-0.3414330635114306,0.43719076562405945,-0.05309003308701572,0.47008262326633643,-0.6742914703683984,-0.11036497551521922,0.12223252129337192
-0.9466460374040445,0.23245900888836699,-0.9259458530853651,0.3672274839360228,1.0225882570615905,-0.219070857544017,-0.721595722321219,0.18125119261756292,-0.47547661287277415,0.9356081005991295,-0.22827787556058513,0.43162749140278567,0.5795860513812899,0.5126428189604259,-0.821155819525106,0.131429121674361,-0.23416984868476176,-0.85909321966746,0.2569548704178377,0.8683413074531297,-0.34240138100775047,-0.5115383322573477,0.1468639757622677,-0.41242963503344304,0.33363449841059345,0.3203214442421853,0.5542605171903718,-0.6291913384589294,0.08484756690655709,-0.11439102363846249,0.241417877147604,-0.29875320454669446,-0.010468079427064568,0.03165767428453692,-0.12595539259400415,-0.687894856474841,0.44523239544336807,-0.031001253122270946,-0.03815605171200622,-0.5808001650848197,0.12856908274673123,-0.3116787575050562,-0.05704009470445499,0.23394639374221396,-0.02117783043000768,-0.12095657834741762,-0.00907358783422922,-0.8086625430099362,-0.08592251060146577,-0.4373933363238012,0.08318462048294843,-0.7398946403617479,0.9632379544263887,0.12053975282261652,0.1516536357505808,-0.10956081880532412,0.13539810841215089,0.07177417155435348,0.15852984618351537,-0.1757798685648361,-0.7944994954382714,-0.09384514722147684,-0.42572912297137416,0.08828211732986084,-0.7254527515506907,0.9467323929261273,-0.8402039216337012,0.356814730958743,0.584146271262763,0.1321915392528914,0.03250705676236846,0.49236608944106325,-0.024362115364802834,0.7827994666408087,-0.997354490841403,0.35266031168547934,-0.254971137754749,0.4426022506706653,-0.548069157090884,0.6924616171201472,0.18720256829427825,0.03813572506829179,0.7440828077007892,0.010864727578408211,0.36679097951856743,0.022707530165829857,0.7144742338056332,-0.9220857795068964,-0.1991411466059703,-0.026275008973623795,-0.11038838923610925,0.027930226137866825,-0.17968079260794684,0.23452342883593683,-0.45592861052977274,-0.2384883559452573,0.6635354286008959,0.2250863061205753,-0.23915548960641989,0.22126487660361588,0.0236024057614067,0.4410728788238989,-0.5684900163066188,0.3343637143121125,0.3399533082418058,-0.4134308637443818,-0.6302629331209476,0.814971057174575,0.04929350128636464,-0.6937046129084056,-0.04537010649590952,-0.3228380754902086,-3.897233983882487e-17,-0.6620301103581588,0.8634875475965521,-0.6876020985851887,0.3730447709142298,0.4130593661346245,0.07942286378403202,0.0747613971945935,0.344396180663623,0.027015169110797384,0.6614007006142348,-0.851001862020215,0.19223065314071205,-0.31904955256820083,0.49913945147345573,-0.3941991052936577,0.5141548901916656,0.17020926156480082,-0.24103487959181225,-0.322180587400143,0.5080623661072824,0.18859063432910686,-0.2429720655153711,0.09110198767053619,0.033228615217374594,0.24236356796747274,-0.31591873756339584,0.23644339889193416,0.3952366499691436,-0.5141086749171133,-0.4848642751453673,0.6324097005738151,0.0028698684604112406,-0.44896465104022076,0.36007117427079155,0.15933530420934222,-0.2668112667448848,-0.4650534423210086,-0.13830274889563066,0.09593822272091003,-0.054125861467687164,0.19942975316590233,0.04814273389792277,-0.1979865876480914,-0.5116622036022095,0.6892918683882194,0.34009037672560866,-0.43515470486220376,0.05944501663568823,-0.46900837134213413,0.6716855639248752,0.10299919522682627,-0.12295073800828311
0.9139539334184331,-0.19106091469390718,0.8918361097985243,-0.38379851634990747,-0.9765057718170865,0.18655171919851707,0.5371413397442406,-0.2220421721099165,0.3698164487167867,-0.9092711703304217,0.19940977188239134,-0.4363084611341015,-0.44028249431504535,-0.5287107373494726,0.6442713479467845,-0.1784121672238338,0.2844292722324183,0.845580309495602,-0.2906223418352327,-0.8794620171725773,0.29612220838854997,0.3997051144645135,-0.18360767178618526,0.3084620656527489,-0.3420111830874671,-0.21657003324238353,-0.5566183856481086,0.5114844452083436,-0.12564860226532126,0.1968581516036246,-0.28128109426214676,0.31107967229268785,-0.014126615840604553,-0.031078758241820055,0.05710409577997758,0.6547644481955914,-0.4296067303474565,0.08365764058895861,-0.12574279001031008,0.4422348945697178,-0.16486517706299644,0.2719904011798225,0.051668751859711426,-0.09353143351385942,0.003090375312342635,0.11387254051148377,0.013932642184639944,0.8152343959196924,0.07990667102258014,0.4441773954251553,-0.06229459730465761,0.7365271985259261,-0.8885372389552023,-0.11402940902364173,-0.12260499482061656,0.10496169215708177,-0.116097818258011,-0.053901607540155945,-0.1263051120932261,0.13967093352135232,0.8013563625585418,0.0928591223676436,0.4305843737352986,-0.06897543421592174,0.7220880194252955,-0.872672118026478,0.8374744100631187,-0.35292588791917595,-0.4529632254651208,-0.11123277254974787,0.04325402344294681,-0.4908874515370498,0.019596017740697913,-0.7675227207975183,0.9170166135978668,-0.273763475748604,0.25824773019029873,-0.3610928783259651,0.4177313150237922,-0.4969971675669075,-0.08215636659407388,-0.0387063788431555,-0.7566963225036969,-0.024641007915233434,-0.37602777639945084,-0.01829647333585498,-0.7105245431955607,0.8485467187840863,0.18452202942150603,0.02414615079274762,0.1049720856945954,-0.02341316429237204,0.16341794489785072,-0.19820020767171975,0.3545796618070494,0.25955883993361145,-0.5449426771456074,-0.19246627950150527,0.1704678800121593,-0.16775026728887135,-0.026319004805901203,-0.3392115274185811,0.4031708624474318,-0.2770762699790087,-0.3393641354557667,0.3757761883720286,0.5070378713170283,-0.6069678759325735,-0.05576215466835697,0.7160641074802983,0.060352448097691656,0.33708301237974164,0.0,0.6685710171821228,-0.8022401572434604,0.7240133287316666,-0.36661962893913574,-0.33848291265802105,-0.07430022951929748,0.014511098876598006,-0.37172507768296725,-0.02852855240857156,-0.6822552943036551,0.8123690895173781,-0.15933886176661075,0.307327110454219,-0.40391012595805215,0.3160329680688082,-0.3792182602623559,-0.06969337962216186,0.15898763709949962,0.33502233257127173,-0.4331411796552399,-0.16401317387571704,0.15777572771345946,-0.04660562281775791,-0.03650669024048947,-0.16226636917681775,0.1914191997231787,-0.20389869021318083,-0.3900101589627233,0.449613216158813,0.4044130072160278,-0.4852683502011701,-0.03644041834164273,0.4201420230129047,-0.3627962721452894,-0.14933705645806597,0.15630534099330592,0.3801299222432555,0.11873613586185867,-0.08756928365585777,0.032585305563213894,-0.06580281414116756,-0.013047381234320676,0.20282294585116645,0.472583079474815,-0.5516652689608319,-0.335987333008346,0.4009115587404861,0.02027125963431357,0.37025707470108293,-0.4568536475850992,-0.05740639894851104,0.02493158578743434
-0.9096368138448994,0.19214219130189666,-0.8870473771599268,0.3806297209248496,0.9717923234874961,-0.18795306839270595,-0.5364421171361934,0.22004729388818195,-0.38057066414752466,0.9063771374255014,-0.19663396541042957,0.43294835516347535,0.43544353125047836,0.5261962855897443,-0.6412610577681686,0.17622789249272464,-0.29192276531748057,-0.8423337422261788,0.2878142432281887,0.8763313642535692,-0.29842775417237977,-0.3990664847367599,0.18203421451318347,-0.3175441725123457,0.3399169501594822,0.2145599883422379,0.5537583621133897,-0.5093749413064129,0.12428445740356997,-0.20240628094162494,0.2803241187636028,-0.30963997153295986,0.013006603320874145,0.03099208385071912,-0.05898283969506047,-0.652124507018001,0.42828337371989667,-0.08293281589732439,0.12969051681339114,-0.4428150079114145,0.16370340289879048,-0.2804664954967997,-0.051198122131469466,0.09613230142917774,-0.0031115182584188633,-0.11425608951245021,-0.014872697753790416,-0.8147880236780193,-0.0776671039669053,-0.44288876011096767,0.06204665806218345,-0.7338898525556871,0.8913583234743875,0.11456026809543926,0.12429784187497321,-0.1056576225684875,0.11715928583260872,0.05427440595995029,0.12737991621848732,-0.14047917113069905,-0.8007773641673798,-0.09162731004678246,-0.4288172355329205,0.0692767330950543,-0.7192626285229744,0.8754451922888339,-0.8379633794173281,0.3536780057766642,0.45454383991875597,0.10998718229324124,-0.032093083913469066,0.48919927268287083,-0.020483516097246454,0.7652483698462406,-0.9197707724180246,0.2740061089244242,-0.2587772605761744,0.36947053637013316,-0.41778896947012983,0.49970383936353435,0.09141666252656723,0.03951786099889147,0.7574872080820657,0.022694345663323505,0.37520811766314766,0.01872209681576434,0.7091246353138401,-0.8514968174741671,-0.18320950466995817,-0.023908674685407427,-0.1043415679823782,0.023897188391938218,-0.16152452696179528,0.19745572965894082,-0.3530731435336725,-0.2605330696657103,0.544864525957607,0.19144786759230067,-0.16276490214159445,0.1670830618558082,0.025050737841625294,0.33626660029812216,-0.4017685021719982,0.27632851919697315,0.33872943239989955,-0.37348986121842354,-0.5053452370794759,0.608463225033677,0.06283491996455227,-0.7165128191276763,-0.0592986649069366,-0.3356850242510141,-3.6056596441622415e-17,-0.6669554930212953,0.8051760543077819,-0.7251705889311002,0.3685501685417187,0.33945719809634506,0.07304639383157081,-0.005005933254582984,0.3702424193892024,0.028093508033351658,0.6810597776738564,-0.8153194514585603,0.15903511386423339,-0.3088374317537399,0.41181029259763596,-0.3159787750784573,0.38146255038723403,0.07742565241528362,-0.15858127734782765,-0.335579499342758,0.4332886798810583,0.16342461809509679,-0.15274977993291172,0.046522466536859985,0.035859009846490215,0.16113810193095637,-0.19084613917074306,0.20299500180700233,0.3889334285180406,-0.4486680240555683,-0.40332043948975455,0.4869049936435149,0.041462320837030345,-0.42120326616503534,0.3633942675366093,0.1492324118367867,-0.15348755478946854,-0.381854288267934,-0.11827149570998244,0.08091389876999595,-0.033252004387276844,0.06933999890594489,0.014430625072296194,-0.2018518847577122,-0.4717741966395499,0.5519291952305642,0.3355083077132081,-0.40262307307305445,-0.023632905801170025,-0.371021994158911,0.46159164153552235,0.06434993276172034,-0.027177427878743964
0.0057397606230123535,0.1270364357055489,-0.1270364357055489,0.02816987837807834,0.045850705169952696,-0.2126833886623052,-0.03565525179635872,0.14967264953585324,-0.17452181735312614,-0.1500332431713111,0.1500332431713111,-0.036357151212457056,-0.060403005654136435,0.23756790959651536,0.04844067497307439,-0.17067794853814344,0.1997458170949307,0.0,-0.06834164617615597,-0.1383772944606117,-0.3013711215717725,0.14012041293646188,0.13477126293121586,-0.14096016610246678,0.06834164617615597,0.1383772944606117,0.3013711215717725,-0.14012041293646188,-0.13477126293121586,0.14096016610246678,-0.006018422048324274,-0.18124501532941928,0.011889788781690135,0.11040427310923687,-0.12514471882441872,-0.34044272496729655,0.011734762996697002,0.21167670196519436,-0.24097795058814947,-0.31917415852143405,0.12943849749407874,-0.1780272715916078,-0.20291420040099503,0.23205971708708886,0.01907046730889822,0.032254354767140746,-0.032254354767140746,0.012457950065670749,0.013320563672076687,-0.047995928580520854,-0.01049855508385529,0.0413429404340692,-0.048460971871521666,-4.916092989826495e-18,0.11742864656837275,0.03716392261359886,0.13288599052131236,-0.03199817714061213,0.07395170027855115,-0.09185409645087501,-0.11742864656837275,-0.03716392261359886,-0.13288599052131236,0.03199817714061213,-0.07395170027855115,0.09185409645087501,-0.034142040022980526,0.22606510100685326,0.025863156384087604,-0.12195435250173682,0.1409543803982748,0.11018150259266381,-0.0011181828798402136,-0.01709497866791406,0.017903054402016734,0.09086813663667533,-0.280373865200838,0.33633929372256255,0.016943843290294452,-0.018178242141778208,-0.006626924416465426,-1.0528966246749417e-17,-0.12133436284737635,-0.008757751154282399,-0.08042405315809155,0.0022143000269406825,-0.12155704363128873,0.1442715791954378,0.12133436284737635,0.008757751154282399,0.08042405315809155,-0.0022143000269406825,0.12155704363128873,-0.1442715791954378,0.04672666653022356,-0.2116140378930014,-0.03863818891274948,0.10857348663143329,-0.1265768000928266,-0.046245852088951295,-0.0019361109176366418,-0.03897573410622993,0.046423797196026045,-0.029472415274121797,0.28396816770611594,-0.3355167470339868,0.0367276807373485,-0.04363243351347839,0.002289267087744946,0.0,0.0,0.0,0.0,0.0,0.0,0.10791876108916501,0.20708984338924658,-0.11230905738235664,-0.1643621990881536,0.17971396598263245,-0.056584323702627885,-0.006136845687121541,-0.11998026319589906,0.14129138586847387,-0.07066250940009987,-0.3164141012006809,0.36535819906437783,0.1155147138977871,-0.13681982017825026,-0.015389668471156075,-0.10791876108916501,-0.20708984338924658,0.11230905738235664,0.1643621990881536,-0.17971396598263245,0.056584323702627885,0.006136845687121541,0.11998026319589906,-0.14129138586847387,0.07066250940009987,0.3164141012006809,-0.36535819906437783,-0.1155147138977871,0.13681982017825026,0.015389668471156075,-0.26796813441244305,0.008884889400969851,0.1598657904996045,-0.18179059493384156,-0.26181989067171857,-0.10134707097574307,0.09739391234352592,-0.15283752437140835,0.17439036045718415,0.010650481062210653,-0.01989667529733257,-0.38173886095196496,0.4461512202662546,0.0007870705796823341,-0.001294839811556883,-0.007194075044147106,-0.36545523329024,0.42868324218924164,0.029992664023980996,0.006825362300314914
-0.002350598185360818,-0.12726007813686052,0.12726007813686052,-0.026114135470491844,-0.046634306616514826,0.21639292987100278,0.03754511023264859,-0.15012033293673138,0.18310532684744993,0.14735710450076664,-0.14735710450076664,0.03158853108107268,0.056552461934967845,-0.24489431051027272,-0.04603960968657613,0.1713309676376555,-0.20927940859944408,2.007565824106236e-17,0.07311140849329568,0.1382517579096103,0.3070565160449742,-0.1388861763325691,-0.13515932301592892,0.14845450586950268,-0.07311140849329568,-0.1382517579096103,-0.3070565160449742,0.1388861763325691,0.13515932301592892,-0.14845450586950268,0.0015780698643577257,0.18732746118793003,-0.006930032933296583,-0.11397979687098353,0.13565801372019612,0.3476036736685332,-0.010106728364030964,-0.21261546931462533,0.25332144012928864,0.32675178238557673,-0.13238955027316035,0.18936950696732546,0.20371047301321113,-0.24363130962427965,-0.01934897578465988,-0.032399494370616545,0.032399494370616545,-0.008847478060641805,-0.01255379454837537,0.05261472755659128,0.010148166493100583,-0.03958974117230657,0.04832106294464471,0.0,-0.11905308439551987,-0.036871006274371954,-0.13412210353890988,0.03191267384538554,-0.07418140377758488,0.09224130305133507,0.11905308439551987,0.036871006274371954,0.13412210353890988,-0.03191267384538554,0.07418140377758488,-0.09224130305133507,0.0360608264252744,-0.22996000750884563,-0.028575255825568215,0.12521684468733293,-0.15236869511999038,-0.11184431585985571,0.0008164337443422896,0.016310609257848857,-0.019249308044789665,-0.09383387414379568,0.28435300899229904,-0.34982563330253313,-0.015759791050667635,0.01870319992582542,0.002076730925803754,-1.0498102742131807e-17,0.11924041971892803,0.007495812406109876,0.07712842163612126,-0.0015929373096236722,0.12030678291107771,-0.1446035750539423,-0.11924041971892803,-0.007495812406109876,-0.07712842163612126,0.0015929373096236722,-0.12030678291107771,0.1446035750539423,-0.044155031521144784,0.2147007029168689,0.03691348205732026,-0.11285008617027463,0.1383492846440601,0.04205758494363793,0.001730624062937419,0.03745581176440192,-0.044850019338842986,0.02674498610261833,-0.289615718947417,0.34985746666936907,-0.03573602952548732,0.042916988618218174,0.00273255871605212,0.0,0.0,0.0,0.0,0.0,0.0,-0.1081533753747614,-0.21020079360877864,0.1115954614093203,0.16906041170985397,-0.19187367131157348,0.056743119797098764,0.0055704022081357095,0.11974823484726367,-0.14322000727119022,0.06937534380626209,0.321434158409603,-0.3790216418503659,-0.11485194046873767,0.13789573575895886,0.01143098804680689,0.1081533753747614,0.21020079360877864,-0.1115954614093203,-0.16906041170985397,0.19187367131157348,-0.056743119797098764,-0.0055704022081357095,-0.11974823484726367,0.14322000727119022,-0.06937534380626209,-0.321434158409603,0.3790216418503659,0.11485194046873767,-0.13789573575895886,-0.01143098804680689,0.2725755952551315,-0.00784283917328335,-0.1649607204087342,0.19653679662500376,0.2660076784784288,0.10546936674119899,-0.10159543804862878,0.15795118765015992,-0.18887787909354467,-0.014562399935052511,0.018153690105822233,0.3883450901895197,-0.46406678992592915,-0.0001874059491990124,0.0002631677229300775,0.0008390038471329268,0.37196329919204113,-0.446118432704198,-0.03481874779870477,-0.0007868089651504002
0.9747655150949079,-0.20067168562835627,0.9186948794133654,-0.36064428396536286,-1.0049867526992686,0.23724671513139778,0.6955278428592918,-0.17985491156027017,0.4283942437230266,-0.958202269637324,0.22856062457955542,-0.44337439949416946,-0.5863969232330705,-0.5276860380385515,0.8363794954464228,-0.13429811493543461,0.23541712981091395,0.8560313837879063,-0.26324021453651814,-0.867190432231405,0.3418483547873623,0.5115267894955742,-0.14915131189013298,0.37265042591772046,-0.333307552075707,-0.31701926873845393,-0.5529614149525421,0.6251834642275351,-0.08440105677940908,0.12142659330775823,-0.24016514315851387,0.30314580134845,0.006918336047177818,-0.0321197410305139,0.10775637496099866,0.6867684702080697,-0.44389642368011006,0.030265186035458698,0.014996395958945172,0.5800868115310633,-0.1300504689145071,0.28920760691311354,0.05849497250390121,-0.19959773908165254,0.015584888964603881,0.0957784843167032,0.042938798224939734,0.8165602748665834,0.04342179515632302,0.4466377669754803,-0.044291342281174394,0.7555415225395625,-0.9431318071271285,-0.09910876269456129,-0.13266633039060163,0.08980886351560068,-0.11525919065542395,-0.05922304736970777,-0.13786860325171285,0.15206621064933193,0.7854764695055089,0.08519413435533338,0.4104953801155733,-0.07238187848033653,0.7200038068952312,-0.9077517434799307,0.8258113611255227,-0.36398866710739514,-0.5662561698912216,-0.12887135771354247,-0.009925080431751682,-0.471053510019566,0.014681628055235879,-0.7709542310446815,0.9532890841183703,-0.3294710092792383,0.26629967559066114,-0.4258377683150159,0.5309319440412406,-0.6534907784474449,-0.15803057145918237,-0.06466708468365111,-0.7591201876201077,0.014934202758812803,-0.3871991235415059,-0.038642212003832645,-0.7295074772298504,0.9039744724607878,0.21099586220827538,0.03601244734669049,0.12797130116163732,-0.04722816568374457,0.1830734050221894,-0.23151344609425803,0.47147371685484246,0.2388879181032326,-0.6804883976052593,-0.23115842704099743,0.2317769954963393,-0.2451809523445025,-0.01061259566991629,-0.4485342907446339,0.5568799337990556,-0.3592522938487529,-0.34747444097441194,0.40269305736191496,0.6421761787225229,-0.7985399075523986,-0.05253221627503188,0.6959424988293472,0.04518308110557013,0.3228423421870893,-6.056173929304959e-17,0.6617876995567802,-0.8327351755509655,0.6911203065785692,-0.3771963175478863,-0.4158646970680524,-0.08224978738151703,-0.046883657654310254,-0.3450943012121814,-0.026999426487355104,-0.6625421171970236,0.8239212904568224,-0.19291641631343467,0.3205295978387499,-0.47308602666405836,0.39545528784703404,-0.4976059977669671,-0.14299934153674101,0.24013993388271448,0.32384742352647594,-0.5082661109877004,-0.18905913829706333,0.22551859636856653,-0.09037372255627128,-0.03299845742227223,-0.240628973050327,0.30198270027002455,-0.23578071751848703,-0.3956570218169612,0.4921183769011383,0.4833219136911791,-0.6081695971605477,-0.011769308003275237,0.4517577672263182,-0.36124724386588586,-0.15936826864898543,0.24013351705322072,0.46899394221373464,0.1407426513803861,-0.1004129399619859,0.05290414333916771,-0.16900045234297678,-0.03938923196146565,0.1980285697154293,0.5126540567403558,-0.6584693670267235,-0.34008357111117266,0.42128096270316007,-0.040212476714583945,0.4705189296838828,-0.6395761940325522,-0.09119405693965396,0.09740356366111332
-0.975702009292669,0.19864146740190347,-0.9180629924645178,0.35754231206274373,1.0007508882922513,-0.23763473731765042,-0.6893149849963828,0.1780205488424115,-0.429832372414108,0.9603989951396493,-0.23032426765299158,0.444353838830064,0.5905195878339865,0.5335316970874427,-0.8409510049615798,0.13374109435317702,-0.2473883802348065,-0.8567726795386894,0.26146935868159027,0.8648321536775373,-0.34252843487255347,-0.5072959495547015,0.14800033987107866,-0.37272546762573455,0.33370244265936666,0.319397686484944,0.5581096974875941,-0.6285525920707506,0.08381687849278013,-0.1313078061224524,0.2393679196602954,-0.3037341949482263,-0.005764252863286242,0.03206513246662743,-0.10509955940684484,-0.6910514486046713,0.4453495639644293,-0.029432037213428505,-0.006405945732397332,-0.5817458194489843,0.1299178787767559,-0.29529227686906934,-0.058949165275445664,0.19569442936296697,-0.0137808844507734,-0.09571843425853559,-0.044089097649205336,-0.8175252574489279,-0.04203559171751105,-0.44808771721776247,0.044116543638557805,-0.7554631235426664,0.9448604884717543,0.09903994695360671,0.1313628805365159,-0.0896178296811019,0.11453786667448355,0.058641650385875044,0.13633922443588792,-0.15019502967431214,-0.7853867214383145,-0.08477334675020681,-0.41087918811166546,0.0726584972454505,-0.7188788119501113,0.9084662740323823,-0.8231095327188807,0.3633104317191649,0.5613997658536342,0.1276760072845443,0.013909182479434502,0.46982920345386026,-0.015551784065301591,0.7671883277062755,-0.9505993696876556,0.32731018106794035,-0.2657503005993152,0.4275222112369582,-0.5256711531529906,0.6480910860049629,0.16041570319193355,0.06599289817705489,0.7611110512973192,-0.016554921632862634,0.38871927193508826,0.039074460173754884,0.7304940748094076,-0.9057718717892981,-0.21306409541109025,-0.03660676344755111,-0.129884334763426,0.04841425059186406,-0.18437803050940854,0.23422256828253196,-0.47564317497089376,-0.24296981914808422,0.684527985953038,0.2319931846940116,-0.22302520021219654,0.2482082143843814,0.009529743553193125,0.4514635432794101,-0.5611954306240526,0.36208005963236245,0.351680920461088,-0.40305474582827194,-0.6450814614859768,0.80318319486154,0.06203340993930731,-0.69695436896316,-0.04465745581575459,-0.323240246657821,0.0,-0.6618440256993893,0.8336512548727654,-0.6898819321726407,0.3772810652018953,0.4126673700541336,0.08158809347576067,0.048785850795817806,0.34413446432145245,0.0264417236844529,0.6603556451056933,-0.8220657076097712,0.19139086922200396,-0.3204351296142528,0.4739053209198034,-0.3918785011387801,0.49360573117930595,0.14391851872001127,-0.24242522655550905,-0.3281044539147925,0.5113053737926134,0.18959804888323595,-0.21788266056941602,0.09141097711892861,0.0327619685812006,0.24236113852995964,-0.3039340723745564,0.23713815782239525,0.3995092148284428,-0.4935088292681489,-0.48554743613426127,0.6115900630905314,0.019878366200921205,-0.4560065859127409,0.36257661875453456,0.1592948709393982,-0.23264110107184693,-0.47105499698122866,-0.141043912020986,0.09497916977405582,-0.05240586643100621,0.16479921399358632,0.03877776538152277,-0.19834221514200898,-0.5159511529338957,0.659427615370194,0.34095324873256605,-0.42313091463013774,0.032867962649180425,-0.47163004546244597,0.6398773690037132,0.0964978133567444,-0.09381268246582085
1.0154797388074426,-0.05015504525752756,0.8926797653135949,-0.35385870337914055,-0.989570694268358,0.2279187530777067,0.506002841552361,-0.2126743864140548,0.34282791819935593,-0.9357282464755345,0.015790193292802113,-0.44014088321632855,-0.41236547416048513,-0.5853226606710026,0.6651119574407499,-0.17694083097341187,0.2592760803821948,0.8217925791231356,-0.3043293591052803,-0.8914870547346387,0.23892835122189557,0.433413306529912,-0.1872326428761576,0.30309788706886426,-0.3814131865049624,-0.3471116051725187,-0.5180847597653861,0.576813185941591,-0.15223674475217283,0.22259153270544113,-0.2852163330364952,0.30275136696051086,-0.012450388508948152,-0.030522164122243386,0.05824388495990042,0.6629418103060901,-0.4426648633437441,0.08606364402503323,-0.11344550700986715,0.4409407695788508,-0.16229892628876233,0.2557991265107742,0.051128262044059576,-0.09534854376579747,0.0054347469565820174,0.10072797960829773,0.0783209973558275,0.855654918583227,0.031785159946014406,0.484272612293616,-0.029394113563773944,0.7932717347199056,-0.9384934960452185,-0.09241545525512382,-0.007161087149523108,0.09658811183451971,-0.04652629539848092,-0.048739899889736926,-0.018084377065010458,0.012346696576366422,0.7794743393024859,0.10426415102540668,0.40813176471609836,-0.06486606782556893,0.7137458959908388,-0.8514446376726068,0.8227476575086743,-0.36079880944430975,-0.4161210126899812,-0.09722520195173791,0.03816097527548877,-0.47905083734621,0.012805939515936582,-0.7663752826773257,0.9038179543707435,-0.24790527865526465,0.2794677968061754,-0.3741309889155648,0.3891228566402848,-0.45771789948538094,-0.07125909675007358,-0.07373626565304664,-0.7447967160160867,0.011614676927012037,-0.38818026418943197,-0.03888849755975512,-0.7134203167309792,0.8390699342224871,0.047251784228894735,0.032298792164249676,0.05267442635149297,-0.05175521340938809,0.025981903302901104,-0.03459030601032544,0.3336872070391613,0.28330061868770107,-0.5476906583488584,-0.1947365585666925,0.18830361206091628,-0.17833219519929636,-0.008882080092115385,-0.3165930053808551,0.37298743572461934,-0.3002427844561383,-0.3728605401907054,0.41730148734758526,0.5144499465797182,-0.6071830210743785,-0.03901463070972267,0.6780905963202636,0.06004956160966262,0.322087077343637,3.3317117671900445e-17,0.641307302883609,-0.760787925672368,0.7133602308542443,-0.31642488456079293,-0.3576248982335588,-0.08299898021757607,0.031640921942510294,-0.36686143237974816,-0.031670131507741284,-0.6820138496527012,0.8031609297279095,-0.16986868551552625,0.25983650455895996,-0.3399856903107941,0.3382253937376053,-0.40123945970104336,-0.06319667005190246,0.2585438541268619,0.2780022003068153,-0.47594929323633894,-0.17202973168938873,0.16943122312651274,-0.09818706297836488,-0.042148566227531464,-0.25975344990010335,0.3050791653369942,-0.2260717338570192,-0.3446344722057521,0.3923846256167306,0.4501312349870662,-0.5339942442668605,-0.032769459005908906,0.4131091398479571,-0.36434892257416057,-0.14933151031320208,0.16617975702332402,0.3687157883021925,0.11430388142108908,-0.09203563871438666,0.032471780959888646,-0.06714935989293246,-0.01271133897316462,0.20571484372191373,0.4717534171541368,-0.5505746571590512,-0.34170907234321907,0.40283698503496684,0.009252462575734925,0.3641384648189042,-0.44557830835304063,-0.047238589950035485,0.027074901353247825
-1.011858762250963,0.04993559057112865,-0.8894330684033311,0.35649660178091186,0.9845736457940092,-0.22902387041476926,-0.5031831303863937,0.21366197588286412,-0.3410875777234227,0.9335364839396657,-0.01252310848512344,0.43608713108171715,0.4046746391255831,0.5863700534085763,-0.6612683737389887,0.17483940184340593,-0.27503232067827704,-0.8199690525120353,0.3073811556862473,0.8883925167387633,-0.24023399579471058,-0.4316007330691932,0.1884952209207948,-0.3011129695476565,0.37891243696661703,0.3435272751222108,0.5182590952034849,-0.5750333578854996,0.15104107337694914,-0.2375344990021425,0.28175351491108525,-0.30529289812883953,0.016117111372283187,0.030484081988685064,-0.05010167170220357,-0.6621523461334372,0.44219804044776456,-0.08467454897119202,0.1312041632773108,-0.4412649057683473,0.16338978016379738,-0.259910293362022,-0.05268686873736684,0.08613732172810043,-0.0008613840489658187,-0.10100329637662554,-0.07948303238136868,-0.8522984733834591,-0.028053731262322107,-0.4825021999905717,0.02899539873822884,-0.790257580649108,0.9378858986269147,0.09270533346846227,0.0064758995314327305,-0.09689524642187389,0.04667271750868108,0.048796585385550324,0.01767184886429557,-0.012237791473523161,-0.7771814670762136,-0.10199923062157462,-0.40613365804778573,0.0650130136435635,-0.7114270819102242,0.8512031913396677,-0.8194321048690792,0.36290350340441724,0.413620426443833,0.09845283737657183,-0.04313320748234224,0.47584103851660037,-0.014262801953950717,0.7630242484890988,-0.9031388504010089,0.24650436914530852,-0.2807508653981757,0.37492758802426973,-0.3868613720217869,0.4566234037127446,0.06834599085155924,0.07458075043217152,0.7427968313392395,-0.014512194206849962,0.38662322606296623,0.03925648957209071,0.7116358074730386,-0.8378358371441159,-0.044803638112399354,-0.0321350059698186,-0.05203186383464192,0.052302485347765645,-0.023514395624729817,0.03321179887873711,-0.32877089014020316,-0.28595819102235215,0.5444964512226358,0.19331334883862136,-0.17254418332121102,0.17671096246883014,0.006737444970368686,0.3112018350975687,-0.3674652714652667,0.29852131826634665,0.3745809176906299,-0.41235449080367576,-0.5114377878864366,0.6050445318789848,0.05274151770698766,-0.6769902860088031,-0.05822743018424349,-0.32039695696310816,3.8327198438756893e-17,-0.6401222277833084,0.7599667511476332,-0.7116550160334468,0.31845112645631596,0.35634211172601965,0.08433498364624224,-0.036280519105832555,0.3641923634252427,0.030648719576993895,0.6801527483702469,-0.80200068315172,0.1686448544305109,-0.26119573062711887,0.3403122686028675,-0.33693615864984827,0.4000177883527101,0.06036691760453364,-0.256718872648313,-0.2798324895627976,0.47476425631782343,0.17110027920142348,-0.15506963937845428,0.09742830909889987,0.04083412001625223,0.2574544861831246,-0.3015214818056811,0.22469011172356135,0.34556922049206423,-0.3875199304254201,-0.4489091789156026,0.5329545443879335,0.04544673818889673,-0.41491970391476235,0.3639470526159681,0.147880984529573,-0.1492520569680905,-0.37061877795200754,-0.11534396680934629,0.08794006436081277,-0.030917724297879548,0.056179756009247954,0.010148134610517534,-0.2041206646947688,-0.4722314810695819,0.543974730233395,0.3414677333785052,-0.40372286278560243,-0.024009461728158564,-0.36506766447017763,0.44263230604004505,0.051133113685681526,-0.01841306787267944
0.9717623905355031,-0.20859374085651508,0.9248600717379165,-0.36063855068047,-1.012408238332332,0.2315863817682114,0.7032147616703406,-0.18050602514209196,0.4329935926970126,-0.9556588988591546,0.2320479593314434,-0.4436617914370507,-0.5915981800142195,-0.5260543280884257,0.8383632140443513,-0.13579418909503113,0.22825450743234882,0.8597235435304358,-0.2594279938530833,-0.868641627839065,0.340668902198078,0.5116025590488363,-0.14836586879573987,0.3768222787830183,-0.3361311774313386,-0.3212907522800515,-0.555964910943351,0.6299781899655367,-0.08613686792369431,0.11384285048167976,-0.24266605165556004,0.30095988722875217,0.009923646525929372,-0.03201503498866217,0.11297549621110131,0.6890447953725273,-0.4453200243852781,0.03158397577507833,0.025800008191875525,0.5804738666512991,-0.1300771278255022,0.2887936307318022,0.057459656409469914,-0.2083780592478692,0.018108027350758806,0.10230459351121048,0.034455013242918234,0.8102444372118104,0.05449448183760883,0.4433023574931836,-0.054462146640696554,0.7526549092232009,-0.9487840799035518,-0.10476278438950168,-0.13595601056504233,0.09488616390744847,-0.11953791262237605,-0.06234202725989801,-0.14255800482673747,0.1580769007881766,0.7839246937152723,0.0877604550981187,0.41369509894336937,-0.07676685113731752,0.7227279195665713,-0.9183431267411891,0.8239105980475078,-0.3576115938071848,-0.5661205913453958,-0.12881994002794991,-0.008914251498472863,-0.47483123772579344,0.01730526108265514,-0.7740137462982803,0.9641874048074278,-0.33377444560041125,0.2617135383209752,-0.4236349920265141,0.534541470278901,-0.6623195303240423,-0.15912687271103146,-0.058313444441070623,-0.7501099801171405,0.008690473004253088,-0.38057458513073855,-0.034701047362846495,-0.7258862859097843,0.9090313363218011,0.20920951777312816,0.033988613630042595,0.12450843687953161,-0.042730245619173296,0.18454184695375433,-0.23465398937538606,0.4683881774173437,0.2362267537485677,-0.6741528210793587,-0.23040379131830419,0.24285494268957217,-0.2403774957092621,-0.0138577724759802,-0.45059290704040067,0.5648091849750696,-0.35296523574562766,-0.3454954540987635,0.4094892067001788,0.6417232770034755,-0.805746803779259,-0.04420577626062541,0.6906390458329589,0.04518566311638199,0.321582684127121,2.1956345708524086e-17,0.662070175378263,-0.8407701195687561,0.6841680718349814,-0.3707084661788703,-0.41098409585974055,-0.08059832239155253,-0.049002814885078495,-0.3428235258786469,-0.02688899362663697,-0.6611400943898589,0.8296864336501223,-0.19136677759180662,0.3178447492809814,-0.4741102608526465,0.39398338982610415,-0.5003237935962657,-0.14509455265206078,0.24043499796979234,0.3208904902388265,-0.5060784240323296,-0.18965741318265555,0.23726782189830822,-0.09095935538987229,-0.033110623149339345,-0.2428977021567103,0.3082241977840864,-0.23564560816693575,-0.3959268807568367,0.5011248074632272,0.48514406038270586,-0.6160897210374949,-0.0034320930986346493,0.4469401478998317,-0.3582591236431128,-0.15982138552951564,0.2521042807593751,0.46259829395355495,0.13924906867820946,-0.10458813974360556,0.05380105386249963,-0.17710056986737127,-0.04114614672270777,0.1970823139586891,0.5119803113987429,-0.6683262119477934,-0.3399194498813519,0.42455051057913784,-0.0498044471805668,0.4685139406319445,-0.6456213303148085,-0.08841616582915687,0.10427833076816909
-0.9482689127865236,0.21043755535260206,-0.9003055440239659,0.3621995212188893,0.9876187242497212,-0.23884734294486226,-0.6932490132821181,0.17797873297817976,-0.469008286619591,0.9387572468379404,-0.22030903448405892,0.44694374775678586,0.5683553453001663,0.5239650116015407,-0.8172518867190015,0.1318683172903193,-0.2554832864658453,-0.8423845265944981,0.2593817770157869,0.8515843071273491,-0.3527286254975032,-0.504932766936738,0.1469296073809297,-0.40760763581087733,0.3401884242034448,0.3101568941106606,0.5529537299624171,-0.6148544741287013,0.08384905720764331,-0.13359739490795547,0.24840209021389398,-0.3127079238142341,-0.014589817143211411,0.033517750211150214,-0.12347172382708861,-0.6888634769891634,0.43565857517691603,-0.030666886429788223,-0.015020306003640184,-0.5889011665537403,0.13155659160707558,-0.3235004673701674,-0.056983703408352016,0.21743238452087024,-0.017270145323360936,-0.1024568950537158,-0.038161836719125285,-0.8099504682952822,-0.04288108766796294,-0.43271338056113523,0.05190850157221012,-0.7404398077212375,0.9587858098810492,0.10574341615040757,0.14060796085671215,-0.09719242662189849,0.12183327067436471,0.0633835428079633,0.14508668669922098,-0.16209685571673912,-0.7835594797641774,-0.08045758373815762,-0.4012146734540621,0.07718186941606607,-0.7101509394376403,0.9291651196622801,-0.8271817500329182,0.369286698964431,0.5723019295673379,0.13079937985237275,0.03438024768282562,0.4614702273026682,-0.0227135320959639,0.7631171779184905,-0.977363298987073,0.3294174548723935,-0.2677150505269689,0.45551383002567863,-0.5315692099150452,0.6752639368762204,0.18626459176559862,0.06158261608159488,0.7535356199049099,-0.01895769430342115,0.3717605721821163,0.03691316702954,0.7187649070949961,-0.9215646438876157,-0.20616050714992049,-0.0328351741659929,-0.12161754196933376,0.0449490058648069,-0.17733146585112525,0.23303398912986706,-0.46524170317614105,-0.24358825159178135,0.6735783062350884,0.2363550405232941,-0.23368320173912313,0.23565759692651964,0.005844518776674783,0.43782756148466667,-0.5631057094027208,0.34424579741246025,0.34895519890758253,-0.4131941648101027,-0.6309188617694707,0.8123304973100188,0.06615900117568638,-0.6931932158501384,-0.03885255877243867,-0.31045662024001697,-1.1599611221374205e-16,-0.6546151815799537,0.8536960364513849,-0.6888004235249011,0.38585214924258465,0.4155061702237017,0.08065751431880502,0.0725531523635647,0.3301157449048434,0.023288568799867654,0.654987606271914,-0.8442196237238254,0.18609045551364906,-0.32825482166326597,0.5076868164435078,-0.3923821538486935,0.5117129864089072,0.16784843335485217,-0.2395360523979857,-0.3296475862259886,0.5059600891817996,0.19536079340734022,-0.2348199608833706,0.0888033806845344,0.028358390780463247,0.23715495100673645,-0.30815987514903187,0.2266015530331992,0.3987969873945424,-0.5111421189734165,-0.47780207318641366,0.6231107184269844,0.018843265310321287,-0.46089155280241434,0.35917376318719735,0.16625121543008703,-0.2584029677715267,-0.4792262623496777,-0.14710030996925638,0.09620523328461164,-0.05822926569343289,0.19370954448008945,0.047770282527404694,-0.1877211665460885,-0.5179445112973863,0.6887286437022834,0.33592112114705686,-0.431480141076865,0.041954391712375964,-0.47863487435498325,0.6769425327444358,0.11170355395411906,-0.11121735404045383
0.899684184274035,-0.22770714037072995,0.9010502480397733,-0.3846627047434415,-0.8291041848889296,0.2458659972688615,0.6935338400998551,-0.14657471745478018,0.4323003911145538,-0.9074386080674777,0.28555443151109944,-0.4742625390807507,-0.6686279373241897,-0.5415622400988637,0.8446297716394653,-0.1753914686515684,0.23488557633903562,0.860219160185832,-0.27883882525566805,-0.7145325409492955,0.36204163249270116,0.5048261471158628,-0.11249035905206717,0.3764024912284028,-0.3623277124610153,-0.37411160474585553,-0.5865942737420903,0.6347128363608041,-0.15564223921314574,0.10392727347841085,-0.18501552895198625,0.3364169768340024,0.007967507808198491,0.006317175696522393,0.12467586020051238,0.6453898089098071,-0.30696027752173016,0.11825857658823856,0.09322922327044998,0.6123459506576217,-0.09747808012071679,0.31893259448135086,-0.015558811010452192,-0.21996347064041546,0.043561293117121244,0.09082630641092229,0.02776044289411858,0.7434962838899858,-0.07637907119463315,0.3767826362550895,-0.05242184604184053,0.6786505522007161,-0.8984208192493275,-0.1053639217597504,-0.14295642337153772,0.10737393322235532,-0.12521244844397839,-0.06183361767424633,-0.14073342678258166,0.18391530195783445,0.7557256126719908,-0.04805089428987722,0.37433419998363826,-0.07774278547316009,0.6758455195573182,-0.91510294152096,0.7148940841605355,-0.36770816324287814,-0.5468631204734407,-0.16348262811045533,0.028567293307319545,-0.3309912284200402,0.10747528626035116,-0.6266329633834102,0.8658715516569353,-0.31054385629408887,0.2511981476824482,-0.4278100504719646,0.5003826252881254,-0.6688250302348118,-0.1755602524156404,-0.06329789010894235,-0.6974279540086492,0.15186280627625687,-0.3256700174085257,-0.03714684752820152,-0.6570594696693585,0.8825622747548233,0.24773185268010217,0.006612995482282933,0.14930284871302257,-0.0467043577104492,0.20357860777716727,-0.29422293469120686,0.5822851890723744,0.23982520988686715,-0.6654025721793546,-0.2048944050914094,0.28073332151886443,-0.3412090517239762,0.10768818731470775,-0.4843597867706557,0.6898668209505471,-0.3319149952983599,-0.31632813230756385,0.4425670018277197,0.6082218581768806,-0.8311640909457747,0.0004127700871112347,0.6770868546130824,-0.08667170705730194,0.29215099929083266,0.0,0.6182818480626908,-0.8629893526813913,0.5890360778939551,-0.3814547889741166,-0.39735356278658057,-0.11354982769750907,-0.018107298977012038,-0.20604645307305458,0.050863949517516376,-0.5160997268415016,0.7581477386963138,-0.17145103268355363,0.3089326543013387,-0.4870893539503669,0.3628433980960566,-0.5064518556201933,-0.16323186544063795,0.3294994075926384,0.33687092230780374,-0.49958863722733793,-0.1395921361021193,0.28011834019192844,-0.18601153160209755,0.0639507320514562,-0.2757702294211695,0.38917718989101313,-0.21556365864423319,-0.3582432502799452,0.5571405764844347,0.45619935432441844,-0.6367568233091323,0.07590032764432514,0.4766859007145807,-0.24080864607906224,-0.04107082743022203,0.26965381222665175,0.4792774880865696,0.1634250779397864,-0.1285867165941734,-0.006519851237989182,-0.18112854965694758,-0.061890419144721064,0.04255390330940135,0.41957625650289576,-0.7165169517942376,-0.2190598253091753,0.3301112946922577,-0.18284495436537906,0.43483902841807387,-0.6890227639223085,-0.11684978097529707,0.1737074879196616
-0.899283358541785,0.2362476917827749,-0.8926262903964605,0.3705478167077863,0.8141804787533761,-0.2577541739457637,-0.6987865263437434,0.14045518175482705,-0.4753812250227075,0.9091385696106747,-0.2784885308241256,0.47552070808166963,0.6549124509706433,0.531485731339749,-0.8400032938498246,0.17535159395162142,-0.2274470536848003,-0.8556361240249153,0.26225024053587,0.7040088174959597,-0.37452657339317025,-0.5068899730914531,0.10605874578872948,-0.4194712623811575,0.3598459497665081,0.3659675402133713,0.573272673602463,-0.6295066706521611,0.15539164318943977,-0.10239048323818864,0.18109261114332348,-0.33653066864165165,-0.019687718443813708,-0.008811152312032316,-0.14616535513515677,-0.6315723327606403,0.30151662033937277,-0.11857617380595535,-0.0940888651969709,-0.6146677680929734,0.09601471088597796,-0.32471419168335003,0.020283011128624472,0.2475966518999314,-0.0467305945496849,-0.09450288660314837,-0.03181056959189691,-0.7311579946553238,0.08484266860811146,-0.3668101239094619,0.051823907864535834,-0.6750847826446066,0.9150588857276114,0.10622516408716012,0.15154870264893494,-0.10588817627264249,0.131762700543494,0.06292916936757088,0.14801730498516047,-0.18342054242445124,-0.7395556422503935,0.05142787701677798,-0.36052820567083876,0.07815173706018112,-0.6674227942607086,0.9224101657656544,-0.6950250073642339,0.3643195150254716,0.5465483358870227,0.15846335478659596,0.011724451232856304,0.31325496427224536,-0.10883500241339678,0.6138401038057262,-0.8677305976753397,0.3082062152775428,-0.25507461140914295,0.4602572716926286,-0.5034941064798356,0.6781512278929896,0.2104185203046081,0.06423575494619124,0.6880469279982849,-0.15477418890338152,0.3188655465794596,0.038054097041882146,0.6559523591147151,-0.8974300350200605,-0.24401562706603908,-0.00804371241395767,-0.14641073664936113,0.047259384097517884,-0.19918823429249197,0.28356365188387467,-0.5728123338993103,-0.2313461026226689,0.6555394109891681,0.205586080665595,-0.29468594871743625,0.3335911344788128,-0.10846802006601344,0.47501164229885584,-0.6724626344166151,0.3249057354112317,0.30928011121397003,-0.4401748412957845,-0.6037402655493666,0.8335602781034637,-0.006511508892843708,-0.6662337509916876,0.08742942923119833,-0.28394821513501173,3.9020704931530275e-17,-0.6134250781784736,0.8680071241302452,-0.5757609375260309,0.37768917893389514,0.39468554287331686,0.10635039511134509,0.059994330049659754,0.19542585725008912,-0.051794331475786125,0.5071084539841018,-0.7569216404296298,0.16821461727457535,-0.31386988550395895,0.5192526430055959,-0.36340099797195424,0.5142187145207041,0.19917869542725236,-0.32252037776415493,-0.32791885130226406,0.4901599858711268,0.13790634924183978,-0.28590467940345976,0.18009145309468355,-0.06432338159526771,0.2697998081926987,-0.38159336775062774,0.20890573753061858,0.3492576088710943,-0.5474753670686706,-0.4513077087514692,0.6386082348221153,-0.07818992128809232,-0.46733144690113254,0.23276163473765435,0.03783405970368538,-0.2726098058821413,-0.47207230842243725,-0.16356017613200002,0.13714762262817454,0.0016786181879758404,0.2127613840554423,0.0772508936211602,-0.0372530485246254,-0.4098000842902958,0.7049602771861225,0.2140916204613037,-0.33117560198424406,0.18524334048756175,-0.4339383161408829,0.7057212898140158,0.1207462547153757,-0.1980839622684834
1.0077428435074856,-0.308059268219713,0.7831188320082254,-0.3441101729097313,-0.7671967392407715,0.2638687060939452,0.6688320437244671,-0.17575650622207836,0.4277959548814875,-0.9918918445997812,0.23046826202995502,-0.4677815953801624,-0.6156604296303434,-0.5494289141266312,0.8619939315497633,-0.1420538934377316,0.23563507688886687,0.7003486089925336,-0.19570034107819026,-0.5669266630008716,0.42767447034822925,0.39480690175826016,-0.12956720808096872,0.3490352243258876,-0.2848168111149598,-0.30297489027582425,-0.48730833938818413,0.5168968705878373,-0.07019527157891695,0.0852765926566047,-0.14589584903128855,0.3100959783168379,0.016121612499406454,-0.033077356252544085,0.1181160927975691,0.5794867173552025,-0.24762816401832513,0.0007709880708917609,0.08196394473920057,0.590357838538279,-0.13301933552288503,0.2949365423155255,0.05605680684392224,-0.20953483159025504,0.0192069665938795,0.1618122116891001,0.20336002461811944,0.8159424459916806,-0.18547936166815226,0.4482707488890644,-0.004786594191786256,0.7715143490822618,-0.9732903272466348,-0.1879101715399381,-0.19417394619970235,0.17988759609704838,-0.17940205575305332,-0.10593043476057949,-0.20762498901059384,0.22883664999620162,0.7035109731542755,0.010682057210431231,0.2951039748306897,-0.13868833088758684,0.63501246125024,-0.842673888150724,0.6845136372160675,-0.3667167718058811,-0.53990096924477,-0.12114076846662764,-0.014029149502001919,-0.2927033018141315,0.12674542995975965,-0.6197042246441262,0.8197056335907401,-0.298767563051533,0.28019548390814053,-0.4451426028583121,0.5112139938344927,-0.6439341914035598,-0.15776704467623698,-0.2371673792370207,-0.7279971155662949,0.28141786744035996,-0.3529985794756837,-0.13369815687845935,-0.7365695930786171,0.9201455619902726,0.2810011661417297,0.0818200938177455,0.21339179861556626,-0.17504293513124092,0.20510952348849143,-0.27013963627923143,0.5845809894453673,0.2367762446051818,-0.6957115704548492,-0.243110048735706,0.2610017453797157,-0.3749868218470596,0.16157792820985956,-0.4974869574407871,0.6379819899667866,-0.38082807975964816,-0.3574460371275926,0.425828412488627,0.6592562149673961,-0.8314050272152013,-0.04320165885243624,0.5608126604480598,-0.06314609951175386,0.14698339502114804,4.053762818189347e-17,0.5510526254351538,-0.7331469028447714,0.47161850416724166,-0.3835375049099841,-0.3161464249308822,-0.05022963653712553,-0.07462893925402662,-0.08042113637329,0.035597294813246506,-0.45775501767888827,0.624946968563575,-0.08285881924101686,0.3636979706585645,-0.5209556939647737,0.3106444090276298,-0.41329625493536787,-0.1389950350002906,0.2682909947263605,0.3304430699833189,-0.41391145131086,-0.16789160857628538,0.22986890825262904,-0.10752345032731711,0.04660539166973876,-0.2447176507972827,0.3248524859336128,-0.10848205584944254,-0.36869495729655405,0.4922325142392736,0.4067079936467461,-0.5411038658401444,0.0063847569959149825,0.4613710483611553,-0.1968376759055971,-0.1171596769858873,0.22901177535807904,0.4693527430310704,0.14441678953081924,-0.11323341324028043,0.05757307626327987,-0.1846641729174181,-0.04293020837150955,-0.0012587539381038319,0.4677870456948548,-0.6504194016201847,-0.19989461936484698,0.27811739230001903,-0.06703024590460699,0.4762737476362458,-0.6619805563456695,-0.08878398010111672,0.1061854679113477
-1.00744153524922,0.29513491565194666,-0.7906534560024564,0.35845444940707955,0.763035813241926,-0.26288456024937684,-0.6527880053745305,0.18771466064836514,-0.40479697832819833,0.9889304366823477,-0.2422118301979266,0.49997953892717095,0.6342357127632413,0.5728468186483628,-0.8716866913855194,0.1570262112203659,-0.2271308198394887,-0.705168562717444,0.20539662987263563,0.563213066516473,-0.4258724952824164,-0.38542856879827453,0.1382639278303538,-0.3308200084365869,0.30620996986538757,0.31430544235623203,0.5127811881066863,-0.5271661917839313,0.07810538112692099,-0.08093288576902828,0.15301898470825637,-0.3342887705284457,-0.013817846933247967,0.0372892560818139,-0.12008056982162801,-0.599373158091246,0.24925188092367584,-0.0007556579312725859,-0.08281150550857852,-0.5986456618760831,0.1477123063161693,-0.289441954419944,-0.06067205104457594,0.20307666174300693,-0.02077336532109313,-0.15351458138713692,-0.2018759140159174,-0.7713644781112522,0.18645488738585225,-0.4238449902908089,0.004422988777525188,-0.7640054509561627,0.9692736563853974,0.17962081058231577,0.17135347253127,-0.17089475159683,0.16422597529480884,0.09817651496308734,0.19521504712157894,-0.2222702284065871,-0.6772058587941243,-0.006568471611886428,-0.27996110506995153,0.13427997742117714,-0.6372167480041158,0.8418139381302573,-0.6505730436223992,0.3520888526411211,0.49824433628484033,0.12811138662226582,-0.0349344787403128,0.27236597477630076,-0.12416642404645079,0.613399204699847,-0.8090463407990158,0.2757913502057063,-0.27833590904440886,0.42322877839652284,-0.4942255378267152,0.6262793246513293,0.12637976302818,0.23507496488584897,0.6810039456925441,-0.27967413819201903,0.32876634542194383,0.12848645283774793,0.7260395820175567,-0.9168535296865957,-0.28564181476991296,-0.08226317041022037,-0.21669172680110324,0.17573610137278586,-0.21514992273793104,0.27854895625541665,-0.5781482178585633,-0.22826125034174635,0.6652264398863209,0.258935771964763,-0.30713082464761876,0.37285311895118756,-0.16411419971580793,0.5100423481594801,-0.6522439236066453,0.36421601587632596,0.36836213919683575,-0.45558680506148513,-0.6603647311502776,0.8376648371022232,0.021170275190535673,-0.5344219972811513,0.06554568028157004,-0.13319817502897485,8.253090959794001e-17,-0.5505773270904862,0.7324112604402844,-0.44593070417564756,0.3615505557842512,0.2921025077360471,0.055583083361786745,0.03738494094582563,0.0667994188714929,-0.03582572887889453,0.4525938404333,-0.6157214564051325,0.07280299304626096,-0.35862665519112435,0.5048132478731969,-0.30093263144842697,0.40031878732000653,0.1146902210526089,-0.2666631681927749,-0.3307789795046401,0.3995203757050551,0.17988753280188,-0.25670360974757717,0.10703186035792094,-0.04900029367271689,0.2526614629493821,-0.33397071098391556,0.09957558858268316,0.3856130520852104,-0.5173041211895162,-0.41159769188571577,0.5475321439431247,-0.017932519097526307,-0.456412200779925,0.18761469930283856,0.12236661926395508,-0.23285195760573227,-0.45108207470761946,-0.15610164529103848,0.15052744941342233,-0.056769791005388266,0.16825619877552497,0.039282557674203245,0.008563543261819163,-0.48156219748240714,0.6650745455724906,0.20024889465699286,-0.27775725205741875,0.06737281921897377,-0.4788672563098335,0.6601319019569505,0.06864606474271984,-0.09554100366902499
0.9488479552960325,-0.21826643777452392,0.921794104839718,-0.3842507037666984,-1.0043849012727626,0.2209387838079409,0.700185585129379,-0.1922224361436864,0.4421510857536882,-0.9385922652601761,0.23812573101555792,-0.46999458150020484,-0.5952606797925779,-0.5396408388970437,0.833849168334137,-0.14598115366000408,0.2251970168743088,0.8570540278606079,-0.2719831917836706,-0.8565992760131648,0.3426860071173267,0.500804669687368,-0.1565642888865156,0.3855692963790545,-0.3601612385824155,-0.3262249709359837,-0.5797018904450276,0.6343535231655005,-0.09357817365953415,0.1078125652237851,-0.25644374827994404,0.3279739410549998,0.009144037502808483,-0.036096554994508985,0.12781447397514223,0.7098326740139149,-0.4433930271761199,0.03393463453917147,0.039005904064994934,0.5923797954525591,-0.1433148213946543,0.3039027867966265,0.061201184759011686,-0.22238295284979306,0.022403806927996216,0.11332494151544513,0.019478786044674883,0.7822553104420007,0.06481117295711972,0.4197699540321372,-0.07249602345015521,0.7384402830521598,-0.9535119861408399,-0.11457455080721407,-0.13405192138403926,0.10504923975442931,-0.12294864172258449,-0.0669496533547797,-0.14690776639085126,0.16653133705383433,0.7678396384001076,0.08358215382702837,0.4032657156304018,-0.08480302012124927,0.7213317535017979,-0.9354020200639465,0.8017951450296456,-0.3521401245672468,-0.5478930963909733,-0.14056959942687774,0.021618444516414946,-0.45943072663538187,0.02891302251601594,-0.7685320974386425,0.9791207394030282,-0.32664248513769206,0.2569845883898656,-0.4176322637304982,0.53023234821294,-0.6698450989065926,-0.1509364859229675,-0.04770861570200376,-0.7176667995938509,0.00698385452269695,-0.35078124337843763,-0.02787770286492316,-0.7130236499454087,0.9163096483531646,0.20596560328153962,0.028485241718674177,0.1164249498431481,-0.035311809375029465,0.1883180196305327,-0.24391927278725042,0.4586455873415111,0.2369687438666016,-0.6515376867121601,-0.24542224897175627,0.28664645691438695,-0.2264828534958918,-0.01147571684913299,-0.4532899635572545,0.5828045548962271,-0.3276636793225907,-0.3553931162290504,0.44266635590407377,0.6377889727966434,-0.82074191558012,-0.02856070771552655,0.6691458965452454,0.0371637678173148,0.3028891383806823,-1.9667083453563604e-17,0.659039371547839,-0.85630564199596,0.6569970527339462,-0.3636733274067419,-0.3910038093263616,-0.0869061668337009,-0.029287967896392715,-0.31758805279912183,-0.021716003730298552,-0.6519007104441942,0.839132145457438,-0.1769880193869176,0.318842435188119,-0.4786497699776894,0.3850982365754259,-0.5003673633757936,-0.14005938828013892,0.23908312118481556,0.32531929716782265,-0.49527222693859274,-0.20388794608079375,0.27567196154556717,-0.09015311916586942,-0.027506978886577892,-0.24679585584377275,0.32126511641045197,-0.22418515731145758,-0.4126957527472674,0.5410939443738101,0.4877918236843562,-0.6337996010153278,0.0105930227817209,0.4493518905177629,-0.3465761106330769,-0.169134986302045,0.28113140348897536,0.4592696223193807,0.15306207721217402,-0.1355856755079973,0.054814283402564626,-0.18276179350831653,-0.04472725194199061,0.1823852313411773,0.5276249964674052,-0.7098199132395874,-0.33829722040052235,0.43336283395514047,-0.06292746301227188,0.47714469442845453,-0.6704542810025984,-0.08258142357723465,0.10985562009214948
-0.9594136024403015,0.22174706033848676,-0.9334712945203917,0.3729096035311212,1.019559252181091,-0.21878970323192296,-0.710730970877759,0.1871423987925024,-0.4440297321280745,0.9466448518925074,-0.24220638938772054,0.46033731818216106,0.6049275113237653,0.5332298296452509,-0.8418327801649904,0.1440707251301863,-0.20925317059633308,-0.8650672018764503,0.2615498766066629,0.8661745234890932,-0.3391220351604935,-0.506701040226372,0.151353001708478,-0.38975597553430935,0.35374793813326844,0.3311801094341254,0.5740454398499367,-0.6396439984038775,0.09293051646349297,-0.09149858790435489,0.2540696659334756,-0.31223612927071465,-0.013808914902128986,0.03379488565422511,-0.1317168517048785,-0.7046088520255047,0.4464786420405103,-0.035105876260815065,-0.05759746843250861,-0.5869911550508754,0.13686599844861147,-0.29450524444984777,-0.057479985039954766,0.23459754396187732,-0.025861156360104248,-0.11516201010757633,-0.01543593315311474,-0.7948734531953863,-0.0759289874950439,-0.4313945043504219,0.07611117966450585,-0.745240030027437,0.9544936576736538,0.1156157294130884,0.13895553671223956,-0.10483222551527913,0.12596936805305828,0.0677202999178201,0.14978221146577214,-0.16731137206432622,-0.7793799849663687,-0.09027949832128607,-0.4162096119709124,0.08548804911312619,-0.7280998427989956,0.9358283447509499,-0.8151916263287069,0.3489436460592646,0.5592568105317473,0.13461622707566756,-0.0031189936752780436,0.4757538747942562,-0.024634604263615398,0.7771484925333583,-0.9791899025213378,0.3369326602181962,-0.2540958839401716,0.41732300781333365,-0.5372255928309078,0.6718609947337973,0.15872455611176245,0.04430343827545022,0.7290385394838779,0.0023067391816691107,0.361647538417477,0.02595012065083655,0.7180283475175218,-0.9166729439905766,-0.20807414516761494,-0.028901097991300362,-0.11748572776055212,0.03275864388347905,-0.19045567262940932,0.2443309953869485,-0.4647504186400171,-0.23479263401388878,0.660938839140376,0.23821196765912017,-0.2846105783750045,0.22980162287416603,0.01863405323233627,0.458485319884658,-0.5852648848308083,0.33622337932058033,0.3494143655507208,-0.4364059688133181,-0.6424779594073078,0.8209155486469609,0.019208864350542046,-0.6784538963494372,-0.04264534251235314,-0.31461128360475515,-3.921544992721431e-17,-0.6632352466384541,0.8559189086366612,-0.6664286832945661,0.3610877950532766,0.397394900974402,0.08182377395957117,0.0468934381045849,0.3317317468296891,0.024978914198743873,0.6566229443076596,-0.837800663565416,0.18427916851279624,-0.3150449446979092,0.4772838330815065,-0.3884807893046161,0.5013425551389219,0.1490681929003743,-0.24229878696085316,-0.32155914807055813,0.5016592491916294,0.19833029114857617,-0.27824656297591593,0.09214617634383869,0.03153262236590988,0.2493300721493097,-0.3231671812340608,0.23262842349288707,0.4063154620213197,-0.5346981797394048,-0.4904063454515203,0.6328796096329509,-0.021797032269583235,-0.4448163331386148,0.35084448881725366,0.16559296691657008,-0.2900620290093883,-0.4553426542700354,-0.14433675021454187,0.12586326699365744,-0.055667442701480774,0.19765277053221428,0.04726566282359829,-0.1913142206459195,-0.5206994584988147,0.7035864667806656,0.33947549737858196,-0.43019203433310965,0.07761893695782902,-0.4709426903321038,0.6661030056358378,0.08096925957604227,-0.12299062273508436
0.9833695572198087,-0.2923340814525872,0.7395340288043712,-0.3247494985983775,-0.7407758494174904,0.28959277175244336,0.6253213945224089,-0.17116601536394865,0.3827513883568918,-0.961852478143643,0.22829092303333062,-0.4554645988995055,-0.6045701435446269,-0.5342366762770447,0.8406892318102549,-0.1397575492034742,0.22728839567722314,0.655486450903059,-0.1822440846714538,-0.5448415857403213,0.4420729826428171,0.3617203888179512,-0.12587389997030013,0.3068085897247518,-0.2671368104530051,-0.2826890353531038,-0.4689972343797865,0.48706317244476055,-0.06536689620596949,0.08207375815411255,-0.14344894359403063,0.3105570496280816,0.01199788171737745,-0.03312474569163429,0.10221784303245868,0.5804824514405532,-0.24885012226155442,4.795221167860027e-05,0.06409625655739998,0.5872941093170837,-0.1341468608808046,0.2748721516372142,0.057459619316606,-0.1826848032761156,0.014835060590746655,0.15828013205924993,0.21312711596844347,0.786474613090239,-0.1730134867372597,0.4094102170421671,-3.721157339714641e-17,0.7528300970441146,-0.9283536184747081,-0.18239110831112276,-0.18153087897481618,0.17066609065144742,-0.16832058779678996,-0.10064980370584876,-0.19624943031488887,0.21437257283110955,0.6618444291274465,0.030436227419674073,0.24512932419371045,-0.135526816332119,0.6032560084081877,-0.7811140639036923,0.649590418918277,-0.366813394999781,-0.5001165616764465,-0.11172144798532468,0.00046586967284987537,-0.2574594101027485,0.11001869439969297,-0.5972244914662036,0.7666732074460937,-0.2603425802363988,0.29296338070151107,-0.4327435432554947,0.4787221270638123,-0.5903369440841534,-0.13142991276125074,-0.2452086912078361,-0.6959556086632092,0.2665375302758549,-0.3144628363741265,-0.13531474678544791,-0.7138625005877467,0.8714567020591999,0.2812949310083196,0.09086399091146323,0.21083117418590538,-0.18220380129318556,0.20506065055352637,-0.26477942378330493,0.5636544104926626,0.23764384535538122,-0.6723624231223884,-0.2369116392133298,0.24820338766169994,-0.34569642846432863,0.14791039054450683,-0.4874246281076228,0.6107356423666646,-0.3500075412478063,-0.3508053282316397,0.40972018828548895,0.6435995006363487,-0.7936557366797966,-0.042064672593109836,0.5207423349972192,-0.042742362817784416,0.10160184985145033,-2.0424189850380112e-17,0.518574919279356,-0.6720991089338915,0.4447256262105972,-0.3794471312184205,-0.2873638648512953,-0.044179926025933514,-0.056877048248596046,-0.05562535903056711,0.023586733297304163,-0.4392483305344854,0.5786561534891619,-0.05606746040632494,0.36924788001510844,-0.5008328967472216,0.28616780892196925,-0.3708878355499678,-0.11366139382440447,0.24199768981298792,0.33118170563807986,-0.3869407420406745,-0.15941006806691074,0.20870474380860854,-0.07439936982649858,0.0317599712444611,-0.2279061284600013,0.2952053011140914,-0.07549586913158371,-0.3609057137050594,0.46816189296303207,0.38533023068060823,-0.49940730848615367,0.0020925530683270294,0.4591720406056271,-0.19691326302716403,-0.11560861920563394,0.2046702466845084,0.4647081544087554,0.14425421407682634,-0.11590334490385693,0.055139899267633095,-0.15743342443720085,-0.03511781748180134,0.0002765806312325976,0.4679769074425262,-0.6230528812164936,-0.20061954259996434,0.26706932741603534,-0.05172498257528586,0.4735322881488209,-0.6304950482765324,-0.07761342513544878,0.0856115303265124
-0.9687078791030583,0.294762071091689,-0.7308759210160666,0.32853029119254307,0.7312789688874254,-0.2950481969323796,-0.6230137400339385,0.17282055999217616,-0.40546815593761,0.9501197918042101,-0.22191376692662096,0.4623638271038973,0.5897061793946352,0.5314792675151547,-0.8253190856466397,0.14028148156130882,-0.23451449334516777,-0.6493267268042194,0.18153647388213548,0.5378087843969758,-0.45110716089279446,-0.359927827053848,0.12681901023885628,-0.32632886442085846,0.2735862887338424,0.2774016627001206,0.4685836316026943,-0.47996979376967247,0.06625020499142699,-0.08405220213316533,0.14904451900866603,-0.32107373000960526,-0.017463156861915772,0.034911721338817744,-0.11399586598052774,-0.5808266535467468,0.24377156695335228,-0.0006932379211661952,-0.06979561298102321,-0.5931899664644956,0.13754439878948546,-0.29388735559583107,-0.05701906349705018,0.1946250879064673,-0.016878924934321544,-0.15641665692685347,-0.2085842352947375,-0.776030656121053,0.17361677742338338,-0.39699025840950847,0.0,-0.7443746810829701,0.9348948190175466,0.18148287340142277,0.1830859409810499,-0.17090792390081858,0.16843893488256764,0.10059763994676561,0.19859589518375528,-0.21900261600109755,-0.6562436146151129,-0.026469220455904875,-0.23599293775631935,0.1341486400042673,-0.5988318950227288,0.7926707253131782,-0.6447075345916623,0.3709991203761154,0.4990955187632292,0.11400297298382898,0.007757190918257244,0.2468084701793188,-0.11165970688225875,0.5929032996804015,-0.7784235166428477,0.2553198864014142,-0.29754531008078133,0.45091605849174543,-0.4787363291371905,0.6012672450582061,0.14478170987813443,0.24041408641810652,0.686482164183135,-0.265504814317585,0.30355497024547756,0.13326375789810294,0.7074400564129236,-0.879088645941779,-0.2773319978604131,-0.08720426582691229,-0.20538265927051066,0.17770945613981312,-0.2007287224931467,0.2646639536633975,-0.5552800824447025,-0.23628410011000398,0.6611620751310634,0.2429103770529726,-0.2583556051507926,0.3369244054658493,-0.14791790496083998,0.47828409159775137,-0.6111531817006698,0.33822749267253727,0.3509100482990364,-0.4168204398989192,-0.6341918388634756,0.7965110575148477,0.04482075743780687,-0.5150878304188603,0.045365400063206204,-0.093308064979463,8.206647007294053e-17,-0.5155653181349175,0.6833557351950433,-0.4393077058492583,0.383934028280011,0.2855179617463062,0.04353891485335189,0.06781491410321201,0.04576623593182295,-0.02514646201079828,0.43588033647015195,-0.5887925769269099,0.051721525833301224,-0.37640286973790893,0.5216415195732849,-0.28578263761592765,0.37879042201769186,0.1256399027724955,-0.23916707202140552,-0.33239648093282886,0.3807429904451639,0.16467353524909786,-0.22124839022930715,0.07260027091657653,-0.033533228825772435,0.22488546598648865,-0.2978116731563995,0.06897152212670797,0.3625351936865408,-0.4810622308329793,-0.3810959401562153,0.5051233805008327,-0.002984718056426919,-0.4617634096900855,0.1921552575796269,0.12023052097647678,-0.22018617113842404,-0.4680470815870944,-0.15084020866306197,0.121150885777656,-0.05909694172181279,0.17276751139314736,0.040381921768002954,0.006413484553776006,-0.4706862320450318,0.6418279407008127,0.19753823891804717,-0.27014434504119583,0.057326524792459636,-0.47918636244642826,0.6522446073906577,0.0861683834849449,-0.09452504998439817
1.0077155468593635,-0.2960762037742169,0.7909296516574817,-0.35889400663145526,-0.764871936842673,0.26265694596563843,0.6549983794642281,-0.1875015366845556,0.4102797755176797,-0.9894243012990213,0.24160479946488525,-0.49833509251602703,-0.6334919217347857,-0.5708469440464772,0.8714380600672149,-0.15634950336337383,0.2235866347093878,0.7055875919992324,-0.20596416319959948,-0.5648627731892703,0.42560955093872,0.3870727632613897,-0.13816122014065532,0.337140872013068,-0.30508359982061883,-0.3138294482544746,-0.5110161840485854,0.5269298968589393,-0.07776022440677846,0.07712070778279213,-0.1526284614033188,0.3331939468795207,0.013550233656754373,-0.037039912751177434,0.12326187396540882,0.5983988865406171,-0.2496759482238904,0.0008004626523061387,0.08821316826593792,0.5981778137756075,-0.14696703126059255,0.29069070096496835,0.06052035640914398,-0.20946836526963758,0.022054042553328466,0.15402938495493038,0.20191390929047234,0.7750373393019847,-0.18624180663492304,0.42582746717218595,-0.004262140025809761,0.7648722922252081,-0.9654455386656253,-0.18021783240851294,-0.1728562099108483,0.17163029947559236,-0.1652592026622765,-0.09886428725551763,-0.19606697435230777,0.220945592484255,0.6802174550465689,0.007079493465089158,0.2815928367869752,-0.1345859322356999,0.6378976149822213,-0.8399599466403727,0.6545948219997532,-0.35366713105527026,-0.5022434617921138,-0.1281982696542521,0.028292182311156544,-0.2746665726231728,0.12428911434516149,-0.6152033462842524,0.8086145423011901,-0.27789169521533374,0.27859282876189256,-0.425010188299201,0.4963612555736458,-0.6257882945235019,-0.13177241403355086,-0.2351782385660561,-0.6847989318697335,0.27969057474558023,-0.3308441965839993,-0.12901458542203031,-0.72709091147831,0.9137463132109144,0.2856694317196735,0.08227908791901116,0.21647368503104364,-0.1756301363519638,0.21470935612074782,-0.2762699534710101,0.5793209435438723,0.2284602307971177,-0.6681181644911756,-0.2579954256251466,0.30547052917943285,-0.37319442758392807,0.16373492546307883,-0.509726414221921,0.6482415900430957,-0.36582667941956665,-0.367213841986476,0.4524216247924504,0.6607742086889999,-0.8339387363719724,-0.019914638976126678,0.5373063080749613,-0.06519222038991646,0.13477075033723793,-1.2399167201371e-16,0.5513497465840582,-0.7317550784984335,0.4491739876732255,-0.3634426741925985,-0.29475665352201524,-0.05573141381521347,-0.043130853174867964,-0.06856774223928414,0.03576328888943671,-0.4541519539161207,0.6169611964592987,-0.07393282893770377,0.3589629582941391,-0.5057893345831203,0.30246063331282397,-0.40142777945172803,-0.12015851868631079,0.26716969178771205,0.3308673171148167,-0.4012581296864768,-0.1791793220154888,0.257670391064104,-0.10715793583933761,0.0486852806874492,-0.252412528894087,0.33259366431890236,-0.10064623921969405,-0.3844580642599248,0.5152373374196357,0.4117457115105508,-0.5464716676021198,0.02038153247800877,0.4573143024247939,-0.18887675130283854,-0.12207737921667385,0.23685203746221206,0.45292539318818603,0.1555185823534449,-0.147732913462603,0.05667458953618873,-0.17356332180913706,-0.041109683415557895,-0.007578825145678937,0.48101795785326823,-0.6642984607839408,-0.20068979216776203,0.27828912122554894,-0.071798034938312,0.47897888754496715,-0.660371394165902,-0.07051730148873364,0.10091483008100112
-1.0154827823491728,0.30637659902370495,-0.786751089455762,0.34144424453829986,0.7719384574675127,-0.2608489466108588,-0.6693371201371775,0.17395558330354097,-0.41833886135757586,0.9977651734810006,-0.2313959699192055,0.45625447540316216,0.6189635598447079,0.5482725585301256,-0.8678385048134446,0.138423244204885,-0.24192287535156365,-0.703210866178935,0.19783248412911322,0.571725457721518,-0.4217145615185365,-0.3958273494844658,0.12915746307791903,-0.33805047684402806,0.27568156577368164,0.30364552931591254,0.4842164104527593,-0.5198423707346052,0.06760529913071858,-0.09210511570861896,0.13871119561633194,-0.30154918839235584,-0.008931312392905148,0.031614709690362466,-0.10661510583965961,-0.5757740809026007,0.25172522327650354,0.0008054705618567421,-0.0710863255163041,-0.5843072334649411,0.12947795122785702,-0.2880098512049985,-0.05742444746040181,0.1980561509841935,-0.015582723552668865,-0.16331610768354463,-0.2061198087920703,-0.825387721955275,0.18555225861939498,-0.4586605522127181,0.004708082832880164,-0.7762244274916356,0.9658221631630919,0.18871753907191213,0.19411076341800435,-0.1801299415029513,0.18033165892136052,0.10622640645182874,0.20621447752626731,-0.22411392791462043,-0.7087792372058387,-0.012928201108730317,-0.3024035064723561,0.13950776023045766,-0.6366933214410152,0.8331894739220423,-0.6898238826314101,0.3662381381858629,0.5424563592793852,0.11960474635697212,0.015280752358821443,0.30099634704495515,-0.12588235550698157,0.6218474104771088,-0.8106282112522988,0.30352718622472746,-0.27796028947957235,0.4370425917120233,-0.5108277900900722,0.6346646761984697,0.15432530035785239,0.23973804396266354,0.737609176215651,-0.2818603189320668,0.36248156210688653,0.13494511970209666,0.7404192056910495,-0.9100635007127275,-0.2806886366428433,-0.08335405308862366,-0.21580084082386458,0.17722421413368264,-0.20497341808275468,0.26918472452296976,-0.5864638784639066,-0.23956241571625536,0.7032666383548877,0.2362452883793918,-0.23730635083142732,0.37974782678257674,-0.16144392523922146,0.4984224147212061,-0.6328990224085684,0.3894324769483487,0.35657253625776125,-0.4121914385516052,-0.6627249128709451,0.8242765742639698,0.053269448982427615,-0.5673907804483088,0.061279845924626875,-0.1541444352456941,1.0135436803191091e-16,-0.5528703578683352,0.7226250443055711,-0.47854052602120806,0.38362850135070165,0.3193761637489102,0.05132594539964973,0.06946425123377546,0.0885732821230225,-0.0344935497384499,0.4607505706089581,-0.616968303845843,0.08676570026942332,-0.3598669999569673,0.5074581760636435,-0.31120282533840443,0.4067553129729171,0.13305492723634127,-0.26902229022856006,-0.3302638780751449,0.4194385818352165,0.16219536411679417,-0.20897687630277256,0.10875539519683994,-0.04530058040315258,0.24462001804257716,-0.3200548543817936,0.11394990110018981,0.3658759155367614,-0.4773950889537914,-0.4087044887472393,0.5341941290315914,0.0029420848044393526,-0.4604397480053884,0.20232801893285107,0.11246081833172383,-0.20918798887486195,-0.46949477175520327,-0.139540283282646,0.10086161926655486,-0.053355205024267244,0.16898092707074716,0.03876114315338571,-0.00426015194553884,-0.4641381206752087,0.6323501995148512,0.20291264318111263,-0.27593401975443166,0.05641888917511941,-0.47197480052796253,0.643852812558581,0.08996747943450363,-0.09670361260466731
1.008107172402722,-0.29530084056314226,0.7917374036353242,-0.35972331979470296,-0.7646248908981004,0.26241716043932084,0.6534682491747122,-0.18851456873645286,0.3959597907197934,-0.9887919570671289,0.2421604749476774,-0.4988188740660441,-0.6341691106972563,-0.5725678175410607,0.871604000217046,-0.1569254447144176,0.2267307759734643,0.705632699076192,-0.2067140263324877,-0.5642101221139536,0.4251093010445054,0.38563236699708797,-0.13893510279551732,0.32195789946186215,-0.305347287166344,-0.3143847074087265,-0.5127137626048245,0.5275602843684273,-0.0779609240111021,0.08295291135887081,-0.152051204024324,0.33415557180943933,0.012326082114071421,-0.0372826263101105,0.11501938754498742,0.5993573687671631,-0.2500138299022043,0.0004354543314855552,0.07711627854546686,0.598030400468189,-0.1479181072021877,0.2839101709190803,0.06126755001076032,-0.1953748368218046,0.0192381448388949,0.1536056727523341,0.2013639333341333,0.7706445896955462,-0.18575044894700773,0.42379955970395744,-0.004795415749255072,0.7642129053955405,-0.9600695272452844,-0.1796220682268122,-0.17093068801411784,0.17091732823202557,-0.16412652861853658,-0.09816450318402639,-0.1951338226364096,0.22089681975721898,0.6770941303097431,0.006846789281910732,0.2804231724565455,-0.134292911193944,0.6378448583611096,-0.8331008832229243,0.6507966825611,-0.35182861424815126,-0.49783074818825707,-0.12858501003851464,0.03989171808327339,-0.27308960225145545,0.1240430762960074,-0.6143720550173926,0.8011477236996003,-0.2759606947362033,0.27817972087717885,-0.4163707149619076,0.49447606087909546,-0.6204460977573654,-0.12063250071942466,-0.2344039075025603,-0.6798739083288425,0.27882008036693556,-0.3284372339549871,-0.12810309641534678,-0.7256598860328874,0.9071276531132494,0.28475523061262037,0.08205215859451599,0.21616948720019522,-0.17525008727772776,0.21491890034195607,-0.27590944809517964,0.576699422270984,0.22799864727950928,-0.6639223304446088,-0.2581769906874908,0.30172581161110623,-0.37209865113662305,0.16361547998148881,-0.5096573107206483,0.6457267635308553,-0.3636911836710678,-0.3680747356636085,0.4499685383573555,0.6599878671882021,-0.828992387890363,-0.022429408448357786,0.5341829822728057,-0.06522252545544903,0.13360623501035732,4.1188177107157295e-17,0.5507895478768275,-0.7236781396165333,0.44622911738080556,-0.3609589483869359,-0.29193410131519787,-0.056175341082799146,-0.031730401554804305,-0.06753554366747148,0.03564448884786838,-0.4532425109608998,0.6083978809081836,-0.07301658316014346,0.3581301660859352,-0.4969411017255764,0.301009685836657,-0.39549430502545246,-0.10881971493385856,0.2662213387226152,0.33032293664507034,-0.3993773621907885,-0.1793237409780372,0.25035847030173763,-0.10691715907346115,0.04876306628299875,-0.25260255007632415,0.3300920420199978,-0.09988956496451747,-0.38544318640046304,0.5101190976255745,0.411793119686027,-0.5410518044687281,0.015204822456169633,0.45582636477343064,-0.1881278960512297,-0.12180170899297428,0.22495016351964478,0.4503912896954506,0.15591008205352952,-0.14955147091632426,0.056002449755706875,-0.16054532239778463,-0.036979812961586415,-0.00793847353056204,0.481424950548951,-0.6555285493214302,-0.20081414716250068,0.27446628227908093,-0.06241877597740574,0.4783999111969557,-0.6503168356699478,-0.06626580372931008,0.0896676578505736
-1.0149076140860118,0.3064716778868164,-0.7869463784646462,0.34273083466778886,0.7728038578920909,-0.2597793738036813,-0.669664735256754,0.1746414785282943,-0.4013455523071797,0.9964716353690855,-0.23142536067028024,0.4558951051947689,0.6186373968766637,0.547360599941345,-0.8668283899695159,0.13865444487467699,-0.23897603293514946,-0.7027678344383931,0.198838411183989,0.5719557869232339,-0.4203469291208954,-0.3957439644771249,0.1295995985443557,-0.3218914397065379,0.27534367767909995,0.3034641215025156,0.48365286682507275,-0.5194266473472451,0.06768807834555228,-0.09378172273126299,0.13823069484677394,-0.30153434261641465,-0.008087492105879118,0.031625579665825174,-0.09958248036801927,-0.5751376881634978,0.25185413110698235,0.0008740300477477059,-0.06267148521551953,-0.5830404850436808,0.1296782362255265,-0.27762308861814344,-0.05767244104096729,0.1851044316667342,-0.013708850776512812,-0.16353289938610807,-0.20516225622540876,-0.824386345982378,0.18426559933654624,-0.45825644720556524,0.005338350498616008,-0.7759041459221295,0.957665827157393,0.18875416951983962,0.19371546419524124,-0.18016520952798587,0.1802381753151985,0.10629160826215489,0.20615966935247704,-0.22451723478741084,-0.7085012180074718,-0.0133441082157269,-0.30281212281856273,0.13951114527723688,-0.6369296953365323,0.8236933114853808,-0.6899568409096359,0.36576450725376664,0.5421506737881275,0.12016288332117434,0.002603374959111897,0.30177520007177694,-0.1256485515399224,0.6225218189954205,-0.8020848530816167,0.3037369820354561,-0.27745823633220823,0.4263452257019967,-0.5110448870823272,0.6297839335397386,0.142040024127301,0.23872520595583777,0.7359524666303953,-0.2805999347532072,0.3617354726201862,0.13443139369217,0.7394682031914953,-0.9017632508345511,-0.2801401545209117,-0.08303939213121526,-0.21514263583836316,0.1764455162721191,-0.20495516308554992,0.26668143759668067,-0.5852769253558621,-0.23876038602156865,0.7017069842164655,0.23590922734124403,-0.2360673830005163,0.3787086620182054,-0.16063447923046997,0.4981266850577999,-0.6271338863680169,0.388515851216497,0.35585511478956805,-0.4085852033433558,-0.6619672039414642,0.8166814178505579,0.05186469227334827,-0.5666708833875799,0.06087112096945633,-0.15441347454767781,2.025208370088528e-17,-0.5525628016930851,0.7130898482035531,-0.47841433762212976,0.38263233235986494,0.3191047895992093,0.05183844335068877,0.05779555075629735,0.08926232604959884,-0.034277861840205,0.460935104075055,-0.6082375104478595,0.08695361055478495,-0.3589805747881883,0.49724743562167634,-0.3111602197037925,0.4015565165727629,0.12158934078181698,-0.2685449601876877,-0.3294903551136169,0.4188352720248401,0.1619138003191215,-0.20376773471526471,0.10856991146509859,-0.04499079316955423,0.2444665591919371,-0.31604432081619777,0.1141294029964181,0.3654074919097256,-0.4701506977699726,-0.40840776920532285,0.5270558084174778,0.005055168682001024,-0.4595028650458636,0.2023799344239289,0.11213022000689675,-0.19942106259966247,-0.4683527515413535,-0.13947023657373023,0.10398460337127667,-0.05286260780302552,0.15746366709868798,0.035154266826162524,-0.004837079048940373,-0.4636357812423342,0.6214020843683257,0.20301983592017644,-0.27158633195699516,0.049577030862109114,-0.471097095938639,0.63227547939676,0.0836906923076638,-0.08702189847521585
0.9527940077187751,-0.08394234625459544,0.7820864436672136,-0.3692027485978626,-0.9839865131780517,-0.06665944935129733,0.6970630691516428,-0.02479270487628693,0.13079575488701647,-0.9299711670585227,0.2406007934243921,-0.4716100723049064,-0.6049579759967904,-0.5654456373979684,0.8429042528989498,-0.13101657978843398,0.2266281006180567,0.7421554312039714,-0.3188095774609998,-0.9071189440084535,-0.015246246626669915,0.606104982396663,-0.012656105606201196,0.1076965067939049,-0.2938823793296954,-0.24809297110490944,-0.44730450420964024,0.5158618316395366,-0.10128227686365736,0.1529955075956976,-0.252631524918013,0.1861124380979201,0.018408383476885972,0.03849645540725031,-0.0230764698981488,0.5416330407135257,-0.42791259180257096,0.1195641471610884,-0.15100122188464668,0.35470808522200215,-0.0055472995255911655,0.061766745088176235,-0.07391833099854445,0.050090345794368045,0.012088330475988727,0.022451729435095633,0.1594867206762486,0.7852101035727568,0.033395984312873085,0.6123029790072134,-0.056437750283585345,0.6605451465478738,-0.806351097788548,-0.03248013999603392,-0.060478065260362424,0.02024452455272555,-0.052373890212526295,-0.011453424521196074,-0.05761063762133688,0.06795845862673472,0.7063280285364152,0.19212057097075477,0.5137575932595458,-0.16300638034367826,0.546348431587035,-0.6837747122295069,0.7979754874263448,-0.18232930548211737,-0.5525895292483071,-0.23552583191825727,0.2046663726020011,-0.6300120598304354,0.033852939386041524,-0.6813010299250375,0.82816489791018,-0.4440116971913193,-0.03028034229164849,-0.027640507793991076,0.4817855475164892,-0.5821780451935193,-0.06969489285992927,-0.1613359807347078,-0.7552884346810989,-0.01834074266657807,-0.5843119068859185,0.03522358663018629,-0.6416354291446085,0.781695804799502,0.2772243692282066,0.10969618114179407,0.2492686258210056,-0.15534417873870784,0.18873239080004947,-0.24155576611807006,0.4820236364759702,0.16291598608556407,-0.6667131815298214,-0.21898143822106858,0.2123571554116203,-0.3689506382206825,0.006289764551155309,-0.414808053015609,0.5040334591499656,-0.5081899145700577,-0.30781105563235944,0.3328974014853729,0.576601057304307,-0.699927144905613,-0.04623531281351051,0.6580600468583132,0.17200813522306257,0.46895004792888,-0.133259957165356,0.5142472377025057,-0.6425092839346118,0.7304411867073685,-0.18792939456725444,-0.48018098028673456,-0.20968446847004474,0.18051116974426654,-0.5696529002458542,0.022404530307105402,-0.6256188913772752,0.7603631855651579,-0.380245477574207,-0.0025671965768468397,-0.05485161909270499,0.41770395772937147,-0.5053879963368233,-0.06366721011780513,0.15186833836714256,0.2109222146014241,-0.4046393722846257,-0.11382842241533496,0.11876477958747395,-0.053092917450683404,-0.0750133606113885,-0.14843218128975424,0.17932303619860884,-0.2456434918295286,-0.24594413708733265,0.29057261728950184,0.33925999796547557,-0.419127622313029,-0.018328659209536986,0.2774926064748609,-0.33832927063628787,-0.07795722652827633,0.09016921087737495,0.26946548247331004,0.09971554918059367,-0.09177461706552278,-0.04587476231658547,0.024334159483291304,-0.006619195347324807,0.2553431571746566,0.29846780409233664,-0.3591806150770745,-0.2921683253135955,0.35495441046738935,0.003921251166447786,0.19807766550455044,-0.26434130335448686,-0.030358011939447517,0.02711494211545791
-0.9558485988559818,0.08406990194028832,-0.7848777221453891,0.3679512689631178,0.9892926238363117,0.06686315351578874,-0.7010015283504776,0.025278579922037896,-0.1266781290560142,0.9324955128225224,-0.24059388640785523,0.4668902988687818,0.6056381205501764,0.5608532720512526,-0.8440996001705758,0.13015858658406398,-0.22366049681588854,-0.7445407676790704,0.3178970874324345,0.9118546558869309,0.015900751500382497,-0.6096335860635311,0.013213120521527323,-0.10391150962729288,0.2907625420929721,0.2482967612470119,0.44370455025108874,-0.5166699935043139,0.10051456191329812,-0.15176897058375644,0.2500875286199576,-0.18323918205739728,-0.017474832400230653,-0.03775670478407131,0.024220754325461103,-0.5381115074929372,0.42946996060910414,-0.11869584590928324,0.15122120377665044,-0.35227319487885433,0.005727644223644049,-0.058684186085028414,0.07313263732557611,-0.05216034429793504,-0.011334877194828345,-0.021682247205456213,-0.1595854255704518,-0.786713691205401,-0.035826036164438975,-0.6138405813050448,0.05713385049678821,-0.661969817163038,0.8026525001727073,0.0318400256200034,0.060847431874787854,-0.019289870700619008,0.052472508840676835,0.01087625303087146,0.05764892187257079,-0.06772228420840411,-0.7074276308924481,-0.19458703216124493,-0.5152073064848463,0.16395139758558602,-0.5477849272209804,0.6802333025585097,-0.8004487501761737,0.18126433697928665,0.5549676253677442,0.23401784507425807,-0.2047160896657846,0.6328120564956604,-0.03285875064253784,0.6841839040052071,-0.8259883663969113,0.4461826242692706,0.030072096510141918,0.025205141345956927,-0.48396533875846476,0.581078447709674,0.06650340088441538,0.1611440447387664,0.7569020417177863,0.021212588000869014,0.5861210959928718,-0.03659060970896738,0.6428442268092203,-0.7779688053890352,-0.27597193929329783,-0.11013307192276423,-0.24814630630604176,0.15530916635878703,-0.1883533696059174,0.2393749808212775,-0.48097258621383543,-0.16177743588455865,0.6668309943897958,0.21621598224979557,-0.20797633736606144,0.36791611850712114,-0.004563165168406749,0.41455424025494314,-0.5001880875111818,0.5085521732561459,0.3048299865200258,-0.32733049149835375,-0.5767984568114767,0.6954449374934281,0.04559758030228604,-0.6592757189974369,-0.1745140665884312,-0.47072973128411444,0.13456581912080312,-0.5155552420363814,0.6391175124768712,-0.7329163748784528,0.1869080071986637,0.48236249027717654,0.208427029194928,-0.1808729170621653,0.5727855489486153,-0.02191261132223219,0.6283142478302781,-0.758384609429332,0.3825619346366634,0.002656546426574534,0.052047906496167286,-0.41975103338475633,0.5045318939474405,0.06061103533277704,-0.15170945241283587,-0.20905915409779594,0.4049493256701423,0.11233413443493949,-0.11520367875648319,0.05298297149715948,0.07622675218353228,0.1483726569265924,-0.17756581493564172,0.24646663946249325,0.24369251752775015,-0.2849235272264186,-0.3396000731898244,0.4160818837924626,0.01880981162233425,-0.27542132001512704,0.33918288823869414,0.07691952646926632,-0.08645022069024758,-0.26776439746901715,-0.0979403999898874,0.09001640337792735,0.04583304257086725,-0.026808862988498862,0.005602144638750221,-0.25684220321813395,-0.29622688229785926,0.3525541742273497,0.29307429380716177,-0.35355388580272185,-0.0054804064812924505,-0.19665792224134615,0.2588087395118832,0.028552685439127427,-0.0246105036557447
1.0467240382183687,-0.1887797455958828,0.9537370281895455,-0.35996803491404716,-0.8851507657398557,0.2616232183405226,0.7072886910676847,-0.04284664776594031,0.48142711546629563,-1.0105412134640552,0.18864895911893623,-0.4549751126986321,-0.548337099417917,-0.536273075222793,0.8469459232402501,-0.09859293257110274,0.2363480052500629,0.86463343931064,-0.2548646641152705,-0.7122432316333344,0.3696766521085988,0.5126197317480053,-0.014468361345555826,0.4245782973767751,-0.34406204813775704,-0.36824871148300603,-0.5653875350915392,0.6348689533080625,-0.0600246221901274,0.11616327050683647,-0.17163899085722356,0.3175175491127237,0.01622140240822223,0.0070059356459012045,0.13455164512924286,0.6227260462803429,-0.3050602059218521,0.005954076364296693,0.07364536819374089,0.6060780328915443,-0.07915505142436012,0.3139354345470103,-0.01836108093721025,-0.24067647267640696,0.043209223684541866,0.11412429455431394,0.04586668159902535,0.856287619495631,-0.08920377131012876,0.4643996325624641,-0.0551265179979684,0.7394599759688794,-1.0396652569645495,-0.10641903801327471,-0.11992643731966302,0.11000947746692794,-0.10742292917248573,-0.06309320949087929,-0.14239846966679193,0.13619702472888576,0.7967257842084188,-0.04520956044005102,0.4077899518258193,-0.07813963721944982,0.6827332986189906,-0.9672008528416786,0.7573180341031153,-0.3711844598502155,-0.562664748737244,-0.223278257353368,-0.03742049283768768,-0.3664349016056241,0.1074266401629389,-0.6384846916927289,0.9202272211286955,-0.32229836776278753,0.20059827320550722,-0.47166861667604476,0.509596464439212,-0.676948632455395,-0.3017972239993968,-0.06004187552127137,-0.7803852483261073,0.1410331535738699,-0.3890397880319099,-0.03559733954761299,-0.7109439581716167,0.9783673380232778,0.17640764986105975,-0.0013340341758152816,0.09586598054381373,-0.04408657002351662,0.15239596700585498,-0.19818918666691548,0.49590130520927383,0.2442597297250654,-0.6725010475484632,-0.2474586674794694,0.2586894236875711,-0.2758836409928071,0.10486191697653766,-0.4258328905705399,0.5660348842614286,-0.33869948732488087,-0.35090309273024695,0.42868296106124604,0.6087874315446716,-0.8293735610537384,-0.06956360597808267,0.6853955067601107,-0.0854254457485048,0.3028066300032969,3.8745406788987533e-17,0.6201996167593444,-0.8637561871503626,0.5907038266534519,-0.3811971849894163,-0.4063540048795478,-0.16967297283856497,-0.08085633116244047,-0.21302792266112153,0.0506466290720447,-0.5209967295660562,0.7509264014594765,-0.1795265442978541,0.26012504652660695,-0.5208817913883997,0.3677009779159931,-0.5120996306894166,-0.2843778651701756,0.3268318066754636,0.32879066103669596,-0.503261044733325,-0.19754157680816498,0.2527313521811123,-0.18494024378225524,0.06272480436503573,-0.2787511765346353,0.37680961211870234,-0.22233991828746197,-0.3946399521257543,0.521244907671617,0.4553900689383401,-0.634224818885935,-0.017642421975461585,0.4663448369241947,-0.24021876144919926,-0.11563294871647614,0.24448107165721697,0.4747575025781893,0.162405610235608,-0.11558291456006953,-0.002919265785922546,-0.2069893454413813,-0.06929718706498669,0.046956045116113426,0.4657158811451925,-0.6750962477297514,-0.21700493035218288,0.3285294349758186,-0.06993591770786624,0.4283081012677895,-0.6897513504609569,-0.13024556089049333,0.19097914315092387
-1.0301466249567266,0.18283561315475888,-0.9452454436270449,0.37952089199507594,0.8871084323106558,-0.25567321165359064,-0.6991169156248627,0.04694637323034737,-0.4620169008325645,0.9942133729562724,-0.18686106217305276,0.46093225414233663,0.5444219480854431,0.5427610571130682,-0.8340438746218984,0.09793518304438756,-0.24991237403024957,-0.8559830788021748,0.274202649425829,0.7132414157402912,-0.3654626477632111,-0.5082372723282974,0.018966868110194796,-0.4014499222858708,0.3524661697070457,0.3661474345613846,0.5740069101745908,-0.6275966800155741,0.060133340193561355,-0.12339025521291548,0.1808654061312632,-0.3290900558397138,-0.009074191331313226,-0.006285901636047085,-0.12447245153514214,-0.6351604163025975,0.30498734806698946,-0.006396584245932084,-0.07335387909762599,-0.6095243676904583,0.08103726325995615,-0.3269759291835344,0.01573829978998582,0.22207478944959558,-0.04101676526526389,-0.11066198811338776,-0.04544856765034901,-0.8539471353345796,0.08664130105523227,-0.4583865225236942,0.05310943831197647,-0.7315992874673355,1.0262940910496632,0.10644002784646789,0.11232594814513369,-0.11296081623022963,0.10160537060511221,0.06319843319208776,0.13736935492113406,-0.13961681261539974,-0.8001920514193556,0.04377627924131121,-0.40482517571826376,0.07804057083778747,-0.6799044170884582,0.9649594721698236,-0.7690322499980462,0.37836760760476384,0.5606209652619388,0.23424838802710912,0.0032364248850305557,0.36870930314028244,-0.10831258348932013,0.6427882314924059,-0.9282270732221835,0.31724965126912086,-0.19948290266491125,0.456743021666788,-0.5052818135402837,0.6783637293078852,0.2846108769619079,0.06195655083166835,0.7755922775329006,-0.14280223172030138,0.3804513055424469,0.036786508024925446,0.7024530402677345,-0.9674847762081548,-0.1752683388894784,0.0012326226780018136,-0.09545966283128743,0.04542581105876931,-0.15083365077495828,0.20505510968095042,-0.4946196690721296,-0.2503288264276936,0.6681293878279367,0.2526555229251879,-0.25574177637260254,0.27447816808161124,-0.10604769874489174,0.4232032777201558,-0.5791005325261263,0.3321742420634717,0.35700597955246177,-0.43760194084257936,-0.6016037373425108,0.8261556366571303,0.0792733401572909,-0.6850302031097657,0.08618140331118089,-0.29563373157328754,1.9371248087304656e-17,-0.6162595807941207,0.8643840634203238,-0.5971009325834521,0.38873097030787,0.4067345377646993,0.18029176309621264,0.04548470240393611,0.20939143611475822,-0.05116993831886499,0.5235123272697144,-0.7614800075817566,0.17553160227571304,-0.2602043186769184,0.5068461114239774,-0.3659021961360154,0.5132253306356819,0.26421417334348374,-0.32720657819674903,-0.3360820556820544,0.5022560513505689,0.20369218766467873,-0.2560738403783485,0.1841013520845608,-0.06318718668232032,0.27776890989011155,-0.3829841165109665,0.2167551591038989,0.4019430207062515,-0.5378781980543983,-0.4518342435873826,0.633756182680732,0.022456384659371578,-0.47691720658345393,0.24316312273445706,0.12192521840368101,-0.25254462972210723,-0.4846590716905254,-0.16986218214796747,0.11347940456604229,0.006062214878262791,0.18688631639925157,0.0633018541961536,-0.043966853275214136,-0.4757623520871443,0.7007942701174138,0.21798915320470263,-0.33033938077890834,0.07009598902008657,-0.43338760801243076,0.6922052118371994,0.13847781466383444,-0.17577409635888155
0.9679500982623898,-0.19993085216832465,0.9196221551880207,-0.3783408235767529,-0.992514659659638,0.23324326957520392,0.6839938135131464,-0.19310258751259915,0.4139198585844986,-0.9528750019360924,0.24001121019334562,-0.4816103928858735,-0.6021278301374888,-0.552190365789956,0.8458313485160727,-0.1508444985515713,0.2272542526909042,0.855725226546564,-0.2729714447157194,-0.8526870130317289,0.34366603395850204,0.49863399460627633,-0.15893811012136438,0.3605338232592676,-0.36375175659004694,-0.325962514820313,-0.5824551231247337,0.633998659438675,-0.09543173486082604,0.11327302889906496,-0.25848009776547803,0.3318854360766197,0.009717443357722613,-0.03711924952504949,0.11712230289067818,0.711296272409906,-0.44180821202604986,0.03455026678398047,0.0244635431899747,0.5940174646928129,-0.14650843336629052,0.29089111468396206,0.062147334138345584,-0.2011114928119024,0.019168497760543333,0.09937919485502973,0.041220648533807226,0.7696406307565443,0.03539246836252412,0.4167132774639858,-0.0496096858647419,0.7450587474101692,-0.9416863335521887,-0.10293153430180198,-0.12012571820738276,0.09459089013275673,-0.11001948261603525,-0.05997855447944729,-0.13406667435305833,0.15200900245358873,0.7473257464303278,0.07589213133540715,0.3859747771600337,-0.07626099212322039,0.7160827259278397,-0.9122966795183551,0.7753387229508071,-0.3483373185373353,-0.5244692485384369,-0.13767914595343544,0.03895742353987833,-0.43581698328696117,0.02585888582673049,-0.7569061186193246,0.9504496636795862,-0.3064211984277759,0.26266679538244553,-0.40511169009032677,0.5165925558805948,-0.6442203925403004,-0.1307428388696492,-0.06522055888003149,-0.7082072367924889,0.026979056716131957,-0.3535300339611289,-0.03800424107636652,-0.7179678495969471,0.9036881382802563,0.21134836630986095,0.034417775132979646,0.12684280237189105,-0.048321290076553676,0.19116725130900836,-0.2431766313562303,0.4611566889565079,0.23172134239845607,-0.6478573982388443,-0.2507691062665537,0.287847296254589,-0.23903224134478038,-6.682858854280575e-05,-0.457959401580875,0.5774806580904649,-0.33583876216459474,-0.36009641149300786,0.4393720887993992,0.6433293389565504,-0.8112337719783175,-0.02817249166555628,0.6546862359294601,0.03413465990099605,0.2939635073125055,3.9335739666130736e-17,0.6556465767803289,-0.8362303058495811,0.6414730412645523,-0.3566998564547786,-0.3814878922673552,-0.08754936503144858,-0.009079476368126303,-0.3066285532311005,-0.019890382207908484,-0.6469787329506419,0.8188797063862147,-0.17129353368634134,0.3179121692080423,-0.45968931109442634,0.3820474861414132,-0.4872742381329288,-0.12091954214451273,0.23487285772015712,0.32065854959709555,-0.48505078856599987,-0.20569073490118203,0.2688035161387672,-0.08874247739545393,-0.025290043984053306,-0.24594188725363825,0.3140180852569989,-0.21779475908658177,-0.4134870039349453,0.5302735911227456,0.48576229594379716,-0.6195550586141083,0.006469173771532223,0.4421552092667217,-0.3384000470885091,-0.17013049245238987,0.2666357133864245,0.45112434731237366,0.15494950474778363,-0.14200812357990483,0.05499219991742386,-0.16335961886555028,-0.038798954260563526,0.17546762797346996,0.5272737310258827,-0.6918919774117968,-0.33602920046450735,0.4237207606037008,-0.051742202967647005,0.4764783752285654,-0.6495716483796536,-0.0731217577116872,0.09335774510407471
-0.9794868628981638,0.20486986252619357,-0.9327969929395689,0.36596268031776574,1.011362041469505,-0.23029290943859015,-0.6995487016806479,0.187898616765137,-0.4171678123832283,0.9609820503917871,-0.24474881387265693,0.4722786029378949,0.6130641146766977,0.5417212790920061,-0.8540227363556302,0.1500504542717937,-0.1960575697613229,-0.8639825025512414,0.26026680305481126,0.8640262973023868,-0.3392487728675411,-0.5077048441743752,0.15296415678590258,-0.36827905100221164,0.35832142524327826,0.3311271594234881,0.5734430116957838,-0.6385140516755277,0.09594681920929053,-0.08247235089068702,0.2585905691950528,-0.3134418606794108,-0.018215082349287627,0.03453607299183843,-0.1278931679858497,-0.7034914744363383,0.4439650893798004,-0.03732713117914921,-0.05866891506941194,-0.5876911880578077,0.1391996563251892,-0.2768177495263057,-0.05666445613221659,0.22370792970257722,-0.02629670143300825,-0.10085238859048737,-0.0374555924391321,-0.7813094945135106,-0.046560582200978216,-0.42777855849671287,0.052523380280617364,-0.7519187888088346,0.9416311226755514,0.10387921547080546,0.125737835749997,-0.09439577092818045,0.11318633119302586,0.061042880785000274,0.13792474375897887,-0.15399845985141233,-0.7580606990912242,-0.08301564684562032,-0.3985809411440707,0.07677046532687781,-0.7232618077683495,0.9126982516174502,-0.7893391521797765,0.34352785857468043,0.5383864403352112,0.13105560361411236,-0.019055566349607235,0.4526467734814647,-0.020979105545626233,0.7674563904342965,-0.952444012939548,0.3178681706259269,-0.2588503986765612,0.4035852151418828,-0.5269440168403873,0.6501422222192103,0.13960894825978526,0.06194841074744552,0.7179207822768006,-0.017442905280805485,0.36391874645096856,0.0364029458148855,0.7222634008403005,-0.9036545218696015,-0.21328927914443294,-0.03507788433592262,-0.12760639368625804,0.04578209700359676,-0.19362328126472883,0.24278687322499687,-0.4665741462589527,-0.22585429896059125,0.6559050745036401,0.24286115468554756,-0.29763603925394805,0.24199694153725756,0.007721998602050556,0.46349574175620933,-0.5800503483028192,0.34393476328717526,0.3503283750037851,-0.4351588650945375,-0.6475580311388822,0.8105027354655489,0.006255512870976634,-0.6622330861072429,-0.04001603462825384,-0.3053163238972405,-7.867566486624076e-17,-0.6592202494470204,0.8361821085421971,-0.6502121909620845,0.3520041950586976,0.3891501793107815,0.08133870884298716,0.030389652862646062,0.32104437609153813,0.02351475239998745,0.6521690087215861,-0.8191673578649549,0.1794140230738621,-0.3129023028984495,0.4584761370368147,-0.3873797363184937,0.4913684083476427,0.13295537395256665,-0.23720938504331138,-0.3129132293937851,0.48941399821791637,0.1998577293337056,-0.2835775547808385,0.0904550860851851,0.029573284559613163,0.24820678284646952,-0.3166526973698516,0.2256397119601882,0.40363215001851127,-0.525847028510297,-0.48718740388611614,0.6179685635846526,-0.029932978725071866,-0.4333197798897401,0.34113800425307594,0.16709468204974934,-0.2893154964442844,-0.4440219402943657,-0.14466615940665287,0.13637368229486352,-0.05733082399326018,0.1890986428049881,0.044001786969571584,-0.18410889050470944,-0.5171273992256331,0.6887667418075004,0.33612172615812824,-0.4193183996497043,0.07967259309492938,-0.46843369377981725,0.6478355034650757,0.06719903629547799,-0.11584840262183375
1.9138297696448918,-0.623899155303726,1.3597720132199398,-0.6138959061815268,-1.0478200785850218,0.46691188051186616,1.2074095629212063,-0.07225392863589741,0.7782648210016128,-1.871004868737447,0.4401051798653689,-0.8801882539851298,-1.1667988312578648,-1.045934030654282,1.634539571389911,-0.24975815385494587,0.4632504819338723,1.1858703028602022,-0.31322586552301523,-0.6440006868646795,0.7974457049571992,0.6475417397890644,0.010783039056196923,0.6098379082820304,-0.4842025398829876,-0.5880528692084421,-0.8504972212979295,0.8836813712824981,-0.16083837571423798,0.15016250701658018,-0.10763513653103912,0.5502400823384984,0.03099025030535959,0.04688206931134151,0.20932128501035852,0.8572929012785904,-0.15879326353701434,0.09269238626777221,0.22085380162731427,1.0586410036276916,-0.10041370543936964,0.5383949268861654,-0.09585839421671918,-0.3724261836480116,0.08407342919031802,0.3484361270578692,0.4754972332259838,1.5382542321517532,-0.6353455542005012,0.8659686429235997,9.421156610561673e-18,1.3374468356074516,-1.8358448658191369,-0.40257194484956205,-0.38971302368835853,0.39788559029153564,-0.3673191808462434,-0.2198242975744621,-0.42285096653831356,0.4567849386061657,1.245434446988564,-0.19107818214464167,0.49925449058799476,-0.29998513812486827,0.9682011693375165,-1.4977212026764402,1.0459646345155191,-0.6530878796179672,-0.9704690706248524,-0.3709480175197048,-0.03672616483593823,-0.3191007862101768,0.40083124457388547,-0.7562320222900232,1.2634767016958965,-0.54633015838859,0.3589868807512947,-0.8000814655909065,0.843778218532337,-1.1582128428033824,-0.4745870871682868,-0.544983626588829,-1.3436247727859771,0.8335549607287491,-0.6561801589206704,-0.29758793988950155,-1.2620577284244456,1.7104311631693874,0.5724019950266016,0.14378880745714495,0.4589967916225255,-0.40610668010550555,0.3696079995307062,-0.5372638316526777,1.2299768238816662,0.4424349805920891,-1.3137728467910483,-0.414380130097592,0.4718441246074435,-0.875158739154661,0.5426279152992534,-0.8983012550280012,1.2730215601807335,-0.7395956051861398,-0.6179357870832416,0.7936594539480408,1.1422697271063211,-1.567935260432935,-0.08419048381156774,0.9428347839429887,-0.3407362282862546,0.18361260365358673,-7.481325423539183e-17,0.7967674015905213,-1.261726526993932,0.6020081651419571,-0.6825581055097354,-0.5148398036112642,-0.21903080189714497,-0.15162503910096525,0.12941932086366809,0.18605836587126426,-0.4295938303862088,0.8604165533421697,-0.1002622905851259,0.5341290304023212,-0.9429057015660475,0.43507431502603466,-0.6889662828324876,-0.42122196432601733,0.6066269753683111,0.6012223689496825,-0.7025637395103361,-0.19746676488856713,0.395697629280314,-0.33541861410818985,0.2539079932193591,-0.4413103249422896,0.668799747701895,-0.1368215719761,-0.5465343901662248,0.8816367128709464,0.5937289347675334,-0.940200977432587,0.07021103289559975,0.8230240356579217,-0.11734695939277842,0.014840690852623996,0.35020817571437723,0.8369101274557398,0.282615645875243,-0.18971155468733614,-0.0553873805991779,-0.32904190176692405,-0.12367636320185278,-0.2795931798521936,0.5905008505960485,-1.1010143515705657,-0.07914804702331918,0.2759602101226927,-0.2711541268267047,0.696447778664694,-1.1840320204958026,-0.24190534172845807,0.35220982912856724
-1.9140788962128519,0.6115670467856538,-1.3709414147391135,0.627298600820241,1.0524647345673994,-0.46424841820111845,-1.1953980719272774,0.07807066634866083,-0.7529262188719636,1.8660853644434652,-0.4537273709273956,0.9131985996754661,1.191771936192731,1.0652780112559135,-1.644015527134409,0.2665925172466294,-0.44046652701179345,-1.1917657967213682,0.3202703163450822,0.6455625954799586,-0.792649307101084,-0.6402747235856969,-0.008871123008863857,-0.59316914935159,0.5054920124243938,0.6043093137692338,0.87327303138155,-0.8944344089235563,0.1725086751149073,-0.1371610141798304,0.11118670509480413,-0.571022227512195,-0.03080777597264208,-0.05018206674933074,-0.21431100015547677,-0.8747900095400933,0.15998324388357665,-0.09786336542852919,-0.226181892096428,-1.0636624020353238,0.10823728379775768,-0.5253704490908166,0.09916113563454217,0.37124043129041606,-0.08665780557786373,-0.3385222037006772,-0.4725628931501702,-1.4844287734302017,0.6299788091168994,-0.8368134603093458,3.6662696240865344e-17,-1.3316275374605357,1.8308022446082746,0.3933978854681246,0.36394751706102957,-0.3874976023574255,0.3497512018827327,0.21154841000029526,0.4117338626640792,-0.4515955456099579,-1.2177305955802493,0.19132688197086692,-0.48455138834124944,0.29515675742875874,-0.9730103664136791,1.4972406806010956,-1.0226259190846472,0.633938321210037,0.927615582223151,0.37600384598331704,-0.015413745327230506,0.3073460833793653,-0.3935207414833508,0.7578725749544439,-1.2545877214497425,0.5229401324619042,-0.3570046326205344,0.7736460215263553,-0.8316767415321892,1.1433532515500646,0.4491738682862903,0.5408397625591076,1.285998137938431,-0.8247533300429819,0.6276421177080669,0.2906526374284985,1.2512256603794805,-1.7069076008164716,-0.5767768604785126,-0.14492993712582744,-0.46102657908199574,0.40586528994301474,-0.38141541323532996,0.5427841941963018,-1.2237817441148033,-0.42675979503067435,1.274543564326784,0.4290481129166124,-0.5315848446826046,0.8710028036582431,-0.5410278641575152,0.9167200531156408,-1.2850020644569755,0.7184810998506684,0.6248431055566186,-0.8262028332176476,-1.1437144775110442,1.5725178868047471,0.051426557772339676,-0.9138166420376406,0.33957038105887993,-0.17095552699948774,-4.6376230247904336e-17,-0.7964866528098273,1.262092020242525,-0.5863622388454297,0.6537087424281084,0.4913504836798178,0.22087767524119228,0.11625965352498414,-0.13318848091946892,-0.1824855462327809,0.42892329202611157,-0.8527515114150275,0.09205540825913908,-0.5284570740525796,0.9248239882660039,-0.4279473225488266,0.6780766726923388,0.405879170604075,-0.6069311679132278,-0.5966870229269817,0.6856385588085244,0.2058430662629288,-0.429862098162221,0.33521311714290614,-0.2548270202374122,0.4529496580448707,-0.6790655175982725,0.12820452615308725,0.5589965461910698,-0.904960870693877,-0.5977556866384577,0.9472059230270303,-0.09098116717998289,-0.816953552113542,0.11388733702255523,-0.014878247425735229,-0.3521772056166095,-0.8109923987054803,-0.2916709741900148,0.23227851675850678,0.055351631765305546,0.3174495842720474,0.12998781823121472,0.28010079045178726,-0.6014435890078136,1.1085335700913987,0.07867816842254276,-0.2752225742555382,0.27947176612248753,-0.6966801161350773,1.1797603122293978,0.22413672973346616,-0.35313211610669193
0.9683716924004525,-0.21692099784448285,0.9292577020906092,-0.36944010903244995,-0.8619981231042756,0.25018107644257426,0.7098826024218783,-0.09340545386318097,0.4466030212502356,-0.9542993145038151,0.2355881178508535,-0.45551946979430835,-0.6036110314854782,-0.529601998464562,0.8403165051270082,-0.13409244102637013,0.22680264195858635,0.8629805941832149,-0.26203234446632195,-0.7142591178059666,0.3651794310940096,0.5113307110874117,-0.06201058431691155,0.38930785005961505,-0.3472419510523742,-0.36952100879220817,-0.569075314119046,0.63367267258959,-0.1059523108207761,0.10899093552604762,-0.17520008489137529,0.3197311257444366,0.013340668151404795,0.007219462597287048,0.12355418855525384,0.6273706584425263,-0.30552140533783084,0.06114064526990942,0.07649031794225813,0.6053321646256684,-0.08572649006956973,0.30284196035583943,-0.01724518238383797,-0.22128346167912222,0.039965527579343324,0.10835211188922782,0.028534962529262072,0.8039599341043078,-0.07287440722979543,0.42250438951868274,-0.06265374911681267,0.7064871504512272,-0.953209160611846,-0.11036760770156205,-0.13875475311506097,0.11277416210484453,-0.12263650691911164,-0.0653946887188925,-0.14780607547225647,0.16355362614250746,0.7823730562886289,-0.044530442596485885,0.3980667273843654,-0.08104114670824258,0.6807034450551402,-0.9278676377367157,0.7434487076103885,-0.3688930937002891,-0.565454738771363,-0.19198252986831474,-0.0071225123184429215,-0.35726590919335705,0.10919328686308903,-0.6359102291002362,0.882110086981577,-0.32591132148964613,0.22327576461776866,-0.4411184611029268,0.511860000614798,-0.669872168951255,-0.2338816421110729,-0.05448049101418617,-0.7413082425674002,0.13935405995898087,-0.3571068392560329,-0.032280619516179845,-0.6812167366980157,0.9139799420596516,0.20901234545935127,5.749210490158084e-05,0.11839378204854406,-0.04000414212978601,0.1758274247140546,-0.23858251823104898,0.5354088729662942,0.2409403477185446,-0.668174012714514,-0.22100367433095833,0.2600913433734737,-0.3032128514026327,0.10229136405446776,-0.4504627181816727,0.6112277727594283,-0.33236810181818144,-0.3278724113119674,0.42235472994773515,0.6043871620978348,-0.8124848762583721,-0.03347372639181524,0.6853303449891968,-0.08524229325063709,0.3020866862548981,0.0,0.6195699633215053,-0.8487448581247679,0.5931068311567692,-0.38172935793282814,-0.40606991048828733,-0.13887871374511082,-0.051456404071540694,-0.21395549229666114,0.05050751165942928,-0.5189217728098816,0.7409312003490474,-0.17899151050894072,0.28388445847914096,-0.4954327891882184,0.36710576350031754,-0.5028957948324199,-0.21851277660814228,0.3277520520893669,0.33037522853893325,-0.5032269720121323,-0.16515823195873958,0.2549594122037013,-0.18556229761690515,0.06259203526230042,-0.2757602400535068,0.3741911413139831,-0.22181736081105197,-0.371474389088006,0.5215355237800855,0.4549401888761599,-0.6232196021784597,0.02595535663292751,0.4684753676006016,-0.2413100623335994,-0.07651593506462558,0.2452585272230526,0.47605063862474606,0.15894208308751007,-0.11720708422124436,-0.004117322613297013,-0.18885140144392373,-0.06406674425624893,0.04715522840452331,0.4374811740446349,-0.6737107117834226,-0.21764321037014567,0.32233915042178507,-0.11899533511090084,0.42855666689040256,-0.6728069596915662,-0.1191206517507758,0.17582938380614518
-0.963569477659846,0.21517015145802582,-0.9237606904395278,0.375293849513148,0.8555395099639028,-0.25180452892699773,-0.7038659470094034,0.09571084595248786,-0.45093151642846796,0.9491351436355573,-0.23673090778913733,0.47105763343898344,0.6050234277258372,0.5357543065877919,-0.8381483884332069,0.14056579912598915,-0.22124999397896278,-0.8570594331475391,0.2644822665508323,0.7076185463574427,-0.3676692456930009,-0.506159028839274,0.06288800614565476,-0.39477024098398794,0.35939377392952976,0.3698375911100438,0.5754838605146709,-0.6305946000574117,0.11124412581595812,-0.10132390266244005,0.1825990234431086,-0.33176615595435127,-0.017652584990040035,-0.007958071994647924,-0.1342725916774979,-0.6337961405862007,0.30222384617797277,-0.06470969894630746,-0.08669434041617967,-0.6103854326306851,0.08994951038597494,-0.3085405456529419,0.019427336027448963,0.23061874872803,-0.04380537765648581,-0.107145509339983,-0.03225493084775751,-0.7801142697483006,0.0779399561121278,-0.4069936219347556,0.05978494974244652,-0.7007466176525197,0.9532520811892998,0.1099216096989821,0.13247228962468327,-0.11253736365767307,0.11888359525288762,0.0649171026673814,0.14583771256052516,-0.16272423661945024,-0.7604474722337797,0.04608126447445479,-0.38175012810554715,0.08087650730502383,-0.6749999259451812,0.928964217230851,-0.7230085451735836,0.36238020962890855,0.5465708052513286,0.19544049841872937,-0.006197303463126253,0.340996158090305,-0.11001559314856768,0.6299245991917584,-0.8828532043986972,0.3129230213570099,-0.22354887820955158,0.43957332832602275,-0.5059413200971569,0.6683511420287768,0.23324957571239482,0.05809538742413997,0.7160481681944276,-0.1440488703552931,0.3413228515208987,0.034309761658713404,0.6746189688711719,-0.9143700876079246,-0.20742779351424756,-0.001104427115816384,-0.11792474785662914,0.04274457077424109,-0.17686563035528052,0.24160233297662387,-0.5279345522783895,-0.23478548513629785,0.6493453513719726,0.2287688254202125,-0.28688786679136463,0.2988859132890908,-0.10533391331160087,0.45136736154244833,-0.6164413363435243,0.3207770806358734,0.3302498075183555,-0.4365658949472259,-0.6008138930004536,0.8154464146759126,0.02184123186075189,-0.6627728844509817,0.08676221729360838,-0.2857065025888984,0.0,-0.6130234013925413,0.8498303370963513,-0.5739828930351873,0.3724893484836464,0.39141798871836675,0.14054259105008624,0.04302847171057,0.1986693273236753,-0.05123971331135792,0.5125000834746573,-0.7416135038402426,0.1687315024961261,-0.28394456027289844,0.49616734550514197,-0.36203712076894257,0.501889695704211,0.2200072167014101,-0.32238152578443924,-0.3252212731187346,0.4876452972046307,0.1710350506848427,-0.2780075542047377,0.1815454732998746,-0.06383662975790251,0.27579287496284327,-0.376975363303851,0.21021293362607876,0.3745386738465762,-0.5368527870075284,-0.45104135334849954,0.625275681955742,-0.03783250990026388,-0.4628359712965524,0.23192579788375892,0.079760140316951,-0.2616932114746556,-0.4661327325051086,-0.1650884904212939,0.13513087286813047,0.0023971077881968445,0.1958435425408424,0.07005609301261907,-0.03895753696928223,-0.44086569550959576,0.6885846694409248,0.2142030346039074,-0.323020757205114,0.13060771759564088,-0.43011023924783126,0.6821152786974951,0.11689419299425105,-0.18421666361621
1.0048987139781562,-0.2952399783370629,0.7895814788812942,-0.35909970747624875,-0.7630319875208704,0.26519628690437685,0.6545310294280228,-0.18963173745549147,0.39156099211289913,-0.98527953818853,0.2412196988399492,-0.5053304912123199,-0.63261208222087,-0.5698002826262253,0.8681284836827948,-0.16014039640397412,0.21132472103349476,0.7032955325582806,-0.20362234304909227,-0.5622730121727151,0.4274264582239409,0.3866954851104095,-0.13888008970411606,0.3218289793021417,-0.31085488411829154,-0.3139027175727424,-0.5113692665096905,0.5250005665911074,-0.08030757657386238,0.07205289464071543,-0.15764028074636657,0.33697613503702245,0.01891713245111232,-0.03813352430547995,0.12138642559852887,0.599604924373663,-0.24713492162826073,0.0022180510658641015,0.0860372208978755,0.6002360313473712,-0.1497870919855133,0.2777932655674482,0.05951630084916689,-0.2006238642226397,0.02252053680795766,0.15109142264876638,0.201904327469227,0.7599887376292199,-0.18887806167314433,0.41623874107310216,-0.0017739208956964725,0.7608648441652734,-0.9570260919351692,-0.17803706554783638,-0.16929285548117284,0.17021809360330004,-0.16216480218379906,-0.09789075323601493,-0.19503059202993542,0.22230186205980057,0.6692981162849967,0.004900833233529513,0.27376900672937277,-0.13290225226773578,0.6359369839102664,-0.8306388735134146,0.6445642378205769,-0.34930625005822924,-0.494377382923216,-0.1284789764476533,0.045861184733620275,-0.2662096284229054,0.12437085329254145,-0.6133767321090317,0.8002784669432886,-0.2715812102463642,0.2793421896853861,-0.41475087455558374,0.49524718370407533,-0.6226584492689046,-0.11587483496750398,-0.23423099932526836,-0.6691721665685699,0.28030680599809477,-0.3224400377330556,-0.12878806379233584,-0.7219321826921994,0.9065678565235537,0.2839616206303494,0.08176546224262443,0.21439984311421864,-0.17485026090191577,0.21481630397304333,-0.27218755238889725,0.5734149058460011,0.2216180266806972,-0.655659565418435,-0.26150228285339006,0.3214354369046735,-0.36913215675840066,0.1642878299835923,-0.5090854370777146,0.6421949431067354,-0.35858133909198736,-0.36509586602930916,0.4551226859612305,0.6570257856571111,-0.8263984470739234,-0.007494300770037052,0.5260643706356798,-0.06641440559052368,0.12854637359117965,3.111613943050933e-17,0.5483334222981429,-0.7236194595074392,0.4398083605443493,-0.3569320902787234,-0.28924784473219856,-0.054874611667257454,-0.031221113474458634,-0.06240745247837718,0.03651686893947222,-0.45149828050456736,0.6089129728557017,-0.07067910998127362,0.3586326556017022,-0.49860127734562226,0.301492116644805,-0.3978702621808186,-0.10802464490435074,0.26415392863165477,0.3256865324441053,-0.39269991043806235,-0.18229202630182456,0.26594251477600495,-0.10566445887488592,0.049577452081919986,-0.25232199430075614,0.329778100754997,-0.09595812264456398,-0.38401724413129684,0.5129772581027306,0.40932345516286966,-0.5401721021258938,0.026451347959270528,0.45151256584898875,-0.1830702754969963,-0.1248482441316199,0.23801444878676753,0.44551834439857385,0.157657124511133,-0.16111169324017124,0.059267120856213155,-0.16953025649513162,-0.03855963907666629,-0.01151154941002901,0.4812291601453867,-0.6588909173895059,-0.19830223658941626,0.27322220063690267,-0.07148886127029032,0.4788599760814963,-0.6542511952384891,-0.05835319893040413,0.09518276956490462
-1.011649144518898,0.30622136372106873,-0.783648206367396,0.3412105326769464,0.7663441359582882,-0.2656010679868961,-0.6676931532662437,0.17467946528529832,-0.41172221772063483,0.9954962435091815,-0.23154975261120667,0.4691878263139125,0.6186568817283296,0.5512697571457369,-0.8654389839325389,0.14255188968064605,-0.23247982718897478,-0.7010467695248692,0.19374154426207338,0.5668435125857809,-0.428226964468351,-0.39506791675904174,0.12874059960048842,-0.3347777569186571,0.28534693641036074,0.30382327933784903,0.4878187469156369,-0.5175663181815497,0.07044294563540875,-0.08584816426330656,0.14675749592068907,-0.3091149109689892,-0.01776960185856041,0.03293362386293671,-0.11253949783137165,-0.5800215197170181,0.24727063485464898,-0.0011635965270560098,-0.07567369722322058,-0.5910552725701043,0.13261261700834387,-0.2853923209696007,-0.05534873283769126,0.19877965594053157,-0.017874110164145383,-0.16029997209426394,-0.20653379186703294,-0.8176171302160309,0.18896955014789904,-0.4501573111279648,0.001955634813221246,-0.7736201942934698,0.961165906692832,0.18668907697464246,0.1934225860914775,-0.17863056370467498,0.17834605057163724,0.10520676783380284,0.20649245701420935,-0.22570124823963106,-0.7030062809631575,-0.010072969762576862,-0.2944789459541397,0.13782814844145716,-0.6349269343768558,0.8285980314071404,-0.6830969984108735,0.3664891142516336,0.5389715195196435,0.11975143371261777,0.008571358096158476,0.291390451820695,-0.1262022162253282,0.6186615218543875,-0.8050091506111422,0.29761936226521857,-0.280836088046896,0.43555264211736006,-0.5102552604443402,0.6335780741990443,0.1488862776709434,0.23992609904175582,0.7302175762181233,-0.2839810222183826,0.35561873153196655,0.13520796078811034,0.738679943963755,-0.9089816807271179,-0.2829263353302062,-0.08305023487183898,-0.2155783440280068,0.17713178794171494,-0.2061716238750254,0.26745702264559035,-0.5876411599035566,-0.23676120105735524,0.6985427528918551,0.2435827794059233,-0.2578837285262083,0.3782597143297039,-0.16285436833723912,0.4997220886790395,-0.631210449275088,0.38403195982397437,0.3581307247075728,-0.42031291615696464,-0.6615359673725126,0.8218025039014789,0.04234182672486019,-0.5609266026225543,0.06336882323971581,-0.14722560611277793,8.109823850750905e-17,-0.5512199788365978,0.7208069309885411,-0.4710595551702279,0.38332337341193295,0.3161045938532894,0.049326498997854205,0.06866232609570323,0.08033364297767427,-0.03571086847993581,0.4573355491365428,-0.6130820707608173,0.08296752232377144,-0.36374345077124465,0.510603340263589,-0.31063452280441983,0.4062035587213691,0.13086013027945176,-0.26889027615056776,-0.3303918466017888,0.41411889920868095,0.16799964737735512,-0.22470045826770887,0.10790017112448858,-0.0467837096716179,0.24525802792538315,-0.32014700366019294,0.1086931973875025,0.3687691680807603,-0.48353990141819814,-0.4069527274876761,0.5321547799789802,-0.004927688586614983,-0.46121214935119276,0.19624174072061662,0.1174385791603916,-0.22161532215079316,-0.4691876489550228,-0.14386064821622457,0.11311188426972407,-0.0582579337156067,0.17731948089855662,0.04032423029322222,0.0014976290422698158,-0.4678028034107409,0.6380595881208803,0.19942734815535884,-0.27220840122186063,0.06231288046675203,-0.47635941009084004,0.6494605098931778,0.08429441731292152,-0.0993879018044222
1.0060865144265874,-0.2957257435847566,0.7904058086695518,-0.35920043718618383,-0.7635076630970944,0.26269126618096844,0.6536590566288013,-0.18808920214768274,0.38949570804713857,-0.9877950564736584,0.24176328937940467,-0.5001066167470498,-0.633324166883543,-0.571667492583695,0.8705824477999742,-0.15715102571818343,0.2234265854335027,0.704972496617616,-0.20567020038475023,-0.5634692711573949,0.42594938138511657,0.3858788856254057,-0.1384771370296551,0.3167410925832442,-0.3065796938607115,-0.31408330362018655,-0.5122406512551133,0.5268758227077082,-0.07826366642329567,0.08193321963786528,-0.15341117728305684,0.3346798200867101,0.014099804795032216,-0.037388372521760506,0.11384155535321817,0.5991942342815149,-0.2492015241161278,0.000859344735301301,0.0756288187889481,0.5987258856942628,-0.14790644976112463,0.27965214062907084,0.06065479053365282,-0.19187546308483044,0.019069455324728212,0.15364796811010825,0.20122144367168518,0.7702097700776825,-0.18602225516991475,0.42274093023228204,-0.0046899604924717795,0.7631439593813258,-0.9568110457142089,-0.17985591193680056,-0.17153638099692495,0.1712804697546477,-0.1643768730166177,-0.0984472432673616,-0.19559132171547844,0.22175869633045558,0.6769369203698239,0.00656110891064271,0.27957612686757904,-0.13441904758725154,0.6371628979707078,-0.8295945577648154,0.6509185121154315,-0.35203345001045877,-0.4987344017248482,-0.12847155871001145,0.043429213648475996,-0.2722425100239262,0.12441867653230267,-0.6139184152990567,0.7981296081543562,-0.27588129383914384,0.278290438482194,-0.413485000614513,0.49494136189454657,-0.6198288885586105,-0.11656599002670383,-0.23448479043236292,-0.6798312352081041,0.2793605037115475,-0.3277509912458922,-0.12834930449382587,-0.725269531201766,0.9052940944957967,0.28510532526243226,0.08196616263345964,0.21592079099672762,-0.17524707341669177,0.21481487631580934,-0.2746085966170052,0.5773096183122306,0.22750364741272694,-0.6641433088484886,-0.2590374530363368,0.30456843576419806,-0.3718118852213071,0.16392027246951124,-0.5094503237486228,0.6436164945996066,-0.36313948217469044,-0.3675930624630588,0.44978856422994395,0.6596278695358797,-0.8269020889077653,-0.02002095396117898,0.5340063746439307,-0.06561735389409175,0.13279756998068093,1.2924956029547209e-18,0.5504844866598803,-0.7212816079775403,0.4459630957896255,-0.3613930883632991,-0.2922976226067338,-0.05570512460014127,-0.029498497890819143,-0.06649575535795357,0.03591679323636652,-0.45287950568316254,0.6059863843779058,-0.07268904611707439,0.3586919419743796,-0.4954688357438653,0.30131720213988283,-0.39480595972730753,-0.10564957646893798,0.26644930897650526,0.3302635718257716,-0.39910074410220775,-0.18011208838843953,0.2516090114585079,-0.10684299876377595,0.04904049091663324,-0.2525395553907847,0.3289756018219833,-0.09924901932040478,-0.3852452521718917,0.5086570467083782,0.4114160030190139,-0.5390647754776666,0.01609591418915434,0.4561337001710171,-0.18745413644073222,-0.12262166835432854,0.22484411003055396,0.45087009966502706,0.15634389636148674,-0.15203466154920875,0.05695508519113123,-0.1597688574237797,-0.03619609860676345,-0.008785380307410145,0.4814914667751997,-0.6533320659144033,-0.20023700301930003,0.2728260139403549,-0.061709653139020826,0.4789465152852427,-0.6487211444448432,-0.06344869629695665,0.08776978002418076
-1.0076601091144235,0.30815293473776706,-0.7832255972605912,0.3442125203587173,0.767391220085039,-0.26354445563303575,-0.6689256348307754,0.17574069231722783,-0.41217252507308505,0.9919347473130157,-0.2305765968500095,0.4675851906775727,0.6158358246682871,0.5494035583646337,-0.8621677550732024,0.1419903445792176,-0.23411637402736563,-0.7004900000724751,0.19584839061479448,0.5670864551731564,-0.4274449469356,-0.3948266414402703,0.12957599160548353,-0.3341450145098546,0.2846766842375795,0.3030743430727832,0.4873410283824431,-0.5170724272680864,0.07015141418850877,-0.0876571355069989,0.14572609087458024,-0.3099666893953236,-0.015889072536344813,0.033045756651028844,-0.11128750711954351,-0.5794687899843407,0.24777362253156804,-0.000729144261382807,-0.07360791233706139,-0.5902085935059475,0.13295488088098278,-0.2859586498232521,-0.05610718958831093,0.1972445021161503,-0.017248618903967748,-0.16203514317644224,-0.20317982200044493,-0.8162821415527479,0.18513119119593668,-0.4485126968133026,0.005086579473994749,-0.7715286158176697,0.960325316020138,0.18807981829018483,0.1942770292317188,-0.18001413815692954,0.1795386815014651,0.10600996869409543,0.2076817739076236,-0.22739873122728355,-0.703878321719962,-0.010835919380768562,-0.29547632834001925,0.13883265735896957,-0.635122813458529,0.8295421262798472,-0.6848859215682116,0.36670134609796334,0.5401436262836549,0.12118751113817944,0.005848275634794526,0.29314885441517435,-0.12677131392905266,0.6198512413893763,-0.8070689701103508,0.29907126176589455,-0.28000912049598115,0.43462375800399694,-0.5112848523699519,0.6354222694394138,0.1481001981826248,0.2370865286002054,0.7283541145075606,-0.2812705443218288,0.3531673439486246,0.1336322828423913,0.7366557533121562,-0.9076919501190579,-0.28106643452372987,-0.08181180584126022,-0.2134095083501511,0.17500736170850284,-0.20517435757849098,0.2669513896660144,-0.5847809036111575,-0.2369354668089892,0.6960618227430381,0.24298984367115473,-0.25596813698106363,0.3750490054187847,-0.1615094612761499,0.4976100556845508,-0.6299197223368272,0.3809802497866298,0.3574579278108464,-0.4193894108771866,-0.6594136688471024,0.8204856606231988,0.04393402007612151,-0.5611637159549311,0.06308746085233773,-0.1472362517263652,0.0,-0.5511861664406087,0.720864369033187,-0.4719323903187464,0.38359231067039073,0.3162962858080823,0.05030133003327355,0.06613931887489043,0.08069960699268934,-0.03555883778889903,0.4578863788661001,-0.6136743995961141,0.08298875752881595,-0.36357410520808436,0.5101116238656765,-0.31067250479174185,0.4063105222485478,0.12957985716141648,-0.26843188870973117,-0.33057341926280137,0.41422759022052263,0.16780171306122368,-0.22273447794282197,0.10759416738352372,-0.04656852561738716,0.24479444372283027,-0.3197840956628345,0.10868364438340268,0.3687230394126963,-0.4830910859894668,-0.406862580377378,0.5321119344865773,-0.0032181108142645873,-0.46149938959545483,0.19706086522224514,0.11705778661640379,-0.2189548493106496,-0.46947736584768596,-0.14433529326168265,0.113291951108562,-0.05745000781824914,0.1743641222501061,0.03974264703616559,0.0010756785667610375,-0.4677805682654097,0.6375488042032049,0.20001577932656925,-0.2727445514641324,0.060222770780701235,-0.4762035493871677,0.648834225290611,0.08456136938350758,-0.09746429948324822
1.2615136128129096,-0.08212126263264652,0.9265606249669007,-0.41103947732662227,-0.2773895966945607,0.7036048022084971,0.5406942101323797,-0.22104102110099294,0.8340996079199494,-1.1594504885187078,0.03335443033902355,-0.7578470030754498,-0.008748570787114718,-0.7665831859354902,0.9218605370588611,-0.349342615163001,0.6189008924063656,0.8484660713741072,-0.32651068520701276,-0.2513080938051161,0.7060641502021264,0.4369510919908689,-0.18025977462328707,0.7337515878009745,-0.5584946325723714,-0.0034510693507704415,-0.6373229643227301,0.6595155723840359,-0.2539127640207756,0.39528324023838884,-0.19572086457570337,0.6591492335409141,0.03091008265739872,-0.01463157098603592,0.27615272244016964,0.30846883554418236,-0.188521085243901,0.08471454964807158,-0.044917623863425654,0.874401261935459,-0.3069169758185071,0.7892404374335554,0.0113031885224017,-0.3691409329143297,0.10408318450720788,0.13900543107646945,0.21384531058753853,0.9383729230125678,-0.5687318829861214,0.11034317904767725,-1.52922202619392e-16,0.9516520631404195,-1.3586303968695632,-0.10359491107385632,-0.009133721343148167,0.04119996230262556,-0.06277279488747346,-0.053158973623282146,-0.03234071539134646,0.0018476986913687002,0.7677405014981937,-0.37984202694803737,-0.028116998872224144,-0.08153305248515724,0.7417355008083226,-1.1553815385696071,0.40553194394945014,-0.5695272210614818,-0.4013374177618797,-0.1465585164804612,-0.1901716543661917,0.2876129920961967,0.22698375272838117,-0.3162869031472775,0.7128874079914156,-0.03464062348131623,0.555188503731681,-0.8634831431612755,0.4063403069590862,-0.5949675378487654,-0.40023551276408686,-0.17616859800289233,-0.7720883860113995,0.47005878424266234,-0.001955068282398449,-0.0904011034708303,-0.8273775886697503,1.1715354243956393,0.16088343784925435,-0.035247386433203576,0.10909935745451008,-0.13864349151381222,0.09244778682334734,-0.20237701949341697,0.35894331636268045,0.4924140430401185,-0.6842321234169255,-0.3123205633025686,0.3411116908395275,-0.27985707936639653,0.38638947391517103,-0.17415621222894256,0.41755874570166596,-0.05860218335956263,-0.5340220010812591,0.7242313002271739,0.6927368767166988,-1.0148526639703679,-0.11011842995307802,0.6275868695799247,-0.31369297950207636,-0.09318474029210826,8.750061967997073e-18,0.6399468136738111,-0.9880552642711842,0.322140761803085,-0.4900103988826168,-0.32317226274669614,-0.11436092954749894,-0.17870060663386372,0.2756775391125217,0.1612475006905666,-0.2638225327952576,0.5968509200326231,0.048082861548112935,0.5133283278075588,-0.7628093453664964,0.32952429367312547,-0.509091728873189,-0.3544832865923899,0.22579406958493475,0.5251754756392653,-0.487974927178049,-0.23475013285285992,0.33500137546583525,-0.21022412810455152,0.24542154733050553,-0.10699017467027311,0.24440184839574353,0.0719389376188137,-0.5018536590362255,0.7773446220737283,0.49765198135965205,-0.7666816803615252,-0.024321699086091483,0.49786964542771295,-0.13235277272065615,-0.09060135173320885,0.28163102202204837,0.6494388422776297,0.26895269975209546,-0.13830359840137954,0.03117227638919531,-0.3106449260666151,-0.11344503265565326,-0.3219509138719827,0.358343007917534,-0.7266547572882494,-0.1473975917495819,0.3342784530511331,-0.09174766840356188,0.6555439546996226,-0.989516749738105,-0.26509123816543384,0.2631229962543038
-1.218980910324198,0.08651894161214936,-0.9006150451054148,0.4114559251319012,0.261677375012761,-0.7053943160826397,-0.5483413325933901,0.21432713558005387,-0.8580769167611236,1.1211606731534296,-0.03798567734666598,0.7006334194051771,0.015497382835130358,0.7227468503254744,-0.8783111324002038,0.31188202854162805,-0.6012085017253714,-0.8281793513583269,0.3264776742986233,0.24454725267476596,-0.7100400599761423,-0.44312295065017304,0.17387905088134872,-0.7473110438116597,0.5119752053121093,0.009922241863495496,0.6033125817107832,-0.6345841506651464,0.22415974713149428,-0.40193399151599585,0.1650413625653155,-0.6357829795176383,-0.02430287546524382,0.015137468492981396,-0.27875168684130297,-0.28305818974988056,0.18403330054103573,-0.06794600198335117,0.08571100666580769,-0.8652067228934464,0.2883744867892273,-0.8099759679163636,-0.012741288578022175,0.35554134614775934,-0.10714391236534426,-0.13860048519249038,-0.1974330384044043,-0.9644177235780185,0.5592954781425301,-0.11534171774339443,4.606853011395143e-17,-0.9356118497407672,1.3367634591362196,0.10292220545200921,0.015107328865301205,-0.03980692260667375,0.06626444337948753,0.05572972848137825,0.03684302577551882,0.006155218836406198,-0.7858145679160948,0.3795218439698991,0.02182552289676595,0.07943078893362819,-0.7299310690255567,1.1459642207785146,-0.40617285091917155,0.6043955578433572,0.4325228284389822,0.14686630064214773,0.23537185726139742,-0.297295844901743,-0.23523816578874623,0.30454899257173496,-0.720944556269175,0.04003426119471475,-0.5654201615241767,0.884623320839272,-0.4192039674802286,0.6084024549322458,0.4299984679919914,0.16052405907789452,0.7994893661746398,-0.4577457327795258,0.008203665879129768,0.08688758068124407,0.8159131670050641,-1.1482805816730646,-0.14967965223208787,0.035024556526085084,-0.09746114106482512,0.12385777887954913,-0.08625296917531985,0.18440242585047703,-0.34164304118180894,-0.494521854634292,0.6923280894032262,0.29118650300594284,-0.28171604738034656,0.2672538757548045,-0.37091865903663335,0.16289433547028107,-0.38709794106452766,0.05986680947918986,0.5127845323302332,-0.695881762042815,-0.670864768078894,0.9770581909582239,0.13246479305269743,-0.6493086322258859,0.3109945724943215,0.08418126125595937,1.08095123235955e-16,-0.6339197064508952,0.977268559753997,-0.3296112252012204,0.5251350206977761,0.34750432859188635,0.11495741311941328,0.20771048362558991,-0.27801449646086773,-0.16739635388563667,0.2596290949672094,-0.6019324941514174,-0.044858114604534,-0.5253623099686264,0.771621653451365,-0.3393141027689983,0.5226212497578813,0.37310238229223996,-0.2186809541235024,-0.5198803977241513,0.4976013347762268,0.2176516753390283,-0.27796952751745285,0.20577837525258963,-0.2391530249587394,0.10249970851873413,-0.23042346543073022,-0.06434522185007735,0.480006243163484,-0.7456989161660476,-0.48584730200771215,0.7485877312735949,0.05499575965750897,-0.48616811663205384,0.13662857758186925,0.07909755104788058,-0.23138318550421635,-0.6793679368033068,-0.2598095964511653,0.07963729851725282,-0.028369823990303408,0.3068657002759008,0.11173047494600005,0.32407702755052425,-0.33671405118824005,0.7003252754244065,0.14532311892577443,-0.3396578432921735,0.05203586134374037,-0.6583378270810553,0.9881393835073109,0.29945787022834375,-0.25557106296333687
0.006465358318229308,0.10352258052924358,-0.10352258052924358,0.009438850386278598,0.011772487471529166,-0.22628508521061755,-0.0033813483574032465,0.09466209010889985,-0.18184351357220327,-0.12411779295234031,0.12411779295234031,-0.015576001319537382,-0.022839269346751866,0.2525906741711492,0.012865884242721039,-0.10830497083705402,0.2084245513082341,5.397941476989939e-17,-0.06820017565459988,-0.1396991308441976,-0.29962251915620747,0.14109411998110882,0.08309510609197777,-0.15364472026273604,0.06820017565459988,0.1396991308441976,0.29962251915620747,-0.14109411998110882,-0.08309510609197777,0.15364472026273604,-0.0049816521095704565,-0.1763941219075114,0.010636884545685952,0.06993926745718422,-0.13380645095648958,-0.33943446830864726,0.01148210687075721,0.13719178690208203,-0.26286208478317896,-0.3181974686800521,0.09234420834120838,-0.19045992585487284,-0.13173201180130636,0.25285861993009745,0.005467171464031706,0.026219327440065058,-0.026219327440065058,0.008472573856878222,0.0050073942113432034,-0.05030761592735558,-0.0025995841327915293,0.02801484337417291,-0.050668991275317155,9.70960045371127e-18,0.09738399164633724,0.032436201732867855,0.11214668811501513,-0.02791167466294396,0.06468203646372817,-0.07386599178680135,-0.09738399164633724,-0.032436201732867855,-0.11214668811501513,0.02791167466294396,-0.06468203646372817,0.07386599178680135,-0.008116986284851543,0.22309220404095073,0.0006359489753842204,-0.08315140603645724,0.16432586083710377,0.08365396331471797,-0.002114627955658749,-0.022304411033037392,0.04857613094119836,0.06467383893342897,-0.2439334481371024,0.3584524251448802,0.023410013080181914,-0.046615823482438215,0.04607400221941806,-1.0353589583575084e-17,-0.0994848015034298,-0.00350737505081184,-0.05857174779239126,-0.0022705913403863777,-0.0985957783572634,0.12747504010578187,0.0994848015034298,0.00350737505081184,0.05857174779239126,0.0022705913403863777,0.0985957783572634,-0.12747504010578187,0.017866328801680636,-0.20981074576822104,-0.010597406241925964,0.07443711600087156,-0.15106233583806086,-0.017915772587496312,-0.0007813877953524245,-0.015082361208922175,0.01756729355932121,-0.0014506149785029191,0.2517607251864316,-0.3577794570544253,0.012201620444946795,-0.01702677787682786,-0.05433226134208801,0.0,0.0,0.0,0.0,0.0,0.0,0.11004656449965647,0.2079740764185748,-0.11433957138865053,-0.12078002018607067,0.1931965921549012,-0.05745778699925114,-0.006542733428269688,-0.11332130477673942,0.1478195956375929,-0.07206420042723673,-0.2772248866815098,0.3802326107185629,0.11056117923494582,-0.14209980545440093,0.036708425881121616,-0.11004656449965647,-0.2079740764185748,0.11433957138865053,0.12078002018607067,-0.1931965921549012,0.05745778699925114,0.006542733428269688,0.11332130477673942,-0.1478195956375929,0.07206420042723673,0.2772248866815098,-0.3802326107185629,-0.11056117923494582,0.14209980545440093,-0.036708425881121616,-0.26943497492428087,0.00881159950760401,0.10403040750017961,-0.2017956976310946,-0.2632930470144776,-0.0991101706852857,0.09164888670990656,-0.09841767517050501,0.19419836208496005,0.03884326824067991,-0.02061978249961447,-0.33176937483234364,0.4672794965438966,0.002888765588541448,0.0001614623820227219,0.06806226997864022,-0.3166216244444144,0.44961372359393165,0.05903412063279449,-0.06546873782796088
-0.004331147275377657,-0.10550170994309842,0.10550170994309842,-0.008214001703641007,-0.01252205102985949,0.24182406577989665,0.004853646793219545,-0.10275621755011655,0.19086844447804518,0.12213619940100724,-0.12213619940100724,0.01259031833611058,0.020202415975347412,-0.26689554610820077,-0.011367809075481992,0.11533344266916884,-0.21423099400306786,0.0,0.07505474705963645,0.13899174297551953,0.3180533331837295,-0.14003618086582278,-0.08828572127909329,0.16397738493788772,-0.07505474705963645,-0.13899174297551953,-0.3180533331837295,0.14003618086582278,0.08828572127909329,-0.16397738493788772,0.0019131352561758926,0.19679808717660593,-0.0074498147588815756,-0.07997520596181178,0.14855203152306434,0.35633762225080756,-0.010226596098141447,-0.1458534093355114,0.2709195042846278,0.33561386988930497,-0.1074138555029862,0.19954811211643203,0.14045360953771585,-0.2608903337767242,-1.1966158526532191e-05,-0.026831597152153563,0.026831597152153563,-0.005954151934932981,-0.004452327994963408,0.05687519112672864,0.002364689245721806,-0.02877958265568129,0.05159160248452252,-4.968052242721915e-18,-0.09415021003682725,-0.03087902106321365,-0.11269438937494887,0.027532581057936732,-0.06445907508767179,0.07427525527877182,0.09415021003682725,0.03087902106321365,0.11269438937494887,-0.027532581057936732,0.06445907508767179,-0.07427525527877182,0.008770601001938223,-0.22457890496971375,-0.0021878242299120804,0.08668155726841249,-0.1645490587117057,-0.08415461057578956,0.0018472546419874415,0.02242476998521492,-0.04704902113113546,-0.0682929163739086,0.25751056376294745,-0.37412992681389284,-0.02385063054588906,0.04639351406754039,-0.044273776292163974,6.586769983501415e-19,0.08990669529773056,0.0003988164638511453,0.049574414538009565,0.0037408832692302153,0.09707552002033028,-0.1276896130998403,-0.08990669529773056,-0.0003988164638511453,-0.049574414538009565,-0.0037408832692302153,-0.09707552002033028,0.1276896130998403,-0.014830257041067368,0.20157704530986265,0.008753678788216476,-0.0748921043298844,0.14453657400998504,0.009071555260287025,0.0006558952196834476,0.015680553104626783,-0.020421462632133888,-0.0035605545751716916,-0.25894543944913295,0.365986213288507,-0.012567813073323799,0.01844632709145201,0.049696179389803655,0.0,0.0,0.0,0.0,0.0,0.0,-0.10206929048817395,-0.2036605780529318,0.10538203541977065,0.12464327625756152,-0.1991741720798958,0.05537743446368201,0.004714414097919324,0.11076081942450021,-0.1458470040232979,0.06658150583753004,0.2886278255781072,-0.3990724302389964,-0.10859858556771583,0.14138106133624698,-0.03803147915877635,0.10206929048817395,0.2036605780529318,-0.10538203541977065,-0.12464327625756152,0.1991741720798958,-0.05537743446368201,-0.004714414097919324,-0.11076081942450021,0.1458470040232979,-0.06658150583753004,-0.2886278255781072,0.3990724302389964,0.10859858556771583,-0.14138106133624698,0.03803147915877635,0.2624405739416952,-0.007445061655250565,-0.10558363585740235,0.1969436165798457,0.2561030469922714,0.10980999861714061,-0.11915173682854795,0.09991880543349724,-0.18880757468456746,-0.03446839235008972,0.016161001488881683,0.34207236797824353,-0.48185309634772433,-0.0032022966618312216,0.001541758289247837,-0.06284534122300503,0.32704979603882617,-0.46287977867329216,-0.04631056431330156,0.060518937313869564
1.0195031645682795,-0.303683861821161,0.7945843471739805,-0.3451835098125761,-0.7731230862201104,0.2613974940516988,0.6669957910129776,-0.1795695222252728,0.41378975063310325,-0.9988237322809861,0.24169967054180969,-0.4828643347450814,-0.6371121053672204,-0.5616366325117381,0.8775918340432575,-0.1508589968715871,0.2140935036122209,0.706470993849563,-0.1943489560090381,-0.5676618200249618,0.42339250835165265,0.39205444575503307,-0.1309901354637596,0.341623540998697,-0.29450198099777,-0.31326603211420995,-0.49970160259562707,0.5258522878885706,-0.07500545936580233,0.0687614348210423,-0.15045855408791875,0.31396394071475736,0.018772133439573402,-0.03397113522205264,0.1234942372269769,0.5892612944356427,-0.2486852648477068,0.0021840607838082226,0.09623298128203736,0.5924548320935802,-0.1376032859703148,0.2828465839755795,0.05587665872747274,-0.2161239396124284,0.02352051408415902,0.15993527758363055,0.20527937195157442,0.8006392978158091,-0.18606735711151148,0.4438859516331594,-0.005126383485747409,0.7747854374245096,-0.9701888367666129,-0.1857984429460483,-0.18433901919951792,0.1767089257086282,-0.17322916387977025,-0.10310841663072212,-0.202618627892821,0.22408082873684718,0.6935088898704661,0.010652259332895528,0.2933245585521269,-0.1382965998036693,0.6400120396057973,-0.8394670986529603,0.6701500613341203,-0.35557242922644755,-0.522071453249352,-0.12130687255951018,0.0035280444346011165,-0.28890634793402936,0.12561949183764248,-0.6203183638238856,0.8112462832301924,-0.29172061015796036,0.2768361784804357,-0.42891518449451776,0.505989683401781,-0.6326519113258657,-0.1435816308834717,-0.2390323255702104,-0.7086495808460421,0.2822406084746444,-0.3467751003452149,-0.13265043679758062,-0.7354037072578866,0.9169236187936297,0.28703818884477167,0.0841719348428207,0.21832154248303193,-0.1779205323002782,0.21405880107253367,-0.2731166629464764,0.5884653428561365,0.2308297536707055,-0.6867650698487817,-0.2484863434386441,0.2913751768187916,-0.37989814109151154,0.16337102222642738,-0.5117150531952495,0.6453681436748064,-0.3792744692515229,-0.36114031559811693,0.4412546309095487,0.6661794053741339,-0.8340653612243238,-0.019141494439186956,0.5477403458856295,-0.063780300904866,0.14395137924337717,0.0,0.5515009774505714,-0.7302980357324137,0.4576648147711373,-0.3678650100350341,-0.30396723941024034,-0.0501578372041458,-0.063963469247368,-0.07744351973283557,0.035394730624526055,-0.45496650486548956,0.6176490870317549,-0.07988548531541347,0.3572087107120609,-0.5072818278765941,0.30605419320836913,-0.40527720759619673,-0.13127768720699862,0.26946876999469704,0.3274200417350076,-0.40770324126593793,-0.17174748175280607,0.2511225622764693,-0.10894459452573473,0.04747401867172355,-0.25132014651222223,0.3300393009028213,-0.10714829452143686,-0.37480488971780695,0.5025440514013293,0.4105024173532038,-0.54358762960365,0.023857088650596745,0.4545525382627652,-0.19111564641773648,-0.11882785194794143,0.24129337801125286,0.4555164231146188,0.1453290246868693,-0.13041997482559725,0.057976549179878,-0.18697024331480322,-0.04305202189594326,-0.0028144971392298265,0.4719799725401799,-0.6542791997176381,-0.1991787319979128,0.2765843354309173,-0.07950467109771632,0.4738806603538263,-0.6564741417134501,-0.07376516245875733,0.11095423664548969
-1.0056482798389703,0.2953347432266057,-0.7902414402871186,0.35927382528401547,0.7627390522293614,-0.26281962359937977,-0.6527435073795825,0.18838704320937202,-0.40391453152942247,0.9872242676126483,-0.2419415713448735,0.5010305583878455,0.6334373022092468,0.5724071602657136,-0.870365606550247,0.15758459397258925,-0.2259705696683734,-0.7047113682619877,0.2055510976077534,0.56273994652404,-0.4261068613261989,-0.3851794268966073,0.13865688228994824,-0.33015247383570867,0.30727625398559083,0.31425512034640474,0.513029119440797,-0.5268971182657464,0.07850778531189026,-0.0803935069654023,0.15370993387980725,-0.3354369312001601,-0.014264294399012426,0.03755949900885276,-0.12050755193077264,-0.5996898322616127,0.24898342343322857,-0.0008596876743213892,-0.08302898210882946,-0.5990008938760054,0.14841214279327028,-0.28896093780831933,-0.060760092544742864,0.2029064217678989,-0.02096237859811774,-0.1533314399503408,-0.2010575981398455,-0.7678154581624396,0.186075703779074,-0.421368013007898,0.004748956204455093,-0.7624671076891639,0.9665163481341609,0.1795340932686274,0.1707103881707498,-0.1709409749187017,0.16381783627738278,0.09812930834954729,0.19519485569672934,-0.22225768715085495,-0.6751807162916271,-0.006274310629650038,-0.2785671579632499,0.13423367442899817,-0.6368128545725031,0.8402454153344509,-0.648830190252477,0.3511997928841121,0.49667502001744623,0.12856183730534132,-0.03690376173557331,0.270959039970555,-0.12437939226363573,0.6131544229575714,-0.8077957874009835,0.27474153650889466,-0.2782002395192666,0.421833492782152,-0.49401050275395786,0.6254364584613371,0.12518530593072388,0.23426300657268354,0.6773564177710591,-0.27924703863141337,0.3263732663752452,0.12804290476721347,0.7244713423822725,-0.9143554655470458,-0.2848933219084377,-0.08187547877688062,-0.21581426860037423,0.17515327357899027,-0.2149420174374293,0.2777050282735254,-0.5763372520983385,-0.22710207907612195,0.6621607257061657,0.25955738077656554,-0.30900518137936767,0.3713239410615922,-0.16403554015605956,0.5094204228422009,-0.6506003679461397,0.36198131790725346,0.3679621713515314,-0.4554515902118171,-0.659153699770025,0.8354307167712717,0.0198747820585209,-0.5322942347934402,0.06580005477667854,-0.131862516883535,-4.1353861565820985e-17,-0.550052695115789,0.7310387578871965,-0.44425067737565394,0.3603158998198492,0.29094008913714964,0.055707454049736,0.03614591802433943,0.06551114819879034,-0.035964834015880465,0.4521854890330622,-0.6145902874415843,0.07207309399252089,-0.3585366780515027,0.5038025250848918,-0.3006464652190316,0.39956938753046445,0.11385895934758349,-0.26605925716928436,-0.3300134392665958,0.39798463741806295,0.18054042530308417,-0.2580316693596264,0.10670441638979708,-0.04919724699356789,0.25261788086865644,-0.3335018854305847,0.09859069014957822,0.3857477371559176,-0.5171525485181656,-0.41126224579801407,0.546581525740531,-0.018690728255504333,-0.4555263963805642,0.18673439286836344,0.12283379777106082,-0.2334192104200742,-0.4497781800611697,-0.15674750701189916,0.1522546537369892,-0.057028114424065406,0.1680598269065819,0.03926416145653561,0.009341002641082497,-0.4817762140707622,0.66461048775255,0.20001383100134992,-0.27723092753537915,0.0676562181320873,-0.47891101234061695,0.6593459986952307,0.06766537939847957,-0.09534576082180422
1.0202654723986364,-0.33522914202081244,0.7487959652967057,-0.3391181435279223,-0.767604341440007,0.2641855172869752,0.6628984984410856,-0.17438631124025886,0.4111322829473915,-1.0007347479745343,0.2332680464125911,-0.46609643337511397,-0.626222434575472,-0.555103843880623,0.873105800807079,-0.1424928983022461,0.23757738412314347,0.657816923842301,-0.17948093647352137,-0.5471520332897136,0.44151902084681527,0.3633319594758845,-0.12422910763541553,0.32520114410650697,-0.26454458100213935,-0.28409788930856605,-0.46780526347171253,0.4892305745158773,-0.06470801470212592,0.0803643408848326,-0.14252590161441311,0.3051967559254682,0.012632601894927518,-0.03230424968010565,0.10885450138578592,0.5797893139881802,-0.25001129467419936,0.00017009982632719848,0.07360322358302959,0.5867486731785795,-0.13177655754756215,0.28520578476861225,0.056651306121587745,-0.19747045782895326,0.01681247419960305,0.18170956478975403,0.24467397502096652,0.8187275560394143,-0.1907882170877077,0.4548195852168203,-7.265376118687576e-17,0.7777269845885695,-0.9734285137425865,-0.21375342162542435,-0.2086126911525638,0.19939792793095223,-0.196491815238201,-0.11806240719714088,-0.22447989787486977,0.24661712474067016,0.6822080072766593,0.04405849212594631,0.2704470132092168,-0.15897236066187115,0.6126117535402413,-0.8130165490882186,0.6793904049586194,-0.3631736506941862,-0.5319529889166057,-0.11856370331967389,-0.0063689882336363255,-0.29278458640623706,0.12396109252855111,-0.6177386967232477,0.8092473682755768,-0.2955105590244126,0.2791219767614445,-0.43533447113538437,0.5053136308423847,-0.6324670564246769,-0.14701670003924797,-0.28153533731394603,-0.7200429243843175,0.2986663889307898,-0.34724892166373683,-0.15550038629365256,-0.737461097855447,0.9124817809523594,0.2989659582631401,0.10655612737801234,0.23710920999479085,-0.20938302106323226,0.2119871386696246,-0.27953388445169824,0.5896811047591124,0.23767248182933065,-0.7006370379054795,-0.24094994678041226,0.25405192505270324,-0.38296454323893586,0.16326956421772615,-0.5040022088858127,0.6419013060969259,-0.389217932897291,-0.3596227527625986,0.42371233185162527,0.6655502514380541,-0.833024448060114,-0.045148731965816945,0.5238017852436365,-0.04239402404401084,0.10404656299034964,0.0,0.5197074205923528,-0.6912936454033634,0.4472492578249149,-0.3799580351947018,-0.2893113906190122,-0.042878413672830774,-0.07033402047613323,-0.05808838162465494,0.02341548730003613,-0.44028290117137836,0.5959550364184323,-0.057468028318890425,0.36847079233505736,-0.515425101532067,0.2870499505775024,-0.38182215393692776,-0.12637354267083353,0.24326843097435513,0.3306577709666869,-0.3895610450858816,-0.15747787028446175,0.21401547671494814,-0.07508404653745936,0.03152921730554848,-0.2286213822243681,0.30373501518360335,-0.07738134721564899,-0.35935411772317716,0.47890098452941543,0.3865159906063995,-0.514127829555416,0.004509301834407137,0.45879614099639965,-0.1982630895100114,-0.11454885775886882,0.21540268305247,0.4652139715469623,0.1412997529841372,-0.11084423771694457,0.055090270431749876,-0.17051585584539922,-0.03866480883923801,0.0017302360578467747,0.46652744553010533,-0.639317470447781,-0.201172084681194,0.2754608160065582,-0.05941239488309262,0.47252054773678387,-0.6478424865648552,-0.08418449530768839,0.09647695590610306
-1.0116322772547874,0.32454926687263913,-0.7538888678656842,0.3548885352515438,0.7609284024371564,-0.2656900103882183,-0.6491785710921475,0.18701462591961962,-0.4014591966397272,0.9904802806977574,-0.2414006959862831,0.49983047386731566,0.6359069697686485,0.5735076341534487,-0.873422576275858,0.15748822664005746,-0.2270018748352955,-0.6606804207229653,0.18711392114908748,0.5410082785065115,-0.4441260014928511,-0.35539585341584295,0.13257941022038858,-0.32023901668996524,0.2877985382706371,0.29231425905585845,0.4907897717497818,-0.49598199819947075,0.0727370623512679,-0.07336821749643627,0.15288075953004396,-0.33246393536111274,-0.014344712391646084,0.03715267283074544,-0.11872019145245795,-0.5983917188648648,0.24889959849785306,-0.0009028583304948976,-0.08160922610763154,-0.5974191743409508,0.147382964726936,-0.28721112511908414,-0.06040219930879249,0.20094136736079435,-0.020533574015774478,-0.1709485486629533,-0.23857172766712792,-0.7687801951129488,0.19098477475360176,-0.423365667976578,7.319660884100458e-17,-0.7652902585819679,0.9721976507383879,0.20393229018506448,0.18666799480161161,-0.18985512718550437,0.18072015191831325,0.10970007288858208,0.21391618115931546,-0.24405821496668828,-0.6566034090153725,-0.03712288429917911,-0.2528433948508996,0.153094811970817,-0.6144131845242782,0.8191769074785283,-0.6452591592190462,0.35042855766901376,0.49333699583180685,0.12634986168474838,-0.035969513370713475,0.2682874209276783,-0.12255759920130808,0.6109414003154847,-0.8070574830689097,0.27167966618495576,-0.2792571521572198,0.4233428040047991,-0.491097454783816,0.6238728201102408,0.12397551487195756,0.27437607187128144,0.6682431398884245,-0.29444891545164736,0.31760062937242345,0.1475934735781571,0.7226761569369914,-0.9135107506237117,-0.30132440483130946,-0.10439125879963791,-0.23627505704458565,0.2059779404934157,-0.21975755852041565,0.28552412322334575,-0.577613731685819,-0.2266537491879768,0.6637490654485054,0.25843537109965475,-0.3078386028562259,0.3743973120184867,-0.1648923405720306,0.5107896163828878,-0.653973957638648,0.3655252414783528,0.3679446630352652,-0.4561518889899077,-0.6607359257687391,0.8393755278958909,0.020375624618079142,-0.49757148232860804,0.046539954337183526,-0.08882051611180865,-2.0793823744729823e-17,-0.5187731802564415,0.6980498289468928,-0.4206247918328896,0.35963527977965176,0.2676556411404714,0.04707563490548083,0.04348087317427055,0.04144671134390769,-0.025034958310855306,0.4341445816870458,-0.594167214845714,0.047778687144761356,-0.36655608714057275,0.5122989322797225,-0.27906054325741625,0.37549775489622117,0.11137665987393015,-0.24042088282231822,-0.33093243371217723,0.37353384527781786,0.1712027048019544,-0.24882194555665044,0.0738705664520344,-0.03493819223976598,0.2346519928583879,-0.3140163769311365,0.06667879912959535,0.3755946438338964,-0.5086863523317677,-0.3894502553508777,0.5240357336834942,-0.01924172415782871,-0.4535272327978369,0.18644072996910468,0.12198073748340148,-0.23135246503464157,-0.44799971378956605,-0.15505186653231348,0.15092488515347882,-0.056753708354534194,0.16648899316520213,0.03850199386513495,0.00862212669954864,-0.48012407994944245,0.6634411880221143,0.19969344896070607,-0.27713266274402665,0.06648077964577542,-0.4772201349495332,0.6582245436297619,0.06704144914051585,-0.09396259575452043
0.9427530995153384,-0.218587429702605,0.9156010029203926,-0.3868328537275511,-0.9962291621433158,0.2220129348672729,0.6958713302193842,-0.19364636116601486,0.4418268956128893,-0.9334190954713141,0.2356227753010771,-0.4728757444153339,-0.5894152190692983,-0.5410022444239309,0.8285166703566642,-0.14635764390810255,0.23380075974497835,0.8519041555408401,-0.273361582175643,-0.8497034547622508,0.34525201040021986,0.4968811647711297,-0.1577945170990886,0.38324324185033626,-0.3625751805496179,-0.3234514804067811,-0.580908725438763,0.6307351951871338,-0.09374428209026049,0.11664107051529725,-0.25784846059771926,0.3333449384470584,0.009083189802573994,-0.03707728158078478,0.12568233096317044,0.7104935700189865,-0.44044969568316034,0.03359059820803534,0.02917026896364108,0.5944391690034209,-0.1455910419707988,0.3086026820470595,0.062151108339995535,-0.21571470074372642,0.02056750288557757,0.1135568894741184,0.020657250522786066,0.7735548323599218,0.06018179648962598,0.41262042384869607,-0.0720270323222168,0.7339389470402901,-0.9454732899644754,-0.11507595917032197,-0.132762042350465,0.10604441470226417,-0.1224124707282979,-0.06711914275544742,-0.14684645389269987,0.16599901759479566,0.75975192641719,0.08027750706188046,0.3958719385577364,-0.08520026237289567,0.717043982921279,-0.9279239939343893,0.7927394636193887,-0.35147517928819005,-0.5414272390041581,-0.1422595364209906,0.02541789650388882,-0.45019808114812554,0.03169084599049591,-0.7632087306268672,0.9708990908068437,-0.3215281458217915,0.257592770993524,-0.4160305610035199,0.5269452828289263,-0.6641232749117644,-0.14975978804154125,-0.0488340601309301,-0.7089369991134409,0.011410538823537614,-0.3433701261687289,-0.02848292794505176,-0.7090432369070946,0.9079504872671879,0.203696438935565,0.02795631196258807,0.11498067560352537,-0.036155898815762755,0.1866406784658416,-0.24142558803354686,0.45344478780501607,0.23694083903633806,-0.6436926463882513,-0.24804613568428105,0.2824002153304887,-0.2234373672695275,-0.007857616816497055,-0.4495203670300628,0.5761909421096011,-0.32128890766678936,-0.3571162637695451,0.44023424960883595,0.6338233692423975,-0.8130446960370318,-0.03523535519987533,0.6613275156869934,0.034040212287004254,0.2953211277473651,9.817814777515936e-18,0.6553783074329985,-0.8487099958518964,0.6486962000665013,-0.3627803703558954,-0.38572553514677377,-0.0878049421109138,-0.025172542736031495,-0.30835374206032434,-0.019854276118051312,-0.6473801654273512,0.8312039912599304,-0.17224884393652865,0.32030684576571294,-0.4768126274035458,0.38225560310396733,-0.4950181408894119,-0.13762994635464995,0.23660552252949524,0.32526524400656404,-0.48963552645736724,-0.20615961762706786,0.2706680429829875,-0.08891587056983838,-0.02520278813222177,-0.2450886137186347,0.3175779998641348,-0.21865068733508375,-0.41440144158027875,0.5382958475887392,0.48523083491444335,-0.6283702942510823,0.003659662735764134,0.4488459346560042,-0.34228110620641355,-0.17080769161052264,0.2745043708053983,0.4583103844119189,0.15627742064913863,-0.13609792045031477,0.055235278908473635,-0.1765070168300967,-0.04378398440064531,0.17643878759377138,0.5291277277015048,-0.705610703823608,-0.33635889352192017,0.43017877399227145,-0.05508379727568139,0.47885324799252005,-0.6669900242400929,-0.08523601180107016,0.10403337979276012
-0.9579660358207881,0.22675389972843893,-0.9330395545952407,0.3693111902672385,1.0206852057321107,-0.2190287557866463,-0.7174663713846252,0.1873408375863243,-0.44913053005861875,0.9420958800554358,-0.24025375736292814,0.45741246244797473,0.5997147395841443,0.52545503837859,-0.8352730333865725,0.1448926046475648,-0.19562716478244788,-0.8607134418915152,0.2549218678253362,0.8618214428876427,-0.3397772523800223,-0.5078684177821801,0.14994066881243334,-0.3953843719976711,0.35288883581477315,0.32812657859479877,0.5667140547960049,-0.6336015733685885,0.0941381925817528,-0.07789690084202341,0.25616019761208136,-0.3071538000141021,-0.020566889392536338,0.03359364773986051,-0.13903478376052011,-0.6969756047941553,0.4408044273589927,-0.037098054657807876,-0.07273373307116456,-0.5845145986582837,0.13588669019033398,-0.29108116987717714,-0.0548298962874516,0.24509293585412698,-0.029674053524869373,-0.11681398574330511,-0.014808536931000716,-0.7830732608866643,-0.0754420840983207,-0.42529027242454787,0.07725304811258948,-0.7418033583315722,0.9458039456392522,0.11727969314751688,0.14032251513929836,-0.10660453134996423,0.12737596656036235,0.06920148948285658,0.15274317557304534,-0.16910829785138706,-0.768406454329606,-0.08925713429451876,-0.4108383139079246,0.0863337255883334,-0.7253974491607397,0.928136724026002,-0.8052578668468992,0.34299756614905197,0.5566985633363472,0.13283840539782146,0.0025117047194833067,0.47038356076312926,-0.02580872813234098,0.7756165692769864,-0.9723567608731951,0.33618322102047216,-0.25277566574641197,0.4156401083396713,-0.5404641643687988,0.6721384667045331,0.16282292516202998,0.04385965582142333,0.7143237801843212,0.0010633023864137217,0.3541709240518291,0.025879616748572542,0.7118461193225654,-0.9062805769989024,-0.2034622265019271,-0.028191126853437845,-0.11478361669377732,0.03228664220090247,-0.18828088346160674,0.2402276230657018,-0.4542044404481698,-0.22645554380400906,0.6458929104785917,0.23575843813020297,-0.2916931284356426,0.2248633184525676,0.01741705465015847,0.4529799508263524,-0.5766948151412515,0.3284463966276271,0.34256214160812837,-0.4319350612425406,-0.6351111868080694,0.8088927027836533,0.008431291240892865,-0.6644853014480251,-0.04109389642918087,-0.3077575943715525,3.915756709433867e-17,-0.6573342296651916,0.8463993040434696,-0.6531697090754607,0.35346390094590235,0.3920829886707619,0.07892928794900066,0.054561030206152814,0.3243760950748663,0.02424766611536587,0.6510216532965664,-0.8286116497378259,0.18159396020404028,-0.31310374030050364,0.4755006175144042,-0.38786346178175096,0.4994222867158093,0.15451135928100318,-0.23647093366335614,-0.3113335139232071,0.48915110649664395,0.1968279540284498,-0.2868823784810576,0.09026808926582093,0.030250668998679973,0.24609854607568696,-0.3189505440767214,0.22655123821631318,0.3991442287776237,-0.5294363914631259,-0.48388694991170933,0.6230644307837054,-0.03308209212375392,-0.4318192723937558,0.34129040179769426,0.1653875184545262,-0.3014137062315413,-0.4439012153074109,-0.14168095036798867,0.12703951038381922,-0.05803671480789931,0.20944073306887417,0.050238218559599285,-0.18552155079630708,-0.512533648450052,0.6974938892390897,0.3340283195530797,-0.42177189195120535,0.0906117108955153,-0.4660038415767227,0.6624294847662089,0.07806407796962236,-0.13326152996462087
1.0241235224894467,-0.2939549877975505,0.7975931652392763,-0.33869675153899176,-0.7718353040389007,0.2649243988608198,0.6608140317670005,-0.1792003313862071,0.4114357051862527,-0.9986687403200977,0.24551424595436383,-0.48484544007528607,-0.644730041342917,-0.561303282046806,0.8816902859064406,-0.1539653577030848,0.200131895323356,0.7072986886220572,-0.19111280865140196,-0.5675938171700643,0.4194509799667398,0.3913171122967527,-0.13055347468296188,0.3437653767756477,-0.2964042178255085,-0.31708646915765465,-0.5006567705444116,0.5282476920913384,-0.0769491970665639,0.057229917731325394,-0.15218169840595877,0.3110552370044456,0.021254305620368417,-0.033918659484131614,0.1285965021076929,0.5898101105212504,-0.24847884682020602,0.003222327715804305,0.1081862631868634,0.590259222207072,-0.1380447874512041,0.2772712739215776,0.05493157944606208,-0.2250791968371787,0.026835770250761354,0.1535729680741108,0.20731157264404412,0.7869501753077704,-0.19031453349747707,0.43685736868415626,0.0,0.7733224387205411,-0.970603902415562,-0.179108297466316,-0.1750894885541709,0.17036709053754104,-0.165118391498394,-0.09909270705626594,-0.19509527598892099,0.21689615656298206,0.6814430311334799,0.008023270004809482,0.28659878544124295,-0.13376745396674533,0.6385430856798036,-0.8391980097441333,0.656029109120786,-0.3480483222566507,-0.5077783165069661,-0.11805223006047882,0.00484413095303442,-0.28000819266567356,0.12280014219243714,-0.6161190259027902,0.807957765102024,-0.2818815042989845,0.2764871240844364,-0.42658465051932926,0.4989850417111923,-0.626280584245267,-0.14084230933696804,-0.23897501930917397,-0.6946851345141934,0.2822650541073644,-0.3418286753327633,-0.1322143190302112,-0.7310134103310457,0.9164684794296257,0.2868028544561328,0.08488728918612051,0.21835195528944526,-0.17847905622939594,0.21655637331821764,-0.27319628641819516,0.5855187774124002,0.22449383105554904,-0.6775025764222512,-0.24780096083419773,0.30572390851348513,-0.37932850199721657,0.16384593436898673,-0.5154515461480129,0.6482279606415867,-0.3761000405099455,-0.35816726580789476,0.44660048594604124,0.6657701606501336,-0.835614077237936,-0.005201626773351062,0.537736939290497,-0.06409028000162884,0.14172534099155726,1.0193675982335208e-17,0.5489746734736098,-0.7313418971967721,0.44884097840204334,-0.3571897109209624,-0.2975060885075269,-0.04907780318934132,-0.06374469260150609,-0.07572429779905963,0.035458320084527865,-0.45237159963852697,0.6180375637205686,-0.0784103690113349,0.3517194425556639,-0.5025915450332349,0.30372343028976795,-0.4046191572477131,-0.13182444857677064,0.267928867645095,0.3212414418972172,-0.4016101000920289,-0.17155409014247655,0.26296978235220564,-0.10890225277264567,0.04786597662481839,-0.2530813916866601,0.3330509516990352,-0.10584790484413373,-0.3731694122788367,0.5062081247548952,0.4100030283443493,-0.5462044190645032,0.035145542853164055,0.4461061540285406,-0.18698473826769635,-0.11874048585473641,0.25125790667554065,0.4444966728816165,0.14327299186223735,-0.13659590444287728,0.05825942498189331,-0.19309743506985041,-0.04433699867289374,-0.0036959343655861105,0.46964805924946595,-0.6566617205838375,-0.19783604346624523,0.27732043498726655,-0.08973302909055589,0.4691406416298626,-0.655424268114795,-0.06709140337147941,0.11789787596489223
-1.019220005823143,0.2994321246509253,-0.7886345166336203,0.33284929869765484,0.7678593429758632,-0.2669960632689781,-0.6643697954644241,0.17323813275662225,-0.4262010161821687,0.9963172894417865,-0.23603064009673871,0.466842435610071,0.6273263879590754,0.5500027846103753,-0.8702913223612939,0.14444608683234805,-0.21911522834411876,-0.7015708520637451,0.18821833127596438,0.5663054716081011,-0.42257931942745053,-0.3937618294296344,0.12690915350886176,-0.3522510358728174,0.2841441728669375,0.30758119809430434,0.4874025520170522,-0.5195444999421558,0.07164857644837964,-0.07084371688186902,0.14684187588450817,-0.30191041370464033,-0.02009395128898088,0.03217767797678571,-0.12365963152760612,-0.578695913959508,0.24674223179619345,-0.002195232863122315,-0.09724835480802467,-0.5864971164898855,0.13132394496867397,-0.28739099252429146,-0.053768593789973194,0.221096039362758,-0.023158842879605197,-0.1569987020691186,-0.2071501249275966,-0.8092570897079058,0.18979805196764532,-0.4481164912471843,-7.276824688466125e-17,-0.775102771564077,0.9727600589742751,0.1823374703060995,0.18647658090896432,-0.17403951370722556,0.17277771967774036,0.10233825374885704,0.20102873427715887,-0.2201316728392578,-0.6938225736751422,-0.009203963618423362,-0.29247057838919344,0.13502902743498335,-0.6349552567052626,0.8393082433318245,-0.6716604479720851,0.3583364875928215,0.5275072742838898,0.1155768392688871,0.020725349222709917,0.28788200798439173,-0.12371822790453643,0.6162066692641651,-0.8122240710008225,0.2921008810003551,-0.2792137626927379,0.4422115025351811,-0.5052440757302892,0.6340852786683254,0.15877872463718187,0.238852999085817,0.7191608969898405,-0.28216529082821173,0.35332556517519614,0.13405801225653055,0.7354353721172563,-0.9171492449522042,-0.28229031622308587,-0.08354681369533357,-0.2155593164913463,0.17688129659989024,-0.20885581820357857,0.2698052674929336,-0.585029835035266,-0.2314454752128311,0.691008240329179,0.24033755663735856,-0.2715852530501973,0.37823507656080463,-0.16206471290280178,0.503971669455849,-0.639533853259602,0.3826375968988655,0.35476149118731676,-0.428594014435988,-0.6618445597382203,0.8306201146250587,0.028772430553009067,-0.551529961392272,0.06292692486746532,-0.14749174944189566,4.035435473469842e-17,-0.5482918527763568,0.7302707694731398,-0.4620751200388747,0.3717740067431163,0.30955026986118905,0.0473286154192837,0.08099916699548204,0.08115184300254784,-0.035318201979609797,0.453962245005444,-0.6210668611662373,0.08278083520029306,-0.3569345139246293,0.513920219497035,-0.3077328574519593,0.40986987033578076,0.14319056673960703,-0.26728671063778464,-0.32342875830590745,0.4084325298745861,0.16573892437576276,-0.24007518389432947,0.10838026202155046,-0.04660019386066845,0.24680741661370081,-0.3265180341850082,0.10922421731742772,0.3658522494954508,-0.49244772919015223,-0.4060345660528777,0.540798068551774,-0.019213780373339748,-0.451142550901696,0.1921705877841907,0.11592030880823033,-0.24039087557865538,-0.45684201252479023,-0.13947539515655827,0.11432969638067478,-0.05797324692052387,0.1947274675414723,0.04494251010559848,0.0007326652098127098,-0.46358010339965416,0.6485911870694016,0.19765679729060276,-0.2766670433382889,0.0803638144733655,-0.46966320456740557,0.6569707690068843,0.08303703467315933,-0.11682287606752166
1.0086552194200897,-0.29428937636791896,0.7918347952418591,-0.3602548378255147,-0.7645318366653149,0.26248548826206985,0.6526982897508379,-0.18865814105048573,0.3990644365864246,-0.989524773586892,0.2423087203546944,-0.4989000901317855,-0.6345820012399481,-0.5731903624701004,0.8723473154994542,-0.1568597850504379,0.2281652457506854,0.706119643824099,-0.20786100780664565,-0.5648832625925315,0.4247434796402578,0.3857994014599121,-0.13931394324157287,0.3249252391390863,-0.3051127442115424,-0.31450923159411603,-0.5130341727385223,0.5280302528819342,-0.07781997408369681,0.08325182487060091,-0.1515024790781481,0.3345530051597384,0.011266381905315306,-0.03728931990369937,0.11589257411787628,0.5996011673479741,-0.25057790169190725,0.00020347772118820752,0.07812333974838871,0.5979237193415007,-0.14802922013842795,0.2861532359463189,0.06165963181666846,-0.19749040152684125,0.019384156500781503,0.15312202199440675,0.20202377283565698,0.7713517881118892,-0.18639150255096268,0.4243875111989062,-0.004124526743169796,0.7645801287450313,-0.9648116553333828,-0.17915021066975814,-0.17036315697787444,0.17044446550738643,-0.16366845829722626,-0.09788149168815263,-0.19443719664790732,0.2209161888365583,0.6776976052449634,0.00680344354216751,0.2805879391996712,-0.1339670010191207,0.6380124414485128,-0.8373445418913098,0.6512348592033921,-0.3523070102693883,-0.49766669771710026,-0.1288070426276997,0.03941782972614839,-0.2731683666874242,0.1237397522388186,-0.6143924232528196,0.8050436176843303,-0.27569344391738637,0.27834619992187165,-0.41898065200613993,0.493986455696671,-0.6226954001070183,-0.12204087439764282,-0.23497655563436887,-0.6809850379875106,0.2791910288961631,-0.3293235213059737,-0.12838307971422744,-0.7262662971695145,0.9118754290969419,0.28522624744119746,0.0823238327599433,0.21675481387789405,-0.17571346609336064,0.21509216827495312,-0.27747547028464853,0.5774784956919323,0.22842735455663715,-0.6650725857413146,-0.25822006811416776,0.3027287676028657,-0.37291879506917663,0.1637977716628269,-0.5100118547232151,0.6491615384917361,-0.3646926720494385,-0.3684912546843725,0.45227571608857425,0.6606146853626397,-0.8334956957026934,-0.022912154377921358,0.5353068364506812,-0.06508977665114395,0.13414221779642171,-4.1250555460211083e-17,0.5513418402208649,-0.72786754406024,0.44739655892318053,-0.36148410145837695,-0.29247317916497195,-0.056685527267577994,-0.03206173456074469,-0.06815875445098886,0.03556280736954861,-0.4539056429898145,0.6122326549741711,-0.07329067784617051,0.3581074895942904,-0.4995515826003227,0.30123415177216556,-0.3976817035138161,-0.11009859623721721,0.2665534995655989,0.33096685789339036,-0.40029789100569785,-0.17923854524650537,0.2513970462981894,-0.10703886547060314,0.048673580356721945,-0.25274383003868617,0.33186996951707276,-0.100310407456718,-0.38579617967583496,0.5130197723215644,0.4122887301924943,-0.5442931473669957,0.01521331290410282,0.4566134205212905,-0.18892370255385937,-0.12157696907684691,0.22607658401859596,0.4511435986385899,0.1560841551677398,-0.14994141374393663,0.055540800372595,-0.16133016096483624,-0.0373566549537509,-0.007513805810442992,0.4817782763919495,-0.6592870223002213,-0.20133626694041257,0.2765000658656372,-0.06299567153602141,0.4785754460302588,-0.6538567134124267,-0.06715909046310883,0.09064282120673185
-1.0091275924506184,0.3073100135693428,-0.7839388037350947,0.34414205561984096,0.7678370845023841,-0.2635044590644448,-0.6685862473491855,0.17567849463637514,-0.4242874435884127,0.9934941013162845,-0.23118829409278327,0.4677085455384783,0.6173212631658138,0.5502633235081122,-0.8639665715711393,0.1420551722560911,-0.2349109936999483,-0.701390096558747,0.19637911427631768,0.567948605064952,-0.4269941267968446,-0.39512437982329063,0.12969675214004525,-0.3461768109598387,0.2844964948630418,0.30365550318074225,0.4878391212668066,-0.5179995181150654,0.07010783457743303,-0.08528708732278413,0.14535105235126486,-0.30978445234765484,-0.015237190522219309,0.032978162985623755,-0.11653641397891984,-0.5798865236946581,0.24838590139539685,-0.0006195044990169223,-0.08081068113818042,-0.5901706970111805,0.1328886502097344,-0.29269828252106844,-0.05629041619660733,0.20761686611903826,-0.018831529610797464,-0.16173254382729324,-0.2040828509099106,-0.8174182634407656,0.1858474351542725,-0.44966473277322594,0.004475782995962519,-0.7724097036996855,0.9697203133447938,0.1877910405315473,0.19377316505794426,-0.1796571851735009,0.17916834596252515,0.10579108372138694,0.20706628998649368,-0.2273088921588948,-0.704608012645003,-0.010909785174725807,-0.296030842574921,0.1386898232223908,-0.6355736498920963,0.8391319193220631,-0.6853464118501639,0.3667939570602855,0.5400449935021265,0.1211104067678628,0.01298028457943439,0.2936176076879948,-0.1265367356625916,0.6200744259211909,-0.8159919097453174,0.2990890817824267,-0.27997433288695617,0.4422758131784837,-0.5109722598521177,0.6405955516310909,0.1559413644975684,0.23797365294743605,0.7297952565229637,-0.2819061444253754,0.35450796823974623,0.13406119147743487,0.7376763311411707,-0.9170482162748187,-0.2818561591035821,-0.08226802283519326,-0.21430048282701156,0.1757513232018223,-0.205685691118114,0.26966787186228297,-0.586181681023718,-0.23731711825484594,0.6977598253352901,0.24292679012325205,-0.2591604300157438,0.376416848584707,-0.16185165148602593,0.4986738318804219,-0.6364770711109696,0.38254076213139276,0.35788490206582907,-0.4240993274671525,-0.6606700286632481,0.8291860515281392,0.043298533519475275,-0.5622622418065463,0.0629791093298011,-0.14799788517996,0.0,-0.5518535865326187,0.7303410219250339,-0.4729234690513422,0.3837327756664273,0.3167474429449072,0.05054096442781171,0.07302416592095566,0.08150027057163031,-0.035478946221015786,0.45850755832151063,-0.6224753870791895,0.08337382133537481,-0.363325753504269,0.517664513118461,-0.3108837823656041,0.41143372962276603,0.13732166547097177,-0.2689678122557049,-0.3310406570077956,0.41524904862367534,0.1676405517918088,-0.22786998656134888,0.1078772654744567,-0.04651213132921757,0.24521120033376742,-0.32384742302114977,0.10930127696612973,0.36903851186373565,-0.4899792789921361,-0.4075619163950144,0.53938072304268,-0.005897777209188375,-0.4620062343797703,0.197747857781908,0.11682672922259303,-0.22659571497719153,-0.46988919403577756,-0.14416811639861554,0.1125226093202722,-0.05711325842471503,0.18230007880856153,0.042255336722865224,0.00058146919563912,-0.46805619721188524,0.6471557063418499,0.2004843973346229,-0.2772807020245931,0.06591782084491016,-0.47622383036755117,0.6583393882294263,0.08794754606647787,-0.10473902107154298
1.0001617184191505,-0.32829183493887737,0.7448954731404244,-0.3540811091951741,-0.7542611962743431,0.2692666302820029,0.6497309678365949,-0.18489495133620307,0.41187971125613154,-0.9825447536423259,0.2335721812037967,-0.49548333977448955,-0.6203543749040996,-0.5658862853099422,0.8602926727774618,-0.15329363273585614,0.2375570430458305,0.6551073562619434,-0.18520744995134242,-0.5373512056382089,0.45026954500666566,0.35590513718006084,-0.1313212793653392,0.32664938663983467,-0.2863334944166727,-0.285878500978491,-0.4843409995392151,0.4889899594913309,-0.07098993562885772,0.08073846652860787,-0.15404317981267057,0.33373280210165607,0.017314685985417303,-0.0373279518664681,0.11994567619460898,0.5937707749531831,-0.24578218460072457,0.000922897599951503,0.07631897915617457,0.5992250471676256,-0.1458827851812766,0.29699523467812405,0.059454536613753065,-0.19995659350057984,0.019212332287111094,0.17138499031248783,0.2354715645139069,0.772204842300107,-0.19094798032602242,0.4203224564853961,0.0,0.7605462793548462,-0.9667130409435902,-0.20493415381080213,-0.1927931789500159,0.1919246729009687,-0.18410691584857866,-0.11133613052537522,-0.21795766639250466,0.24673409629916687,0.6584814355366773,0.0353650586073185,0.24965128717984203,-0.15296842969698735,0.60996634127463,-0.8169540115144508,0.6499501118899138,-0.35669955249784296,-0.501644274436716,-0.1264978364194363,0.024235399023173964,-0.26557405141234136,0.12404475574186719,-0.6088574005620063,0.8076711184212794,-0.27305235885989143,0.2824595550400598,-0.43335577338561954,0.4940705698582393,-0.6280018402477082,-0.13449147152809648,-0.2713482343504706,-0.6736984597020328,0.2938868379063446,-0.31595011397900363,-0.14741741127916222,-0.7208819490317028,0.9089781166316065,0.2969897778420682,0.10145927111757304,0.23138834215222429,-0.20254170687411172,0.21370418500271132,-0.281689647754123,0.573559440132186,0.22868037335748548,-0.6642147519543948,-0.25842213343650605,0.2954997194203137,-0.36874408531473407,0.1642445869811714,-0.5009983006293903,0.6449613996700578,-0.3615418615399048,-0.3658907812765765,0.44712678317528076,0.6541865974147715,-0.8315216734316723,-0.03247691924763652,0.5003339843438301,-0.04754809220831669,0.08630792393500104,4.1700297082329145e-17,0.516911685918412,-0.696267506051854,0.42384095974928593,-0.36829082085286985,-0.27182023470140326,-0.045841946328260975,-0.05263238077171787,-0.038113156415307374,0.025831812325558243,-0.43352771301098836,0.5948211926712117,-0.046889159790674866,0.37258573619195656,-0.5215946368213144,0.28082652824494964,-0.3782665236265787,-0.1181701666711475,0.23912010654483853,0.33218893139303524,-0.37346290252707764,-0.17171300385666105,0.24266024169781508,-0.07281718021860922,0.035491190047846365,-0.23072458654139547,0.3097001873388715,-0.06442258329928138,-0.3728160374513665,0.5041349745857485,0.3858369501452712,-0.5197130154699267,0.011743615011766533,0.4574164917493682,-0.1864578351145507,-0.1235520176525179,0.23071550972781893,0.45537308948753125,0.15683226157054314,-0.14367531994112145,0.059070148343246705,-0.17111810954276477,-0.04029644719175861,-0.01111124403288012,0.47898080227054424,-0.6626880036457061,-0.19824938913959353,0.2757375589248028,-0.06259472611413923,0.4806507269225421,-0.6632176596161314,-0.07676404097556778,0.09458547111869828
-1.0183394415184361,0.336814804143621,-0.7469656989279476,0.33936108461721476,0.7692659294634313,-0.2632759860325002,-0.6653371641945585,0.1738155396657889,-0.39724326293074,0.9981042776101241,-0.2298645560658336,0.45765296170782155,0.6199047045811393,0.548533683403267,-0.8680997058043597,0.13942803499659948,-0.23786536207808948,-0.6560954497656571,0.18124944396955664,0.5489471490198117,-0.4394714912793742,-0.36499326461688336,0.12424600501318782,-0.31067600030334686,0.25909236997985374,0.2810659863342919,0.46178478873390916,-0.48657967216194253,0.06303784880711925,-0.08480975658068732,0.13913366435323793,-0.3011176902329359,-0.009716078555807499,0.0316502985373322,-0.09925699075381952,-0.5746357965645043,0.250755178896818,0.0004829763172875802,-0.062131786443848334,-0.5828210390397086,0.1296735903727783,-0.2754735175025031,-0.057075826649289146,0.18322583473696624,-0.013789263889976708,-0.1829426277615088,-0.2438844013575849,-0.8226704955680132,0.18967945152327048,-0.4575324222182837,7.289667014292706e-17,-0.7772123892736202,0.9606973516094612,0.2148554163435777,0.21113195118811928,-0.2009333720721009,0.19862541471289336,0.11952648027032087,0.2258366490804162,-0.24638578622508192,-0.684714239915521,-0.04510079325233929,-0.27255363779807806,0.1593430926613143,-0.6117232319691002,0.799821131215255,-0.684665819065383,0.3651612318949156,0.537495880324149,0.11858788761779512,0.0007630233235937584,0.2965868227171502,-0.12392801774847813,0.6194911259790116,-0.7997143115056126,0.298931094991148,-0.27903034237922125,0.42685198775591066,-0.5077955993584345,0.6276764166337061,0.13920530925167987,0.2803329405837787,0.7241069875216642,-0.2972750098989792,0.34989794146890707,0.1559523621141871,0.7367206342523871,-0.8988755462257528,-0.29530154149724575,-0.1056469979164277,-0.23464601917403213,0.20790314941853208,-0.20882811271629084,0.2738202119125155,-0.586037080521588,-0.23751550729971738,0.7012985906856775,0.23665018888104702,-0.23958727613052633,0.3806904195554239,-0.16169527502436665,0.49909119597366214,-0.6291212470386317,0.39003081382315036,0.3560053881024302,-0.4106133226237351,-0.6625471026339681,0.8189617865096727,0.05000666806037717,-0.5268923308522925,0.04123097529698215,-0.10657013922605778,0.0,-0.5191735126748019,0.678126411940462,-0.4522347080971952,0.38236804866031127,0.29311611901601653,0.04364554475385142,0.06215980746244389,0.06154826391883146,-0.022937254453385954,0.4421942016157958,-0.5869039865177549,0.059286164902817,-0.36793864671170484,0.5046918253376081,-0.28882205380554654,0.3772493362139432,0.11742232449750087,-0.24199854430625942,-0.32876215468957104,0.39075884111423403,0.15439786509106973,-0.19968400777443204,0.07467370567752589,-0.030578103308121555,0.22637122000857035,-0.29583356793470855,0.07903554799136189,0.3551746603731542,-0.4635152925003514,-0.38503433865102915,0.5029184813340799,0.0019560400937571024,-0.45779783477638714,0.20076404635081307,0.11247443108261451,-0.1999395620684213,-0.4664694626281543,-0.13928047426569842,0.10612603162108591,-0.053524446762054735,0.15718599582261078,0.03475597914852624,-0.004104180976172047,-0.46294136710484857,0.6213351212376871,0.20201136754603458,-0.27068971392810415,0.04953273739383159,-0.4704617674177283,0.632153054671053,0.08171668225149055,-0.08599568053565645
0.9343905397764841,-0.23280083340878766,0.9196692310123872,-0.3858402538181885,-1.0092368899623587,0.21601749191456493,0.7129936918081042,-0.1917628817376105,0.428961282445374,-0.9255723453302219,0.2319451734657494,-0.45729738142586596,-0.5811169749524655,-0.525999877119719,0.8185330744689528,-0.14128034546790802,0.22564595193058562,0.8532014649665742,-0.2682645494224206,-0.8549286461637357,0.34503027659850455,0.5023296380287942,-0.1547535338516395,0.36869394532448274,-0.35431495977813626,-0.3214370899391513,-0.5713351049816539,0.6286495984528739,-0.0914528863114929,0.11560919704090504,-0.2539656126668618,0.3229229606317508,0.010945251037933828,-0.035510868214018505,0.1167601502638336,0.7024791921588951,-0.4406733796375498,0.033335815596723085,0.023059377369680823,0.5906010737288789,-0.14061173837048485,0.29364280006274146,0.06018068855456932,-0.20359244763449838,0.018550359238172658,0.12269424308837909,0.007354913354472891,0.7813676392902048,0.07936444337415823,0.4158970533885932,-0.0860723975547561,0.7309322336842057,-0.92153707160056,-0.12259365358804769,-0.1440111537969495,0.11274883816297403,-0.13198473021241397,-0.072178058946399,-0.156929490719013,0.17327178682756925,0.7720942870120058,0.08605811281724288,0.40764425271818144,-0.09032854989766831,0.7209258398693147,-0.9103947726788749,0.8111844212380025,-0.352378249059679,-0.5606863295115995,-0.14146736587618494,0.02182131788584559,-0.46755905385750257,0.032407317980095336,-0.7731934230633144,0.9589190992142963,-0.33725204348267285,0.25433451563068915,-0.40397654324557264,0.5400788634735071,-0.6636715231819635,-0.1464323728024969,-0.03774207935369172,-0.7139461434853647,-0.0023093412338722136,-0.34290335859957294,-0.022220971058619497,-0.7054827170187156,0.8832107499605105,0.19755961495228952,0.024274929613956036,0.10737908127450761,-0.02780884000404798,0.18255247797564447,-0.23053067553988166,0.4471073164296853,0.23631515880656861,-0.6423594295031073,-0.23958023644024967,0.2623143477170002,-0.21397814038460686,-0.015993623552969478,-0.44258206280103074,0.5539574171034375,-0.31587586846303617,-0.3485824950633833,0.4183292566293195,0.6272878902909415,-0.7864877190954044,-0.0371759155839911,0.6690614305466247,0.036990212922673814,0.3020222992083595,1.9560250225873124e-17,0.6566311222349953,-0.8291863793838623,0.6587853435494019,-0.36552718116554717,-0.39391562254136564,-0.08510443826421549,-0.02840781343595886,-0.31759235057129787,-0.02177830328594518,-0.6512510972017602,0.8148803650148913,-0.1778182041024778,0.3203189950489885,-0.4658315945545157,0.38659717252556336,-0.48819055160743324,-0.13335232218901721,0.23670256289288327,0.3226052405749261,-0.49297289904432945,-0.2009685141917766,0.2536839102965168,-0.08901457028531065,-0.02725485533646639,-0.24341582133333206,0.3073774000168198,-0.22253383862695,-0.40733122765668217,0.5143295571250595,0.4838140911312918,-0.6109549805598133,-9.506442751895184e-05,0.4469676642211507,-0.3460406962171201,-0.16777334320711682,0.25983779113090866,0.45926162281364336,0.15083008475518023,-0.12489713400719019,0.055615903155583804,-0.170289800601913,-0.04080148921125737,0.18159796150105306,0.522737361330294,-0.6781384446349671,-0.33653688034663043,0.41944306340247783,-0.04933996139163429,0.47583480857816546,-0.6460465057254609,-0.08276947925498902,0.09819970259978554
-0.9396467946523173,0.23305759508624416,-0.9263787129851155,0.37608839073392836,1.0202739439974766,-0.21302434241320112,-0.7163214345017612,0.1843172330120294,-0.4197094972402886,0.9317585183120266,-0.23240490442812964,0.43904248481777663,0.5850847666152157,0.5204508477636994,-0.8233691094246339,0.13363423376540573,-0.2332649051966412,-0.8609591747651156,0.2640368460407305,0.8665921007093063,-0.3403217787914094,-0.5060903486736816,0.14962502888133059,-0.35833011229664474,0.33982431201117685,0.32447660799159184,0.5657897110791174,-0.6345735490918382,0.08615969428564578,-0.12616346667879247,0.24253796271668104,-0.30784147836991693,-0.005146592545062022,0.03263440287038056,-0.10274294374154799,-0.697751261963793,0.4479909809804442,-0.03033301623452243,-0.00805784520411289,-0.5834189655902794,0.13238528099951183,-0.28535112152432573,-0.059635227072830574,0.1899470997679116,-0.013933762406922198,-0.12477400714648647,-0.0015921991163833945,-0.8078378916326486,-0.0942147097268519,-0.4351472779371522,0.09102927321120574,-0.7371090031070648,0.9192065327538028,0.1234070705197553,0.1504253529035891,-0.1121125675185281,0.13621530947099983,0.07254133433815768,0.15834763943034835,-0.172255393222459,-0.7970682582190873,-0.09461319010408005,-0.4286419114255249,0.09095769580957469,-0.7270131322231244,0.9069382567158639,-0.8394461596964992,0.3573076362777085,0.5794055251462279,0.13656162570479988,-0.007072519530231453,0.4938445580901691,-0.027017364099143817,0.7818764660630309,-0.9559971589125197,0.35236301055031705,-0.2524643347329276,0.40275645549380196,-0.5440647673550486,0.6600793991762278,0.14893473294226064,0.032439461794590174,0.7427564812413663,0.015731429694081527,0.36238451200800886,0.019068614414719045,0.7131759694647739,-0.8805150240942697,-0.20054826146075053,-0.024293736953206635,-0.10850781751328298,0.02390964055553303,-0.18253722644006481,0.22774462892674494,-0.4589909596653674,-0.24412553173611465,0.665338349100175,0.2295196151129212,-0.22894825185310147,0.2187672210194849,0.025875297727763643,0.4455726778315795,-0.5489687798549285,0.3308802478325087,0.3463838054377927,-0.40110521618553335,-0.632948635217138,0.7828604680519986,0.05225814777649468,-0.6955109157408231,-0.04470675529235717,-0.32300044394584093,0.0,-0.6641947858569154,0.8260847734395771,-0.6863508191723464,0.37398002128360686,0.40883629813185274,0.0828216454965016,0.03612910729266595,0.3427854936497622,0.02627959377998475,0.6607708261652561,-0.8128826349119038,0.1898666186383358,-0.3186781786903384,0.4609689245587156,-0.3904280024116974,0.4855904243521331,0.13287277430993172,-0.24447684230632025,-0.32957371817726927,0.51262922002565,0.19255794366545567,-0.22414026960901653,0.09235219113945702,0.032951300370300626,0.24584644312525789,-0.30478196139685826,0.23806882379628544,0.4041596473847552,-0.4955396516456599,-0.4895475359380464,0.6088692262037783,0.014660283054128819,-0.4566896635969909,0.3621689785278238,0.16090952057614274,-0.2338879003051257,-0.4693740646316293,-0.14278519470308793,0.10340136573905798,-0.052145668042209735,0.1583835877882001,0.03669333144916837,-0.19836486987269036,-0.5200323883785305,0.6576935057655996,0.3425100571755179,-0.4199811328069467,0.03459709726137321,-0.4724568268238812,0.6310479491777087,0.08788645613891637,-0.08931680207716283
0.9485316978786936,-0.21406911984989785,0.9180992784973631,-0.3897317030949075,-0.9922939205039135,0.2234573261785247,0.6914245300861419,-0.20033171170160483,0.4480342535334764,-0.9361836252249701,0.24102516618289616,-0.4888267977200025,-0.5979236075422564,-0.5495810692782505,0.8354344403674204,-0.15590370940716852,0.22207937087856008,0.851751678389314,-0.27433739631841614,-0.8444339194708084,0.3445803932777485,0.49387870626931946,-0.16253868858468254,0.3920817797326822,-0.3741112527766041,-0.32659470029537235,-0.5887297426179977,0.6329372502878792,-0.0999967626061673,0.10110719544080357,-0.26570548378351827,0.3409702554218879,0.013063929931116894,-0.03918360452256191,0.13964718130678036,0.7157972326994275,-0.43812712607630017,0.03681399719281607,0.05010085344473811,0.5974262959047485,-0.15280073686191714,0.31190987840237616,0.06280060283800647,-0.23273035757089913,0.02673675705549969,0.1101436145248453,0.02709522375749219,0.7424780782107493,0.04768422986255105,0.39773383722469097,-0.06613693155876317,0.7310604862120004,-0.9520376821935288,-0.1127247765861472,-0.12231027228302367,0.10446368653734354,-0.1157103450649349,-0.06536220384108012,-0.14172664583621494,0.16283457571466448,0.7297894811045847,0.07449965351690395,0.37858990220360955,-0.08376585798653434,0.7133279140767061,-0.9342910726722246,0.7571411989783613,-0.33833518962087167,-0.5140491334582878,-0.1435645686406274,0.04046639225819301,-0.4273175689006423,0.03442924359232824,-0.7547182811077943,0.9734382497331924,-0.30550556616956953,0.25622709549940376,-0.41215088396564276,0.5189323978720315,-0.6627407367396487,-0.1442406205881515,-0.05473036685490467,-0.6760498040983032,0.02236748883891143,-0.3287386819652616,-0.031734792500861704,-0.7034399163053323,0.9138560851317001,0.20262978462462036,0.0291966767427006,0.11676455990486304,-0.04067017275492444,0.19021844127457013,-0.24825984343547772,0.44345997355710104,0.2252206632852141,-0.6198656877836588,-0.2547167062612781,0.3167974962431885,-0.22309017319366742,-0.00030807107536234997,-0.45299927866683815,0.58896937543996,-0.3119905648002871,-0.35820502772786095,0.45849116903286624,0.6330227198071214,-0.8230377770458844,-0.0146829533835382,0.6311167229784014,0.029016350324368768,0.27894603766173487,1.9798996935962285e-17,0.6495007122853083,-0.8543593504606554,0.616348768484164,-0.34516606864746624,-0.36594598937442596,-0.08875996577018883,-0.015340912815657526,-0.2882882036395258,-0.016824806950725506,-0.6383834237616804,0.8336622641146629,-0.1617437472619354,0.3159896726353874,-0.47404090901420726,0.3766057404325439,-0.4953907358216465,-0.13594448915615429,0.22924995485881966,0.3137068479625073,-0.46898326517892086,-0.21118349466366795,0.3003398896141397,-0.08690268653242882,-0.02156206961919407,-0.2456372610512636,0.32415019683568586,-0.2072849899047909,-0.4161854862866701,0.5574198689581765,0.4826444201099441,-0.6348750131738985,0.02320391517135122,0.4317460227912439,-0.3250811599788302,-0.17400025180097442,0.2988845292684202,0.4383925551025231,0.15961862843359484,-0.1566344005041396,0.056494802042177196,-0.18554857631394447,-0.04737302120631294,0.16383760671885073,0.5285671699332053,-0.7237708156993731,-0.3319531306356978,0.4315401197241245,-0.07422012920275002,0.4761326503276609,-0.6754738121482464,-0.07582120363704857,0.11447497344282304
-0.944765760540159,0.2267839212106047,-0.9175338589042131,0.3696840680161194,1.0126666169898146,-0.22463301247544915,-0.7143949343419372,0.18152266935040448,-0.47369105245008464,0.935736521948867,-0.22605995149757752,0.44041811525324115,0.5764560143015193,0.517071341120795,-0.8196974609953573,0.13268371816635322,-0.23643118155463744,-0.8545008862413527,0.2604318944997787,0.86461450749444,-0.3466052579069455,-0.5108051613472887,0.1479381061675471,-0.4124104023686847,0.33926692067165704,0.31753325268600274,0.5559166227108095,-0.6251328265494417,0.08542519371968632,-0.11627330564202551,0.24650567173606477,-0.3070448749670268,-0.012281751827518365,0.032701031843212616,-0.12830405651037755,-0.6912950956583285,0.44271608451837136,-0.031462335710652246,-0.03560257233559906,-0.5858851790474293,0.13089521082166172,-0.3154668900708593,-0.05716241772040251,0.2322037098814993,-0.02109884983167213,-0.11579602162707922,-0.017059465063030507,-0.8113722179228743,-0.07350947398491438,-0.4352834713937764,0.07451581680503029,-0.7400313433360577,0.9597063134160078,0.11655331675762863,0.14945316045956736,-0.10647295120859752,0.13201886315217073,0.06967346287236764,0.155390482007585,-0.17231194060199226,-0.794660566585184,-0.08967617757018746,-0.41868071507023175,0.08526767557714304,-0.7219784228919874,0.9405971196661447,-0.8409219627188648,0.3632417307330475,0.5843701318580847,0.13367900479117847,0.03127931496519007,0.4840455847311545,-0.02428632073001991,0.7790940693716856,-0.9918244338978226,0.3468616593229517,-0.2595874002579458,0.4464298173886472,-0.5452656674007045,0.6883313094475509,0.18664708378760292,0.04460365658565484,0.7496376151495406,0.0021531119170247106,0.36774812540415586,0.02666325847727584,0.7166962827494388,-0.921555896667827,-0.20209460339804441,-0.027998029209768734,-0.11348963456149844,0.032630990049032575,-0.17946772619997062,0.23390406529755967,-0.46079727807261645,-0.24115035103213295,0.6692258100020859,0.231027981628707,-0.2443339536936895,0.22535970460105553,0.0183118812612317,0.4412120185966595,-0.5671760841922531,0.3368779609484023,0.3438883830247624,-0.41631699785817483,-0.6316007654770333,0.814012317039197,0.050413642058131924,-0.6969720706562249,-0.043179681101235795,-0.3193006045705141,3.871721418489101e-17,-0.6615282985529699,0.8612096711848158,-0.6920610697736485,0.38002329885851377,0.41663728702740094,0.0809529176465608,0.07390520816035634,0.3405944267044823,0.025812031709948863,0.6618823372878616,-0.8505627527675969,0.19087212133079154,-0.32361103156644977,0.5034315328714057,-0.39544964167855096,0.5148155515419245,0.1701758609705781,-0.24185155862506355,-0.3266587914139292,0.5098884361277073,0.1929731113089017,-0.24709243723419563,0.09056076864558889,0.03158924294982517,0.24150776562476942,-0.3141507144112279,0.23359284076591685,0.3984527892727994,-0.5168334429781967,-0.48395860294058995,0.6300408164204258,0.0039193394742979585,-0.45622640155476174,0.3617211792798071,0.16352246143035995,-0.27099672164988275,-0.47328685333807763,-0.1431596254588968,0.10008879850550068,-0.05613257493856521,0.20177470464836672,0.049162044113019436,-0.1950353139668283,-0.5168084893355669,0.6940849269240308,0.33984863894372264,-0.4344581701559887,0.058205598246708484,-0.47493411266616087,0.6772523898643633,0.10441788826276886,-0.1221537623039944
0.9543946141955428,-0.2267431291209595,0.9329866839776205,-0.3743642326433695,-1.02086105269265,0.21716048317844489,0.7148049223093426,-0.18764201919522547,0.4555467179619199,-0.9422715199223622,0.24081394176347884,-0.4586273715108945,-0.6011909230634256,-0.5301167888290197,0.8373087998231634,-0.14350580022816462,0.21014900892611135,0.8639234356770787,-0.2606491544278219,-0.865063960311253,0.3403460929251665,0.5067990704114452,-0.15116470094422146,0.39983341145077184,-0.3538799349720694,-0.3301208399213641,-0.5730199738615296,0.6381668134123141,-0.09294078684458673,0.09049110806448389,-0.2547483389713076,0.31229483279171366,0.015057331754283558,-0.033879410869756536,0.13647805577957145,0.7038288821392703,-0.4453521692608531,0.03530070587349289,0.062173038817312586,0.5875562008128382,-0.13687836418873403,0.30084937544147633,0.05714162747207454,-0.2422663814759211,0.02718038382638378,0.11852034389797418,0.011201213261952267,0.7930180293069989,0.08053020796038203,0.42888667632394795,-0.08097822426409282,0.7425733490213708,-0.9564528913890789,-0.11852298734687546,-0.14191363803176496,0.10764219555249246,-0.1288618359178435,-0.06952854538864045,-0.15311696644200323,0.17066061077178002,0.7796236316067893,0.09070513680547629,0.4167176670383292,-0.08755108847346477,0.728119013300651,-0.9403452975403108,0.8166575744477144,-0.3486733945654112,-0.5621760978748753,-0.13536266423644078,-0.003347680030363048,-0.4770790572124552,0.02630371740300256,-0.7784551053672903,0.9846244096980042,-0.33964522937988767,0.25328595281735655,-0.42234279595992946,0.540237926613877,-0.6776943842848494,-0.16639458964379805,-0.04096411993219644,-0.7259907167356295,-0.004849112134372466,-0.3576068757929766,-0.024030576141958113,-0.7153197967459759,0.918206550897442,0.20547787844369236,0.027375326894921705,0.11443887117163114,-0.030259558662026072,0.1890512075564363,-0.2437996938492535,0.46083860585450026,0.2343820876753354,-0.6568165147722397,-0.23759750207285849,0.2850011081230124,-0.22543333583505126,-0.019641014423840305,-0.45565199000113243,0.584755451202756,-0.33129134144109024,-0.34797228381268974,0.43682311203078555,0.6392977765176978,-0.8212838980272079,-0.019692604623816702,0.6769573780036081,0.04205353191358937,0.3130764077556758,3.910306157940391e-17,0.6624140199027083,-0.8592416992490622,0.6651633572058095,-0.3611464705650511,-0.3971201100841956,-0.08140257766680405,-0.054066776714943365,-0.33005687851281057,-0.024669652426573922,-0.6559302160882481,0.8409131991182017,-0.1836584422483919,0.3157410875305593,-0.4833969610376481,0.388588612891484,-0.5040526468608786,-0.15622708829394363,0.2414517635062264,0.3207675921118457,-0.5000578927436311,-0.19851073814364856,0.2810547363115322,-0.09173907045112462,-0.03106429035924392,-0.24859631700117854,0.32392699305737743,-0.23126467605943513,-0.4056828212053215,0.5371217006448042,0.4893149401713449,-0.6347084874842043,0.02305299305121143,0.4439899917189736,-0.3497041963397268,-0.1660182409487399,0.2954422790077439,0.454943567409965,0.1444740310950547,-0.12431957905915784,0.056320539477650276,-0.20481201735937984,-0.049650711917899694,0.18999145526322758,0.5202059161023679,-0.7079009924432444,-0.3386926449433104,0.43114584266723144,-0.0814575655979918,0.4712167115161245,-0.6721668296543939,-0.08469003847351486,0.12892598343103479
-0.9498934251292239,0.23110536550477773,-0.9287523104314824,0.3711155988834301,1.0209560277043288,-0.21901751144197495,-0.7203987759329896,0.1855307424783257,-0.46950056099621396,0.9374156359768451,-0.23469865803395656,0.44957874214679905,0.5899467577486077,0.5205906602907244,-0.8276606487810764,0.13971443000844047,-0.2126408687395535,-0.8594509626052125,0.2568598741359135,0.8640130158026365,-0.34279817713130156,-0.5095690181052086,0.14910163687143765,-0.41159851299450284,0.3478779342128364,0.32455999433279104,0.563118851446583,-0.6312446196438246,0.0907641648067215,-0.09190456972595679,0.2527248595058274,-0.30705016400070295,-0.01760007779939664,0.03322527836576445,-0.13913469111815635,-0.6955610238757789,0.44216350488144973,-0.034939740194639926,-0.06304218500806043,-0.5856499638097679,0.13389447188425396,-0.3063392937144448,-0.05569718552688433,0.24781824059039034,-0.027523703520936357,-0.11976448543216431,-0.01108138224756859,-0.7947633591589168,-0.08063637506246166,-0.42876207088116963,0.08139377466083099,-0.7401725352293904,0.9585017875789505,0.11979502798632623,0.14657181973142128,-0.10910568663109317,0.1319303106524933,0.07102654769253965,0.15668899946936068,-0.1740041656095331,-0.7814042715091079,-0.09075210056676027,-0.41666437173120824,0.08798636590879673,-0.7258634190404073,0.9426462393154165,-0.8227165330704628,0.350762914035844,0.570948316219851,0.13394822429904765,0.018346140309135922,0.4794306254441639,-0.02632834200690472,0.7797959910573897,-0.9903525273244204,0.3439399877496016,-0.25440674255418816,0.43292510313448,-0.5454489179583992,0.6866971329418993,0.17863043128736292,0.040527099124753094,0.7276395591100869,0.00519545541357747,0.3574927332096387,0.02402854264663734,0.7128341591954157,-0.9191007280033062,-0.20161403655911564,-0.026805822496081235,-0.11201124667053226,0.029766111605396665,-0.1845109410168944,0.23930625478849077,-0.45543600513129434,-0.23264090851280397,0.6539696245963506,0.23342189952877224,-0.2757392039382238,0.22209675763995004,0.01970911740433022,0.44783584231618007,-0.5772420552953745,0.32898075362662715,0.3425886019344286,-0.4293268365294182,-0.6329550031395628,0.8169406671132361,0.02471266709891959,-0.6782266912206472,-0.04211704902035272,-0.3129400094455577,0.0,-0.6599939635856586,0.8604538565316251,-0.6692394726344126,0.3640424160118474,0.4021210332354959,0.07958715454670724,0.06764903504777685,0.3313998137756708,0.024971224943113348,0.6561906129356526,-0.8448510134788706,0.185542329088364,-0.3175336431743348,0.4930678706605553,-0.3913108375145231,0.5101636345470781,0.16680120422629588,-0.2390754888769189,-0.31771133344759483,0.4981400549417109,0.195518609877968,-0.2757583482645572,0.09058213535011654,0.030933888896678315,0.24478990362039021,-0.3204349771118862,0.2298463854586855,0.39938439664273473,-0.5303120135128655,-0.48474858559466394,0.6319812194298113,-0.02029425197788592,-0.4418265864575414,0.3497911658885446,0.16487324213400661,-0.2959506021975585,-0.45575103839325093,-0.14222797386221606,0.11632522168097142,-0.057468389827295845,0.21318377444374617,0.0518609309074808,-0.1896984315829036,-0.5148551966940937,0.7043153207179709,0.3368190340598584,-0.43053523249780834,0.08204339939198822,-0.4700155520554539,0.6765679925777919,0.09117309227534312,-0.13454366776319174
-0.00025841362889154944,0.09630331351847918,-0.09630331351847918,-0.0059345279899409575,-0.11270877528771525,-0.2688555577283322,0.009215453032268348,0.04090965640868308,-0.2024285317707909,-0.10625843275460858,0.10625843275460858,0.006766743916610261,0.12504472143199874,0.2975530674617716,-0.01054747003157227,-0.04521111437344895,0.22383758240674895,0.0,-0.08152131000776285,-0.2552620479641039,-0.33735117977850926,0.14138850609953632,0.027027009139708288,-0.1801853298317106,0.08152131000776285,0.2552620479641039,0.33735117977850926,-0.14138850609953632,-0.027027009139708288,0.1801853298317106,-0.0796785381734564,-0.20679908637021827,-0.0009118922308032917,0.03296476646746078,-0.1602533043339005,-0.3178102688199917,-0.14104779422463096,0.07680422725166762,-0.32567782550924745,-0.3624407139889302,0.06785393979786387,-0.20607470233650474,-0.05747558281343304,0.27995483509145724,-0.019732261389209534,0.023352602204113705,-0.023352602204113705,-0.0016732517347187851,-0.027430307166419886,-0.06547639531456277,0.00230331464735068,0.009744831528407116,-0.04891307738126069,4.9062882162275086e-18,0.08727486658668443,0.03709663762775314,0.10493616826505067,-0.025586977941612517,0.06535013894751918,-0.06478586704850985,-0.08727486658668443,-0.03709663762775314,-0.10493616826505067,0.025586977941612517,-0.06535013894751918,0.06478586704850985,0.09985629715849893,0.23718380468518113,-0.006774749209739041,-0.04110146254880399,0.18744315211461923,-0.019247414668949917,0.026395920685652427,-0.0922413206812574,0.15379900315441744,0.06139110565398698,-0.22701867510229676,0.4014411703743636,0.017122833597356755,-0.05998303984633014,0.10984424866170867,0.0,-0.07652857985187533,0.020967113335461376,-0.033979359121784375,-0.006053346898204402,-0.07865933228364236,0.11517610996501894,0.07652857985187533,-0.020967113335461376,0.033979359121784375,0.006053346898204402,0.07865933228364236,-0.11517610996501894,-0.09139391372544639,-0.21213736620647972,0.007981901566379174,0.03757075867997475,-0.16854511285584056,0.09870057474710553,0.005042320530928645,0.0836450106023138,-0.09137097522942703,0.020323923043240218,0.23472556154374769,-0.39410389679533836,-0.005232322523448956,-0.0013189538309680351,-0.11669355711294786,0.0,0.0,0.0,0.0,0.0,0.0,0.19992868345821546,0.21689539581480738,-0.10647379276124418,-0.0798124931767935,0.21813454393438497,-0.1481945555753464,0.013357237337816682,-0.18362838017309668,0.2411302595946611,-0.06443154076982789,-0.2583717666853289,0.4232829098251179,0.10312519520905863,-0.14298962844633392,0.10408954535130682,-0.19992868345821546,-0.21689539581480738,0.10647379276124418,0.0798124931767935,-0.21813454393438497,0.1481945555753464,-0.013357237337816682,0.18362838017309668,-0.2411302595946611,0.06443154076982789,0.2583717666853289,-0.4232829098251179,-0.10312519520905863,0.14298962844633392,-0.10408954535130682,-0.29517632875368455,-0.10630336501381706,0.0028367990654109107,-0.17981299083741661,-0.2725234455827833,-0.11475827115752583,0.12698300010509106,-0.04394757769946325,0.21174454028268375,0.06868708879790782,0.09851673043288603,-0.27321316954828945,0.4892907278251777,-0.09744686249640638,0.11619719994497411,0.1617313213251471,-0.2905470244534047,0.4941220918539425,0.07269122890632326,-0.14606551378906443
-0.00024177783415152868,-0.0953663837339988,0.0953663837339988,0.0053928527700675835,0.11294012071744856,0.2579010209403034,-0.009525713045053964,-0.03869073469122279,0.199426467061293,0.10704713850768403,-0.10704713850768403,-0.00585539139095404,-0.12612320964277304,-0.288666263640969,0.010332562245911874,0.04336314628969752,-0.22340701633439147,-6.791657996792288e-17,0.0780963035456218,0.2564434294673164,0.32471397016594444,-0.14195357378285262,-0.026247180602101548,0.1758366028225241,-0.0780963035456218,-0.2564434294673164,-0.32471397016594444,0.14195357378285262,0.026247180602101548,-0.1758366028225241,0.07798601561536567,0.19283505426697312,0.00022661807331505457,-0.030199909731982295,0.15336860247144518,0.3089535969619216,0.14249724804306133,-0.0729567870219323,0.32802544005109796,0.35145339679323856,-0.06075775518865549,0.20351112969923404,0.054969736145893455,-0.2792842681255934,0.016450921064505873,-0.023028066838631588,0.023028066838631588,0.001074406107277589,0.027175935219646886,0.062010076994662315,-0.002234712131276281,-0.00950796697216789,0.048319821033478344,0.0,-0.08985417957551492,-0.03772877769958719,-0.10458009935274408,0.02581850425916967,-0.06521525162983889,0.06485533221956927,0.08985417957551492,0.03772877769958719,0.10458009935274408,-0.02581850425916967,0.06521525162983889,-0.06485533221956927,-0.10427863315689642,-0.23708039127135133,0.00751511916736902,0.04014224219651919,-0.1915670504232074,0.02182109330886268,-0.02680767978996204,0.09253965783695124,-0.15570356462960042,-0.05937541478691148,0.2187915703341736,-0.39408326771111357,-0.016988781666730807,0.060468753743071306,-0.11006338258678781,5.127180671482207e-18,0.08200191306853391,-0.019573340928754027,0.03898087802627298,0.00529661882713821,0.07954089907007098,-0.11525816900223361,-0.08200191306853391,0.019573340928754027,-0.03898087802627298,-0.00529661882713821,-0.07954089907007098,0.11525816900223361,0.0976855074390146,0.218996396224226,-0.008204830690388165,-0.037568533863993524,0.17744224355425106,-0.0987093797325819,-0.004351202747869523,-0.08578642989002783,0.09494797018598064,-0.018045578259231067,-0.230282733393994,0.3921613154648244,0.005531985646237868,-7.109388293791947e-05,0.11931227935958509,0.0,0.0,0.0,0.0,0.0,0.0,-0.21072452472076394,-0.22030392030683568,0.11260563464696038,0.0781353835020557,-0.2187837535680492,0.15275632319604793,-0.013267263552237655,0.18574990610021638,-0.24396252643766408,0.06775857042005837,0.25083509608496524,-0.4136514383779927,-0.10417927774090703,0.14414182155291955,-0.10239413825596647,0.21072452472076394,0.22030392030683568,-0.11260563464696038,-0.0781353835020557,0.2187837535680492,-0.15275632319604793,0.013267263552237655,-0.18574990610021638,0.24396252643766408,-0.06775857042005837,-0.25083509608496524,0.4136514383779927,0.10417927774090703,-0.14414182155291955,0.10239413825596647,0.30032727703986667,0.11305808811540678,-0.0034623199140287014,0.19535435030960782,0.278684617962272,0.1077398292738162,-0.10757836458519322,0.04377143010002793,-0.22177425028577624,-0.068841478003638,-0.10086561596313233,0.26724300289161057,-0.48931282998536774,0.09944069760400522,-0.11859141308933041,-0.1681929332130757,0.28416918785594075,-0.4901816396689148,-0.07980931936133823,0.1491487313433685
1.2680764824257271,-0.06948616474542275,0.9370841817030429,-0.41433209295348855,-0.3038960166318658,0.688456593133347,0.5305519190372294,-0.22147773557582406,0.777145640155203,-1.161457575867015,0.01095435145812157,-0.7427467610267113,-6.880257720109917e-06,-0.7794144409222477,0.9226036869820271,-0.34580353246817247,0.6216634748402718,0.8534235989997628,-0.33790367917733916,-0.26797601534450427,0.6816212235858834,0.4343408326065003,-0.18497766699937812,0.690190980809062,-0.5579652881068926,-0.0011005779854041942,-0.6396545335469751,0.6690778177887976,-0.2571444085288105,0.40169837456612423,-0.20797610917449197,0.6452290258451496,0.014109412231834277,-0.012828237851338523,0.2257816275760648,0.3196829998105374,-0.2004626574948009,0.09233773405313284,-0.03605328238460384,0.857018042923869,-0.30253630249808294,0.7464140853347472,0.01763205004159636,-0.34151386772146464,0.08032159211318031,0.13420020397013024,0.21367155884636618,0.9482416579482607,-0.557027397775029,0.11575120316302999,5.039510224983876e-19,0.9551141751560471,-1.341516401029327,-0.09760196187673827,-0.002403522906726116,0.036366140339933004,-0.05704138530444582,-0.04905439932588558,-0.02398003598752894,0.0016309969623603468,0.7801329690946253,-0.36964442803348235,-0.019963826699723426,-0.07762477175111153,0.748471555816627,-1.1362556112449682,0.42428703735152096,-0.5641167995147188,-0.3967955006029583,-0.14771212375009266,-0.15628646127713172,0.2692444186901575,0.21464390958139173,-0.3333554972960492,0.697722111105237,-0.034391051554810766,0.5437859636163718,-0.8307510874597633,0.39810418425327565,-0.5779233618105996,-0.3603782500694337,-0.17223237229891153,-0.7838638757788821,0.45819846396889163,-0.008189309686413307,-0.08653511551481297,-0.8299408442646878,1.1558653298943113,0.1435856567475931,-0.027173409123822424,0.10905094279322552,-0.13703028623366795,0.07501412335584044,-0.1858675390865525,0.3423992981946574,0.5029385468344324,-0.6899975004157067,-0.30220538875864067,0.30676916577046326,-0.2793030268107868,0.37645258470688747,-0.1623284157652089,0.4134284362336495,-0.06224227160031051,-0.5423796086316005,0.717818598261371,0.6925453181371609,-1.0020896977461788,-0.12331612591326988,0.6398163873646449,-0.30461190712433134,-0.08207350969020091,-4.1920900073126515e-17,0.644471053212375,-0.9703878849158976,0.33719273223007373,-0.48311724752082574,-0.3255753131813833,-0.118361372923684,-0.15340175937149528,0.2568035589610187,0.15405956031628243,-0.2755776212733595,0.5836991137440216,0.042095650866049966,0.4975905916143134,-0.7340077887926579,0.32785710578305527,-0.49500669643672757,-0.3240150093477542,0.21857556577020396,0.5257170275579406,-0.5017049285677553,-0.2307112459928733,0.3058400366475076,-0.20496709762572954,0.24054468623408223,-0.10253128348035094,0.24835767393716268,0.06376425814355174,-0.5010981922339921,0.7584372762351139,0.5055097851342707,-0.758744461731742,-0.03753632983688493,0.49631232538730113,-0.14948422221002572,-0.0931307185137967,0.2681731142015076,0.6441546156874635,0.260243760217303,-0.13335639500339622,0.02333796281996239,-0.27565244042595494,-0.09430840635136535,-0.3042108145172887,0.36041876268328693,-0.7114019147600692,-0.15903516036094795,0.3240391105634433,-0.08959910514177312,0.6429283747736354,-0.9575893662902102,-0.2467826726633069,0.23573283009623716
-1.2477237952379299,0.06743246568491099,-0.9276174895791731,0.4279249335196007,0.3060470972042988,-0.6934866053756743,-0.5314421124157419,0.22417840897336438,-0.7638040093593048,1.1442582418320688,-0.01022818972967618,0.7186059399311888,-0.0037059130538946716,0.7632111521627776,-0.899625877264215,0.3289056923473276,-0.6294430449343058,-0.8467292767401289,0.352713828413164,0.27234202554465436,-0.6856067175287226,-0.437800185866265,0.18863964651866644,-0.6765234962521346,0.5418892976099337,-0.0017017755512768462,0.6279176487307532,-0.6584551480081613,0.245680457632919,-0.4207544468820784,0.20445559646134825,-0.6480724278527084,-0.0022154288804939765,0.012829804177587674,-0.20178521576959976,-0.3133260813260569,0.20623019644182486,-0.08968076987710914,0.0649200384140396,-0.8551512532741186,0.299314418811563,-0.7557538559802185,-0.022164731754450676,0.3117891236277063,-0.06950585676361119,-0.13212021102449747,-0.20370892230620014,-0.9670115682699738,0.5463389196760098,-0.11783151033735988,-5.773923961646563e-17,-0.9523212287262011,1.3183214283157056,0.09601869823673558,0.0010771433903731462,-0.035063014734637424,0.05742368879607567,0.04928440223857264,0.02268318358099449,0.0018334616821900768,-0.7975407246416417,0.3650785733470907,0.01588144592797386,0.07568106659805167,-0.7493642075077546,1.1191852499424049,-0.43842415940308804,0.5883729204536802,0.4115829284788012,0.15409580263761008,0.15138038821503663,-0.26997256435926914,-0.2148550577053594,0.33804688329721705,-0.6922824601679075,0.03656932248165995,-0.5548180631105133,0.8349519976531475,-0.40390770630578876,0.575657363979459,0.35440966436844384,0.1634816467437301,0.8042860139441788,-0.4480919739873238,0.011814896793989758,0.0839061898231842,0.8300732552175182,-1.1346316701315886,-0.13443840777885854,0.02607417512351295,-0.10246417574297301,0.12887025453166223,-0.06891991203693239,0.17523255195690055,-0.3260169860592967,-0.5117357849950599,0.6967482955435789,0.2947879482069333,-0.25806364251732045,0.27084345714034674,-0.36492612508778344,0.1498815515422016,-0.39776086164809754,0.06283495997459834,0.538775203792915,-0.7006838436630018,-0.6838525537693518,0.9735071378725659,0.15190054639697811,-0.6586700285365804,0.3001562480219246,0.0766899134337263,2.523433018879223e-17,-0.6479101613965419,0.955262927291568,-0.35214026347095656,0.5052557286158812,0.34052159240234753,0.12510459034359803,0.14596808427585456,-0.25535936708262874,-0.15463609991890886,0.2819621674222754,-0.5792157199023487,-0.039828936823703934,-0.5076524776836588,0.7346356038947226,-0.3349106050049129,0.4944733949109307,0.31670756800675426,-0.2089065395661012,-0.5301022398682986,0.5123315381360781,0.2257729104418018,-0.25881862229604785,0.20041354444562726,-0.23497978092414135,0.09485736305269037,-0.24118243320135763,-0.05914370214625987,0.4962558063341397,-0.7390603503153641,-0.504097382812847,0.7413002342197247,0.06899420693150458,-0.497692503314525,0.16321414544348584,0.09206025466484191,-0.2308531014278336,-0.6649831642291033,-0.26298113556301284,0.10726587709216343,-0.0184459224036136,0.24687540508133937,0.08453220680103393,0.3013580171746466,-0.35533125005517985,0.6984719250637117,0.16679334372130378,-0.3207657545036935,0.0602298798490732,-0.6493950753779554,0.9497912253726843,0.2647883589816052,-0.21107047344033836
1.3521246218935545,-0.24945572536361588,1.1542799555195578,-0.556138561622108,-1.1481804238858264,0.11407392736199823,0.8318578215408994,-0.366014179457403,0.7039006210178469,-1.2999642272807606,0.05006360546871991,-0.630027038274604,-0.16811228356248242,-0.7067029617661862,0.98360645751953,-0.15134614032342597,0.4256787050324641,1.049788156947878,-0.40998660788006536,-0.953819497889616,0.251558319032816,0.5863763778175014,-0.31147098429181175,0.6161189088443869,-0.5630489987637133,-0.09402869170989273,-0.7417801860037119,0.7788435810389449,-0.1821017184134558,0.4112301233543277,-0.5745046032405098,0.35583805767251553,0.016877455468473405,-0.10849607227290638,0.12440360304459806,0.9309689722947129,-0.6657069808911542,0.24068848938415432,-0.4449306521431966,0.6090685584254503,-0.22208702684877424,0.33966202114060606,0.12392268278967664,-0.21426399812756738,-0.07811017083706753,0.2254833456971701,0.2523556599000569,1.0679858772715463,-0.32884870100593044,0.596246157233201,-0.032623898957021794,1.0523915871044067,-1.3268968746266079,-0.25142665180331986,-0.09427915952030509,0.27368731501997046,-0.10188027891892268,-0.1385633323842983,-0.12068061733151297,0.12788753759517796,1.0166964395251123,-0.07641425510353064,0.49280293766419003,-0.1874330992409759,0.9651021854415263,-1.252148486253255,1.0522858929574856,-0.3368636464349843,-0.6406907105503101,-0.1412621926027322,-0.019854644327104373,-0.5093039338475511,0.24227258633396387,-0.9898906318143184,1.2767435339259814,-0.3624958294913957,0.25884187493187116,-0.44839686824842784,0.6335112053743046,-0.7938524046604113,-0.2007664194557457,-0.24780279808564648,-0.9214535382601146,0.3360133895813434,-0.4536720676142717,-0.13047672523888842,-0.986394292603335,1.203213866790291,0.14047949294234907,0.03719457331664244,0.10260912849198607,-0.18764876266139152,0.04831307712610919,-0.1236172558422404,0.2445054768699219,0.2850711249968423,-0.7504549075876098,-0.37157973646318077,0.2745342387315525,-0.12303764621160934,0.23825620428982758,-0.11972124162381492,0.2642598697297581,-0.3827828180032007,-0.4909723359802833,0.4840303468450665,0.7490097449028743,-0.9529241223824737,-0.1915464117365196,0.8076441054185248,-0.10097123583200968,0.2955567181919489,1.9156716855929467e-16,0.8431505742676737,-1.0584628491381973,0.7586813875948293,-0.3287505917635535,-0.45221862922645467,-0.09339295167585775,-0.07592091101772586,-0.2370698132196749,0.049161076811866114,-0.7862215952417506,0.9784996297195354,-0.1754703774417614,0.3011969319432978,-0.49243101571725617,0.4735494224172658,-0.586817370449059,-0.20198407212955588,0.09554288852454718,0.38363847763634684,-0.59867064924624,-0.3174184132436141,0.23085180193273766,0.007050731472808561,0.07837851370549706,-0.05475311439506508,0.1235313290271779,-0.2143014815497315,-0.527170436908065,0.552787406345336,0.6242954393392651,-0.7873893145875518,-0.173853270590344,0.5094743345915673,-0.5217469795656715,-0.2942600719278698,0.20038078011276375,0.45564694030443703,0.15379588423904425,-0.12986988112641662,0.11062588792178682,-0.17779188669527887,-0.05644227415758085,0.18105648873523914,0.6404488875285061,-0.6874161002878739,-0.5616984206710908,0.6736011954614756,0.1681456421205178,0.5211108482373121,-0.6687797702821372,-0.09884225800497705,0.0444762989080576
-1.3375121396833265,0.25406286714477544,-1.148324126295123,0.5505143714477185,1.159552588771811,-0.11452940505223483,-0.8397755951129029,0.35278505261770177,-0.7141719642154571,1.2900600745135404,-0.03908590627873598,0.6102780542170125,0.1440626612684187,0.6826082539064344,-0.964274912959896,0.14338932721443665,-0.4262788458610148,-1.04665073854007,0.40459165233135663,0.9644298299591738,-0.25125611547572907,-0.5933032811067716,0.30032889651844763,-0.6310138727220382,0.551373731155635,0.0826734029964871,0.7245557880547956,-0.770568766130403,0.17503104412302656,-0.4078786504770134,0.5741261463504151,-0.35060977866255133,-0.019939256433638343,0.10010306715031142,-0.119303904192653,-0.9254215714845325,0.6724402767903246,-0.23526848269229644,0.4380798087116411,-0.6026177033567699,0.21146855726303537,-0.32945478698935315,-0.1175531369042768,0.22210283050761548,0.07769979129926165,-0.22764860426136158,-0.24329210845510246,-1.087654281929546,0.3113722150436602,-0.6114019022455996,0.03552729611323353,-1.0478394990450854,1.3333711843214964,0.255218394863479,0.10043677858314605,-0.28123751120691076,0.10481278552999793,0.14278965490593068,0.12598076759421478,-0.13491082184928294,-1.037464252324774,0.06548683986103104,-0.5113292266491682,0.18876647602613789,-0.9625417766306047,1.262740151624616,-1.0858657032249708,0.34344612695593746,0.6649234393920734,0.13987356349654512,0.04209726592744154,0.5372412916765523,-0.2407763844433428,0.9969763256636837,-1.2983099099902902,0.3779220291050881,-0.26079289807677075,0.46606645488477916,-0.6426292482453685,0.8136855824456584,0.21955955180474568,0.23885155330702595,0.9450338308664673,-0.3185388279665645,0.4722055185201134,0.12819038042846326,0.9862015133251413,-1.2122715867080684,-0.12271416527685894,-0.033306748977604085,-0.08525558037306623,0.17917172392350728,-0.03752822312763335,0.11336970377306135,-0.20884560476136033,-0.28318681365653164,0.7545264805167226,0.36229295240166703,-0.2518292604887758,0.088014374057124,-0.22435094851355425,0.09749724152811035,-0.2429871485644678,0.38571639077169173,0.4782046164970771,-0.45870780536160144,-0.7387198777658848,0.9492230727851019,0.2006014694295074,-0.8293869403772605,0.0903024980449941,-0.31532453920484316,4.424896539513946e-17,-0.8437494941193089,1.0705883519317028,-0.7875381428544266,0.3361786105467183,0.47168271792008687,0.08995256165083185,0.10408635962374486,0.26166022406184586,-0.0443417841512833,0.7935455339443016,-0.9974693553677008,0.18866288481482346,-0.304792702138769,0.515128781762263,-0.48064075999603345,0.602065772156456,0.2233336504501362,-0.07689006855548391,-0.38072013630571766,0.6099048774836171,0.3096847995979111,-0.2138310690975172,-0.024407212419140317,-0.06964139641959627,0.04368916174031723,-0.11292626123381608,0.22757386480854502,0.5146766711947337,-0.5298478806945157,-0.6201022657849893,0.7904096022554357,0.178839814245686,-0.5103766510792749,0.5471917598816266,0.2895782123127091,-0.1892866895472456,-0.4610895460123343,-0.15244726643290732,0.12689523378230408,-0.11132599899372306,0.18986160750522613,0.062028722777140485,-0.20773555291880472,-0.6320296487480146,0.6701187250772258,0.5674538977679897,-0.6858711361711917,-0.16885212790546716,-0.5187946068123874,0.6737784645748685,0.10329782841825115,-0.05537108799532421
0.9356300385141049,-0.20623904973877474,0.9130097061820674,-0.38326750615232896,-0.9852259288728168,0.1935254469307163,0.5579327736286247,-0.23767122076813013,0.44332745492681774,-0.9195136309444701,0.21247090405713748,-0.47730422382380605,-0.4620060519160058,-0.5356856051035133,0.6561560311327134,-0.20535468306435925,0.2250323080374526,0.8504484036583643,-0.27145443839189665,-0.8664161566735985,0.3082720356015538,0.4036871184264624,-0.18831136798976478,0.38608763457471645,-0.37872896448223764,-0.22710276194582205,-0.5666819808724639,0.5135922582618597,-0.14641748775006758,0.11891719132681408,-0.3133509804710885,0.31816143874548963,0.015840004225565047,-0.037125465054942526,0.13397869896042372,0.6596424335988675,-0.41543516270257175,0.09888012590558823,-0.018049546146148416,0.4551579439517477,-0.17855177971575323,0.30036831051789153,0.04422185621537658,-0.17671416770686338,0.04013943983279696,0.11697562055422502,0.01996334162996849,0.7544514907837818,0.058997318435116304,0.40635132091301296,-0.06116635535029881,0.7328205203615451,-0.9251754199267664,-0.11854802966373669,-0.11838483118682003,0.11017160552959546,-0.11376640889169709,-0.05627185880322157,-0.1318196981010544,0.1485082667068344,0.7443891339745705,0.07859252390779027,0.39239792480944397,-0.07159205662046363,0.7201745690266569,-0.9122670292911818,0.7702760557315799,-0.3225065537749544,-0.4248368692576106,-0.10854171231247103,0.021504885313218394,-0.44009418580342147,0.029227515822425155,-0.7566792257975061,0.9462625663925309,-0.2549661254781807,0.25479882369286727,-0.38390353959519896,0.42145622406211514,-0.5227161841285818,-0.11221517096448504,-0.04618329769358589,-0.6817817359735238,-0.00021952466159037436,-0.3323786215187543,-0.021922085202530976,-0.6945234112567394,0.8811047976497576,0.18151146351116929,0.023255343820430582,0.10370755882767109,-0.027890444681176595,0.1707967867512603,-0.214898246582303,0.3424446331849687,0.22465674773269384,-0.4978922404522789,-0.2082534494140769,0.29051458829529664,-0.16687445765254935,-0.011171317225957381,-0.34891156366123727,0.4426539586227487,-0.2499534263237437,-0.33038192922298976,0.43196665604398626,0.5005010392778437,-0.6341128449276776,0.02680633480265612,0.6442067090752921,0.0437194711805531,0.29193025514399223,0.0,0.6518154230709914,-0.8343160372645616,0.6423473242283874,-0.32669433656335517,-0.3057892153585223,-0.06540872169489746,-0.026152619078784814,-0.31325895716758134,-0.02075256683895907,-0.6543730788346594,0.8301330735739192,-0.13857217318961712,0.3009121445927849,-0.43495521094599165,0.3094008863483697,-0.39602947749857104,-0.11117274152435073,0.15255868820376445,0.2992514180326839,-0.3890413305241861,-0.17936214780639634,0.28146610110302067,-0.048824985182918966,-0.026402521113620247,-0.16653307492030087,0.21668155162228586,-0.1762989010848845,-0.3840660516824059,0.5151121887950336,0.3936362907671707,-0.503849799516968,0.05249748085681927,0.3757542473005484,-0.31550254483728635,-0.1633545963585071,0.2868470687452543,0.3393405449009596,0.12134342828142788,-0.13059033945965656,0.04563801325333908,-0.1493988599832625,-0.03585980629647369,0.16600343659820505,0.4624534780336976,-0.625492512675152,-0.31613168889571597,0.398470227313454,-0.0811071275724515,0.36402992143576596,-0.5071839541800147,-0.04127018997936791,0.09205733800147287
-0.9313219912521833,0.2047545604185921,-0.9127879333309846,0.382280873732674,0.9944351085283593,-0.18955014738777812,-0.5598001258492447,0.23021812215873497,-0.41836345354922094,0.9197587669894838,-0.21006008401051487,0.46090150192555823,0.45994492248103236,0.5284319658352603,-0.6553002001274586,0.19415656837499645,-0.2266645951289311,-0.8552723455497514,0.2762036149271345,0.880967695982994,-0.30337441547998734,-0.4087795334677741,0.18467371648134534,-0.36333604041374323,0.365505571818613,0.22649637265995812,0.5606688629602945,-0.5159960340618746,0.1383668977202841,-0.12779172645493347,0.30334136947999185,-0.3107124968024719,-0.008057348361357903,0.034236854679272045,-0.11400439978733289,-0.6578540321141001,0.4232438446061207,-0.09361794590099656,0.035411045110876005,-0.45100248296510764,0.17014203734411903,-0.2835119669534642,-0.04528306054075193,0.15812660641683335,-0.031187618564792925,-0.11813587433827787,-0.013668366085163341,-0.789070057275884,-0.07601771269629737,-0.4270964147052688,0.06473995636072236,-0.7396756437983663,0.9158545075668795,0.11878991575206639,0.12498857382211939,-0.10942884268683041,0.11794267941021429,0.05677593411557488,0.13341781179404064,-0.148285615528463,-0.7789773983413916,-0.08909953244885542,-0.4158149560982943,0.07166737675261935,-0.7283342540844254,0.9037682948965037,-0.8113400709017686,0.33590867516929335,0.44772127599316053,0.10856140572428588,-0.021470111624412102,0.4715112949977199,-0.023434387462700327,0.7710102207328127,-0.9437711683712602,0.26989601591374934,-0.2561208305138324,0.37826003386433366,-0.4286017199779152,0.5214207775947878,0.10587847475875523,0.04014425899590005,0.7208088151467382,0.01673101492343028,0.354763339173893,0.019187047902508077,0.7058636092816485,-0.8757314872354826,-0.18473942910737726,-0.023896120679843393,-0.10408721282677012,0.02421951152755025,-0.16968366731975254,0.2098979851241827,-0.35207166957405667,-0.2363526949980002,0.5231692453338467,0.20155701508120438,-0.26120340259010943,0.16779442498187755,0.02151523138245281,0.3494502669023653,-0.4338049677884395,0.26378170592964756,0.3306532898190824,-0.41570924510428287,-0.5069566853156003,0.6286605401767064,-0.010910177239568703,-0.6823265599640677,-0.05400912882205852,-0.3166488241866241,3.589182707265166e-17,-0.6644342366564022,0.8301902701812554,-0.685384186534218,0.34428796012230345,0.32611966738559517,0.0672433250795529,0.021761813020055133,0.34531968033708565,0.025813796737097595,0.6727342875632021,-0.8321879577191059,0.15134308889752104,-0.3040541000836002,0.4289960032546188,-0.3175679871957479,0.396791493493271,0.10300646634892965,-0.157615119896374,-0.3119735466497886,0.41165577340190096,0.17356226591795673,-0.2528358147462232,0.04845073438278388,0.03258435330024118,0.16722026570162316,-0.21178419475344837,0.1910380223572298,0.38433824526065663,-0.4969139211759636,-0.40086112078049085,0.500863718041688,-0.035031711407900804,-0.39290090600962835,0.33816793958860575,0.15880704936984444,-0.2589957219226248,-0.3568215720291829,-0.11832096511814294,0.11762581383270235,-0.04238581221525148,0.13397266520361825,0.030452501309742048,-0.18517834437694,-0.4656616199811614,0.6075478988897617,0.3259453010619644,-0.40084616699442216,0.06139328745797569,-0.36713488984965514,0.4963196569940287,0.04355252550824739,-0.07888852611188542
0.09065741997649676,0.13218789156228702,-0.03404979653229786,-0.018517490034100588,-0.04145728881470256,-0.3103002260756892,0.04880374907259657,0.11501287021536057,-0.17850997249035955,-0.19911161834436886,0.11051193326133862,-0.042705727155537214,-0.07230912231928655,0.23426660220201284,0.06070404167988176,-0.11714242815742837,0.1910706117995459,0.08635398360637012,-0.10293947744276935,-0.1964871523234327,-0.3399299471129704,0.1957008344456477,0.08179791715136699,-0.11346217664845064,0.0386126689258686,0.07769508595008855,0.2902702033941162,-0.08229174104266508,-0.09620413635901258,0.14584097710578497,-0.004759458331363311,-0.1940230183833649,0.01059056286262819,0.0781060392255114,-0.1231178466408707,-0.35462729028106066,0.011166557281797634,0.14530401571860194,-0.2297569132101223,-0.3338895628706361,0.1037493415088366,-0.19270710911315633,-0.14007387084386544,0.22238928715342596,0.011741872306869338,-0.01210717183995484,0.01194708969743593,0.06866546344433049,0.002199166563134446,0.07248755555044055,0.0,0.05834742120747319,-0.07151044523416909,0.012872789232035284,0.09764836021431976,-0.0023299508035633607,0.0642541887376881,0.006517672536998635,0.1004363809755111,-0.1281093802943276,-0.023349604976795064,0.0046373785419372305,0.013666814219575012,-0.006431495269693618,-0.03707128327711624,0.05038297763791194,0.030951254794348893,0.22022048772226252,-0.03696478510815171,-0.09903061247995758,0.14981304289228758,-0.025621020814511116,-0.0011838807363355487,-0.02947203165269594,0.03703174373259394,-0.039022337861443164,-0.2916718765790948,0.3874967860241976,0.03141025747678305,-0.03849632855405363,0.02416763016681196,-0.011480774525361438,-0.1565137981167745,-0.014486829464713732,-0.1279190218435507,0.008106939996622979,-0.14379311669879516,0.18257617759269237,0.08933148845995988,0.01220989654276544,0.057490449132548395,-0.00799974928841406,0.08656321145095724,-0.11235147979680929,0.0537321974236049,-0.21158398931065625,-0.04597826803336856,0.06124010665147752,-0.11103389606141251,-0.06349952161485634,-0.0014725578859858053,-0.0436967554007706,0.052402345358036805,-0.04853753387805952,0.24443912464798342,-0.33756476438191174,0.03906932592842726,-0.047883262607377394,-0.030571907676248358,0.07381495368897091,0.01761233300306318,0.07507837220522351,-0.014800059096326043,0.05764608360927523,-0.07264039486877355,0.14696120738560142,0.20107219350443406,-0.14964147735099156,-0.13863827341556792,0.18357890327382378,-0.10150054187852499,-0.006238586532778301,-0.14784919506446506,0.18842486808679895,-0.1118873314234397,-0.29803934395650283,0.3845937353280915,0.14466038682822083,-0.18406832141444646,0.0069344469732632525,-0.05853812154224788,-0.2145506729119175,0.06372481085717338,0.10801091764130019,-0.15714485796725947,0.008348023661763645,0.0034677923424453233,0.07148710978609991,-0.095101595017223,0.021797648709083083,0.27741384208261805,-0.3709712513221713,-0.07142257056763872,0.09421869500192243,-0.016430680410044203,-0.2676996522637146,0.008200833636042085,0.10509782070002795,-0.16728092739718947,-0.26136156967289786,-0.10874412729317803,0.10552761400126683,-0.099278197284885,0.1600875869357396,0.026522620210203112,-0.017028007239963304,-0.341904266788538,0.45876308204606425,0.003788923709927386,-0.003413448107472326,0.03354155529469213,-0.3268922440461579,0.44118889680124873,0.051578137601684226,-0.03264042304115303
-0.08581185435491546,-0.13666884645526534,0.03698702796075748,0.024572917010537574,0.04144471652035556,0.2986184307954492,-0.046278376922862734,-0.10670724186530006,0.20342069078542147,0.19685640829389275,-0.10786528675826018,0.031211831499022673,0.06682068351917171,-0.22596649984619,-0.05740034048373722,0.10735472254581899,-0.20758553567609705,-0.08694242645241182,0.1060811616198855,0.2014985447273795,0.32515753301209843,-0.19758381298499847,-0.07381215950061454,0.13604403432124873,-0.04434116536454272,-0.08089726965987465,-0.2779654815801205,0.0829127682813309,0.08785820065465316,-0.16622480937000217,-0.0040602036253041705,0.17332202297898758,-0.00039550595586488235,-0.06955387674000324,0.13343278211433035,0.34166614166306314,-0.008313675820039083,-0.13494099350219346,0.25865928952244455,0.32161247023115014,-0.09259602758037201,0.18671785555506096,0.1292739145770251,-0.2480209609297859,-0.003644113579996172,0.01631511545719137,-0.013659737691792892,-0.06737343985684383,-0.002943132741951914,-0.07660917089925547,-1.747129366852726e-18,-0.05322056532856213,0.05891422703887762,-0.014723058616065765,-0.10263081243281232,0.0031923419016196396,-0.06523682398784791,-0.008798750106775614,-0.1050499876744141,0.13250583606694255,0.025128039934820958,-0.00532870693446076,-0.014514356994874663,0.007366703520397872,0.03992529350804425,-0.05777448206025811,-0.031696690156577875,-0.21251655992846125,0.03633453055785463,0.09901916863409918,-0.17658220069879582,0.02675821082082464,0.0015872329923408506,0.02936383136542872,-0.035430740390579155,0.04131536503057357,0.2804670195468191,-0.38662216012117884,-0.028701878089433842,0.03177247276055526,-0.05290165937221703,0.010828017876364216,0.16049202202528723,0.019456073054327446,0.13278278131627097,-0.010913331139552786,0.14250145417654106,-0.17461952345310777,-0.08965662027749008,-0.014336187880852993,-0.06032764483701772,0.009137124472156756,-0.08398710113808798,0.10709900198199288,-0.05139241859068894,0.20527761639528244,0.045066715040891006,-0.06492978933221158,0.14155306125366135,0.06740474974103103,0.0019686886240466986,0.03776022995846004,-0.03875615039365497,0.051244580680037226,-0.23598629007281785,0.34046108982924017,-0.03559972679254256,0.039408269600854515,0.0550401701543423,-0.0767169058217878,-0.01967621007879691,-0.07652922711225464,0.01568794521752411,-0.05887632979281332,0.0696383620842437,-0.15379223013704013,-0.19353923296130005,0.15520412612318404,0.1369677662696312,-0.20501148218583715,0.1037774114680319,0.008357283216224674,0.15315696688236977,-0.19218303765183078,0.11524733483438626,0.28516422508494005,-0.38019162987413063,-0.1471200123067682,0.18280677359444278,-0.03300592884981883,0.06134774874041958,0.20624288151538547,-0.06516023872008357,-0.10755225914718956,0.18219067284999896,-0.00830087612901479,-0.004167092258978882,-0.07466608658101125,0.1024152187717805,-0.022825942498882534,-0.265570084689796,0.3689581525392992,0.07200068348188526,-0.09640443019795424,0.04219350271946704,0.2586829623853387,-0.006513749359272948,-0.1060788048306047,0.20129222919396972,0.2528606096070333,0.0968892706496711,-0.09151979838661843,0.10125150334493764,-0.19445710027130572,-0.03786390240989023,0.018452602090459357,0.3291953152309083,-0.459087327958345,-0.0007223738129763963,-0.002798737165381715,-0.06790174203347345,0.3148745018993577,-0.44222596700039757,-0.05548393043859716,0.06506959956053258
-0.25277047206921804,0.20507946849593342,0.20507946849593342,0.005173745426317376,-0.519946982474915,-0.03117478384228721,0.0,-0.029797481700708287,-0.010031682703823415,0.3737689725011645,0.3737689725011645,0.006870664455884616,-0.6115548280257181,0.12762107981281742,0.0,-0.05614789174071973,0.03851032452056565,1.2451517681431975e-17,0.0020760071097498545,-0.2726691521477244,-0.14964022431864393,0.0,0.0014930765997647128,-0.04607820100822483,0.0020760071097498545,-0.2726691521477244,-0.14964022431864393,0.0,0.0014930765997647128,-0.04607820100822483,-0.0016155061691013708,-0.003459543553840713,0.0,0.0003393054536508443,-0.0010609108688403794,0.33794012497188397,0.0,-0.04340353917143853,0.10348618177276679,0.0,-0.021969279612072234,-0.0003153182241742039,0.0,0.0,0.00676807109080743,-0.08720953941984667,-0.08720953941984667,-0.19091337584068593,0.1319418863217227,-0.11185264024538391,0.0,-0.17876127313695042,0.21708746360223388,-1.6250806940805432e-17,0.15310812759755313,0.07234138068215243,0.10150480925146736,0.0,0.15531438943873832,-0.17266780754564645,0.15310812759755313,0.07234138068215243,0.10150480925146736,0.0,0.15531438943873832,-0.17266780754564645,0.39000678815273887,0.025835218239168147,0.0,0.026164460936391336,0.0031333847341542694,-0.24635275652850352,0.0,-0.3832643888390221,0.44131093153809653,0.0,-0.008861466413353022,0.03121300080903493,0.0,0.0,0.032685527025164994,0.0,0.27993107051926364,0.015894386590655625,0.12136413946689022,0.0,0.28370421819627784,-0.334291522210313,0.27993107051926364,0.015894386590655625,0.12136413946689022,0.0,0.28370421819627784,-0.334291522210313,0.4583109227637302,-0.09334978497570041,0.0,0.04726656632866995,-0.03498696309951039,-0.20400110718015144,0.0,-0.46180464610684197,0.5453248166271667,0.0,0.11510045617154237,-0.12664619301066313,0.0,0.0,0.020986821447006553,0.0,0.0,0.0,0.0,0.0,0.0,0.20430150744420578,0.11274585132272154,0.0,0.00045753782599375326,0.032653134574883565,-0.08217326662834888,0.0,-0.20702927708307076,0.2458293155170836,0.0,-0.11406716968084417,0.14879699407029964,0.0,0.0,0.03363964927179248,0.20430150744420578,0.11274585132272154,0.0,0.00045753782599375326,0.032653134574883565,-0.08217326662834888,0.0,-0.20702927708307076,0.2458293155170836,0.0,-0.11406716968084417,0.14879699407029964,0.0,0.0,0.03363964927179248,0.2527199171438834,0.0,-0.03374736556361723,0.07899508082203467,0.0,-0.019189796643645084,0.0032024735476488034,0.0,0.0,0.005570690696694496,0.0,0.26966787327450875,-0.33586266174013013,0.0,0.0,-0.03944269819397409,0.0,0.0,0.02208584116065671,0.0
0.25428839590792307,-0.20548627943199463,-0.20548627943199463,0.001106372560548825,0.5198566716363474,0.032950372817503584,0.0,0.030989368207700766,0.0234205680029546,-0.37588907730853344,-0.37588907730853344,0.0009715502714982003,0.6156646439813293,-0.12464529737414184,0.0,0.05730449577617448,-0.021521693194499668,1.03299097074116e-17,0.0008503459609346626,0.2709435769513943,0.14943105644195318,0.0,-0.0004983420865629821,0.05201160796608289,0.0008503459609346626,0.2709435769513943,0.14943105644195318,0.0,-0.0004983420865629821,0.05201160796608289,0.0006924719372420247,-0.000668206191109613,0.0,0.00013092375886138394,-0.00018311991722077042,-0.3345967427023024,0.0,0.042121725849728654,-0.10070224149246321,0.0,0.022615595552822696,0.008691375165137972,0.0,0.0,-0.00790066533663574,0.08912400151050526,0.08912400151050526,0.1927388013847679,-0.13326570912323943,0.11595826438193513,0.0,0.17986839113566924,-0.21694991034176253,0.0,-0.1561368280559379,-0.07451158743171268,-0.1052525472050469,0.0,-0.1562099711196554,0.16710512884177342,-0.1561368280559379,-0.07451158743171268,-0.1052525472050469,0.0,-0.1562099711196554,0.16710512884177342,-0.39460704822423226,-0.024470335336886508,0.0,-0.022705921011242698,-0.01869562162080328,0.25432868038987483,0.0,0.3839561885207205,-0.43124932739281574,0.0,0.009175633776037612,-0.038792131311090605,0.0,0.0,-0.04300534635620299,1.7505797083075815e-17,-0.28524698660729403,-0.018787220721958046,-0.1277233167381123,0.0,-0.28596574094321814,0.3282383403273052,-0.28524698660729403,-0.018787220721958046,-0.1277233167381123,0.0,-0.28596574094321814,0.3282383403273052,-0.46715438763015904,0.09491838749151012,0.0,-0.04274693151767951,0.015483552018670185,0.2154265019383372,0.0,0.46551606428970166,-0.5365423480308691,0.0,-0.114298093977223,0.11615710647658682,0.0,0.0,-0.03366702149676853,0.0,0.0,0.0,0.0,0.0,0.0,-0.2055655987186474,-0.11310823356063762,0.0,0.0010250906837395396,-0.04021205057639788,0.0845952169845288,0.0,0.20615109051408298,-0.23919615920638182,0.0,0.11385223796856901,-0.14816098790883586,0.0,0.0,-0.039133786849002566,-0.2055655987186474,-0.11310823356063762,0.0,0.0010250906837395396,-0.04021205057639788,0.0845952169845288,0.0,0.20615109051408298,-0.23919615920638182,0.0,0.11385223796856901,-0.14816098790883586,0.0,0.0,-0.039133786849002566,-0.25364321495412234,0.0,0.03248473994994899,-0.07701438589997592,0.0,0.01660922001567605,0.007241253641029313,0.0,0.0,-0.005970509092858053,0.0,-0.2677338977538254,0.3268325630879449,0.0,0.0,0.03943449030497332,0.0,0.0,-0.029045377822877652,0.0
0.9529362570647483,-0.21460531216616358,0.9206794471888309,-0.3839115403741052,-1.0022201858508049,0.22474033424074272,0.7005528262479148,-0.19531428735048237,0.43043594341737373,-0.9394657324241985,0.23837185946524883,-0.4778424227402726,-0.595629923136348,-0.5386574921707842,0.8341960822027751,-0.15112008524487883,0.20695782601793677,0.8539825385337383,-0.2708724872745715,-0.8539145922172308,0.3428714140619503,0.5027854274951445,-0.15852047377793585,0.3777435975573712,-0.36563409911169775,-0.3247679336083935,-0.5766415638106952,0.6307191100215958,-0.0971478690208232,0.09228109433823684,-0.2625927165503654,0.3297044172945617,0.015212304864954757,-0.03705673626511767,0.13246117494452095,0.7069890298832507,-0.43946058656662806,0.036855105152670535,0.051381418930007,0.5927317075711269,-0.14604364315660862,0.29211745775296133,0.05988103617826398,-0.22465625179008433,0.025841913327180412,0.10868922615996493,0.027068823423276097,0.7652891511328731,0.052748724370720736,0.41076723158042083,-0.06433686821070289,0.7375127595387146,-0.948838647893765,-0.11110611981874391,-0.12855851378397393,0.1024311744446959,-0.11813978337152921,-0.06541414540665921,-0.14381402346821814,0.16458820142724032,0.750289456404415,0.07943195263526051,0.39047888934066954,-0.08205876566323084,0.7180960558798959,-0.9289473769088396,0.7836173571065231,-0.34597237515463863,-0.5366841777231652,-0.14026935526749515,0.03658392559414434,-0.44445152966094037,0.02888591956936989,-0.7648440176556258,0.9740843547658941,-0.3171494756745694,0.25812594637365177,-0.40931520112361297,0.5289973330184229,-0.6684798601667135,-0.138655922818407,-0.053874206785806976,-0.699969808878804,0.01593279333792431,-0.3435229477904186,-0.03171864162032113,-0.709851088858061,0.911821019398179,0.20500639859288913,0.030114094741298177,0.11805214935039393,-0.03978944559616566,0.18877750682706088,-0.2432256470053961,0.45189123283335314,0.2266119315044239,-0.6376694371161054,-0.24845766997359153,0.3095829097890486,-0.22693202969791365,-0.005962429597941996,-0.45261503416943927,0.5816128051418212,-0.32321666524253145,-0.35174608160812976,0.44713122220191903,0.6354125547058719,-0.8166364314176701,-0.009702076033667167,0.6518119964793088,0.03448517907542642,0.2926031935483274,-5.924703630885248e-17,0.6543512747844077,-0.8505151789401416,0.6408218719381203,-0.3545105925422401,-0.3837567614192683,-0.08655939380565744,-0.018544461721716518,-0.3064256082605045,-0.020303278722132594,-0.6478979019863651,0.8351936186160045,-0.17227122934765743,0.3170345194805074,-0.4709069646348425,0.38525177106003966,-0.5007440065094892,-0.13156350441930995,0.23311797235996112,0.31484974429547896,-0.48140361631596446,-0.20601240008991623,0.2937149362858924,-0.08799072996806093,-0.025469445186470874,-0.24492555792170645,0.31972284535492934,-0.21610561984223378,-0.40855679116149896,0.5426816580078878,0.483279030953176,-0.6281582497483249,0.02604442653284386,0.4363304059582018,-0.3360376452826532,-0.1715812260275776,0.2953949967812489,0.4471970461591843,0.15385844626164635,-0.1507893957167422,0.05736108949897565,-0.1866220080668147,-0.04486596758298368,0.174509458241578,0.523194433315373,-0.7099273326209982,-0.3343119723170641,0.42860430024237545,-0.0750321668545359,0.4746890159710609,-0.6672998865189504,-0.06952562438809134,0.11250156790302536
-0.9486443425084005,0.22024447670088818,-0.915071427167759,0.36648695107415613,1.0058015359366215,-0.22730785563556585,-0.7049464852874266,0.17985301174476503,-0.4545991591746962,0.9396553872871092,-0.22715222444599895,0.4425321088282931,0.579683995583405,0.5234070534564552,-0.8240601189613285,0.13252707494542218,-0.24618741883056516,-0.8536632088531805,0.26027265873126065,0.8616871433227461,-0.3466721393616476,-0.5069466515839945,0.1473803077410839,-0.39313482728192267,0.3391156704476831,0.3183302649622192,0.5593121685992034,-0.6260973478332729,0.0847712090970787,-0.12862129356043547,0.24524771213808455,-0.3082428965173731,-0.01049305182074225,0.03270065244154657,-0.11695663283854409,-0.6938431135618733,0.4429423328245957,-0.03061002081201135,-0.016769375284656236,-0.5864044893724111,0.13098774175316838,-0.30981130387507483,-0.0577510412605031,0.21195307087476664,-0.01683365134028871,-0.11198006443314489,-0.022364229179615416,-0.8135534146117889,-0.06683914138846032,-0.43794832769441805,0.0688479363341476,-0.7418676520011243,0.9565320613024361,0.11320929300404026,0.14561981501827193,-0.10320914245270357,0.1285093296956413,0.06722917354455195,0.15100738446807513,-0.168413864917058,-0.7934013292705735,-0.08818538287879056,-0.4170903873469313,0.08303044732960958,-0.7198526723449261,0.9333971421861307,-0.8367494173256192,0.36412954147996934,0.5779613342757703,0.132362336887236,0.020328144712088384,0.48035089879157605,-0.02332733282424229,0.7738942510551852,-0.9821345653017581,0.3419403843815817,-0.2607918055063944,0.43906675512533594,-0.5382359460178817,0.6778153538672258,0.174161412617588,0.048965863263273506,0.753607060929826,-0.002221371903625076,0.3720143936846371,0.0290783064864466,0.7191942384448772,-0.9184078610416485,-0.2052374621463115,-0.029670598467921177,-0.11720570833946144,0.03591275435740952,-0.18076400774155316,0.23484478571341597,-0.4659548452510402,-0.24457363857298783,0.6745937044011755,0.2324184020095379,-0.23508234333247752,0.2307372200507683,0.015990633477965182,0.443992326663019,-0.5671581512640348,0.34244683804951537,0.34813758554519875,-0.41410488816909546,-0.6348209786934791,0.8130448830273451,0.0588967684521103,-0.6982039438527823,-0.04288481917258977,-0.3199044080906028,3.875499951407873e-17,-0.6610575257483483,0.8548465732832355,-0.6916915357324173,0.38107560731919093,0.4146273937873113,0.08100816220330222,0.06090820817759779,0.340326822732513,0.025467087321867466,0.6598672488694559,-0.8431320200622885,0.18997476619187761,-0.3236848372271165,0.49447727186764184,-0.39256804757081,0.507649390824949,0.1568501298614902,-0.24332374885598107,-0.33037544690590936,0.5120797440482663,0.19326986547017075,-0.23438748715703303,0.09119434101329148,0.03145276880602432,0.24224918821485456,-0.3123100919593068,0.23462566898574994,0.4013512955373634,-0.5118875540219057,-0.4848356580720931,0.6269652560709644,0.01471270676731149,-0.46009858356921884,0.3628059322404891,0.16323585872876487,-0.2534277499516575,-0.47568309074317316,-0.14381691772949715,0.09910682706493518,-0.05535967247240828,0.18386222782117098,0.044054493030822,-0.1954483378912366,-0.5192452258728648,0.6855253890359085,0.3401033529543581,-0.4329086253536879,0.04279261968971293,-0.475740209126378,0.6666453281307636,0.10243326833561804,-0.10630057842608132
1.0083169280340127,-0.2951468945944096,0.7919594603854229,-0.3601293518322079,-0.7649457248735894,0.2622397950481385,0.6534908857702342,-0.18862061465748858,0.3973393109759076,-0.9890817708765381,0.24223659268938863,-0.4986326671817369,-0.6343432758750365,-0.5726797832369943,0.8719045529962383,-0.15683837942039636,0.22735914867903673,0.7059459854937855,-0.2073033666114863,-0.5646730788415751,0.4248676666920549,0.3858072700497316,-0.13911385104244567,0.32320861981767157,-0.3051226676481448,-0.3144609632743632,-0.5127983396392942,0.5278237813716337,-0.07787117437469475,0.08311782291763603,-0.15171945447872942,0.33422044024160796,0.011755710422905373,-0.03726040414921366,0.1152888088349589,0.5994335568111364,-0.250340050891029,0.0003199680828219549,0.07748765213909359,0.5979162635551671,-0.14791825173635778,0.28480212822871737,0.0614555994209394,-0.19623276904796494,0.019273137940395167,0.15362777705964284,0.20141926812329514,0.7712655380366507,-0.18568440564276265,0.42423714821109804,-0.0047870181440465166,0.7644338825611501,-0.9632034885650136,-0.17962134511771946,-0.17088948116665897,0.1708997262593453,-0.16413449882132009,-0.09816504693918693,-0.19502094565309577,0.22140277250338541,0.6777115515907394,0.006962380743661134,0.28082289160155943,-0.13429981831935567,0.6380855596119048,-0.8358978063594065,0.6514287943113702,-0.3521083063864366,-0.4981479928672379,-0.12874771333040091,0.040090302396600275,-0.2735494611947497,0.12397379465315542,-0.6146622355599423,0.803892191058066,-0.276193375986544,0.2781713254518968,-0.4176825459160757,0.49453463574712303,-0.622366453424431,-0.12105281061590761,-0.23448420738349682,-0.6805805167695618,0.2787911224210175,-0.32889035038332837,-0.12814820649079026,-0.7259551697905501,0.9101883604870429,0.28489352394286915,0.08210652655474762,0.21631542426724465,-0.17531984536538903,0.21497618915024425,-0.27681539078075773,0.5770362494477244,0.22825133052130583,-0.6645559069059211,-0.2580613906427556,0.30241528226941394,-0.37235285561469217,0.16357524790650865,-0.5097959978918688,0.647830742992813,-0.3641244755041217,-0.3681770612267769,0.45139871754079863,0.6602711667251039,-0.8318149893675707,-0.022546247047771487,0.5349026387956988,-0.0651155002931477,0.13401729599780382,2.0603333783968636e-17,0.5511224197133593,-0.726260615975021,0.4469800648245045,-0.36128128488282135,-0.2923301938912759,-0.05643089956542103,-0.03162971863550769,-0.0680087279489031,0.03558633935491501,-0.45366425781497133,0.6107346991156944,-0.07324193092789343,0.3580978769941168,-0.4984520144904003,0.30119448312194597,-0.3969094397469676,-0.10920751312646289,0.2664144539002249,0.330627944592689,-0.39993758626919224,-0.17920131121081384,0.2509237780006407,-0.10699731988300673,0.048685749755478264,-0.25267812428767517,0.33117671367840745,-0.10020244805738762,-0.3855515622073423,0.5117757159395823,0.4120648400150873,-0.5430126843445334,0.015223078820786893,0.4562225695365621,-0.18860093773214626,-0.12163971850525268,0.22543269004153993,0.45081567877818035,0.15591568680522908,-0.1499270899911387,0.05574307196495763,-0.16078161475132535,-0.037068318848236866,-0.0076262490970470075,0.4815526527236931,-0.6576632099665175,-0.20110565059880048,0.2756441972790533,-0.06260045880142426,0.47845186197717415,-0.6523751511142813,-0.06650750136913774,0.08997217679448198
-1.0149768026100205,0.3065812340733325,-0.7869022935747909,0.34228092197998405,0.7726214581245529,-0.2599838905496689,-0.6696814313953019,0.17437922962253227,-0.40543490873311744,0.9968076857861734,-0.23140475270893984,0.45579205070454376,0.6187024034361123,0.5475209744431271,-0.8671085253170454,0.13850747901003566,-0.24040688286136944,-0.7029184289803935,0.19847839263299333,0.5719071212264214,-0.42071266575574934,-0.39577692321925984,0.12942045783523248,-0.32556053836314863,0.27533474387411355,0.3035242402161065,0.48376181328275397,-0.5195805657511808,0.06762683661870329,-0.09395009075538224,0.13831320023923696,-0.301390705455451,-0.008316217090371713,0.03159894784864079,-0.10099474066693465,-0.5752635036232617,0.25184136364946097,0.0008620867793812845,-0.06413943247091504,-0.5833619805912301,0.12954581686074906,-0.2802882118019605,-0.05758735538705601,0.1877481730633776,-0.014023768863845648,-0.16362007170728676,-0.20534489116177868,-0.8247713858012239,0.18449047441187524,-0.4584545146342853,0.005324999386554254,-0.775938935272378,0.9617762363202431,0.1888790949225535,0.19395063983994068,-0.18027771199338402,0.18039046134524775,0.10634802555585274,0.206267151867798,-0.22515318183259042,-0.7086862793148465,-0.01327901459006412,-0.30283701515767486,0.1396149296310009,-0.636857916462048,0.8276818852537815,-0.6900489140188519,0.3658679752036013,0.5423881955745526,0.1199693381970391,0.005116821003710703,0.3017283188010358,-0.12578026753439672,0.6223574536502019,-0.805819241038213,0.3038521558862797,-0.2775202029993649,0.4294874433926181,-0.5110494409566163,0.6324526278136808,0.14471161495331322,0.23897277982600806,0.7365308511888391,-0.28092627706422324,0.3619841968076624,0.13455318232285124,0.7397206407101552,-0.9058044977911285,-0.2802532894206089,-0.08311067294322763,-0.21529476134935793,0.17664298874797738,-0.20492858565977373,0.2679134307537587,-0.5856068127071941,-0.23903965966796364,0.7022221649229647,0.23589681311598537,-0.2365465343840233,0.3789833554882033,-0.1608587040622364,0.498167636328835,-0.6299710960938312,0.38879141694833635,0.3560115482016269,-0.4102330617198692,-0.6621685460505845,0.8203972793423555,0.05254096322003833,-0.5669619627686,0.06099273073278519,-0.15439937902437542,4.0526090895550753e-17,-0.5526554871947132,0.7167950163240185,-0.47851259728373646,0.38293635251706865,0.31922688601634025,0.051661322970590555,0.060194920773974606,0.0891165851627035,-0.03434184439178486,0.4608803845383434,-0.6114464820226069,0.08693428519987789,-0.35920469740889843,0.5005290408825501,-0.31117165136705455,0.4035901100944561,0.12399003235725749,-0.26870844338117994,-0.32971540386196546,0.4190847831405001,0.16192976069401546,-0.20499170093159458,0.10864689994733563,-0.04508437428055243,0.24450786208228176,-0.31766834685512496,0.1141283446238307,0.3654934462300657,-0.47267535958471973,-0.40850977704289654,0.529837808704897,0.004904486179653563,-0.45976841937060237,0.202409325442909,0.11218318135170319,-0.20154084788515686,-0.46870308300763885,-0.13941380741917622,0.10344888279837328,-0.052987432841419296,0.15991485076629536,0.035870998267203504,-0.004699421471955253,-0.46371951169613074,0.6250293438486569,0.20300210622047848,-0.27310410457137124,0.05076608647669038,-0.47130596929501944,0.6361181373253214,0.08518735412818382,-0.08888901774871413
1.0070318772924167,-0.30840039148270104,0.7828686489222247,-0.3442657423785467,-0.7670924986021427,0.26370236511886164,0.6689601163040245,-0.17582785984908858,0.4199559976537873,-0.9911717836731094,0.23027837972342,-0.46769804504047113,-0.6151290037491661,-0.5490678878898202,0.8612849156273202,-0.1420369903243804,0.23445386291708412,0.7000169394564233,-0.19561270520487756,-0.5666299422887577,0.4276995643151954,0.39465859570820244,-0.1295602979279845,0.3415411963673043,-0.28486603626340606,-0.3027912038114672,-0.48714742799074107,0.5165932859552477,-0.0702132212795987,0.08623340944790325,-0.14597335212703003,0.3101772165535418,0.016246206397699213,-0.03310309946241305,0.11489027164274485,0.5793231021981481,-0.2474484012530598,0.000793116444026441,0.0779313115234014,0.5902766345708201,-0.13306125152930084,0.290368554754307,0.05602682808798541,-0.20343098090628012,0.018297102048939057,0.16200808771909697,0.20287435854353084,0.8154135561378004,-0.18500474212453816,0.447787796455336,-0.005180133127861063,0.771082471754402,-0.9646536366705096,-0.18807506357492712,-0.19433349604525896,0.18006453200577985,-0.17955722326693146,-0.10603377760522346,-0.20785499002812,0.22786100049314575,0.7032591684824909,0.010713649020952886,0.2949862717788518,-0.13879423428504323,0.634862978588015,-0.8345271006894288,0.6843759692253879,-0.36660654920963087,-0.53989929934965,-0.121232367970532,-0.010268406924254748,-0.2926505885418459,0.12684249421776628,-0.6196631723653876,0.8119627967361609,-0.29881694565896344,0.2801002111065335,-0.4393432087747554,0.5113170892342038,-0.6386484832374006,-0.15313092638354905,-0.23672567387055043,-0.7273295508089331,0.28105103742940774,-0.35240313477350327,-0.1334622303431346,-0.7360879674366133,0.9117427803422946,0.2806823296910366,0.08161738635377795,0.21300978510918223,-0.17469704923100746,0.20493818535827585,-0.2678202741896231,0.5840042385020752,0.23662401102023473,-0.6949935484111207,-0.24310538994974315,0.2581743118197438,-0.37439472635785004,0.16139334563926833,-0.49709718303234796,0.6323151444314391,-0.3801554234437718,-0.35726197090192024,0.4217093477990405,0.6587536562311862,-0.8238340240804443,-0.04346115138877242,0.5603968603024104,-0.06316224206549513,0.14673611444361734,-4.0528416055123146e-17,0.5508069377705394,-0.7254917587206697,0.47126427812641336,-0.3833977810607255,-0.31594298003413207,-0.05019828661790535,-0.07068858736389497,-0.0801846490884446,0.03560988363325401,-0.4575418167875796,0.618067701948927,-0.08272752500955886,0.3636927160763444,-0.5148574511301434,0.31053633178599455,-0.40902090014694176,-0.1344657918742742,0.2681021085397946,0.3302716560426196,-0.4135575000905353,-0.16793725083790026,0.226198854364444,-0.10742558396048058,0.04661200084993955,-0.2445859672579651,0.32159110125937945,-0.10828722457430236,-0.36859303430799084,0.48679948961843056,0.40648040050399903,-0.5353930032921627,0.004915814184066766,0.4611642309040389,-0.19662832792990814,-0.11721079372904829,0.2240397975629078,0.4691390293742412,0.14447946859801286,-0.11309432032795141,0.057635436337932125,-0.17969361132575157,-0.041445703209332475,-0.0013907931341844912,0.46767904260866067,-0.6429413028501498,-0.19975956058556726,0.274808967946838,-0.06379301695739285,0.47620222568119147,-0.6544006003595577,-0.08673694020378947,0.10200352244475507
-1.010302444541716,0.29609174598950944,-0.7945871868794695,0.35645030720388887,0.7676209581399553,-0.2616990567851863,-0.6558450038309305,0.1887839899987653,-0.39568477395915214,0.9878327386109649,-0.24405249870977438,0.4990891978291876,0.6382018788955861,0.5706058787998395,-0.8730096701601041,0.15904485464398263,-0.21523203337525307,-0.7053900644054348,0.20225338685276464,0.5635092815566065,-0.42310754486558055,-0.3854036094229388,0.13797367104999136,-0.3238059524642385,0.30642041424187294,0.316506432746323,0.5119896834511813,-0.5281801393857728,0.07948293067829042,-0.0736935345866847,0.1540371136240345,-0.3305978471284697,-0.015975999888871183,0.03714577059293865,-0.11953101040604648,-0.5988561785818295,0.24901355739932113,-0.0015875113388979644,-0.0864198111970207,-0.5965489099514818,0.147820233208677,-0.2792293335733792,-0.05988451860522034,0.202194680762735,-0.022071871095153055,-0.15343399977203404,-0.20151747817137802,-0.7604958846884958,0.18626906930575923,-0.4200305122778689,0.004784909948933156,-0.7624498550360138,0.9591058313877554,0.179732666381957,0.16874645694668614,-0.17116843456642478,0.1628434155110558,0.09820044518659571,0.1947824903243634,-0.22099503360912204,-0.6692166848669534,-0.006613884713078744,-0.2781483215342573,0.1345797588768351,-0.637310304960686,0.8332461302348082,-0.6435382297205271,0.34518481345122465,0.4919931120340563,0.12689867104515237,-0.04053927240367341,0.27088698638290004,-0.12455343081854457,0.6141102693805219,-0.8016743661337108,0.27390522595434363,-0.2759841327162654,0.41294245301683685,-0.49405563294609306,0.6207363498300603,0.11939590319349092,0.23409971405017413,0.6677856559223638,-0.2790496581641797,0.32403123513614424,0.12790494126942772,0.7213384903697317,-0.9050876133358929,-0.28325786895987803,-0.08230149481680858,-0.21527865735287416,0.1752885755506225,-0.21590377363223995,0.2746159754078674,-0.5724174835022692,-0.2220233479406714,0.6547862653960028,0.256930516697921,-0.31178414551741457,0.3705330914877296,-0.1639790521842742,0.5109579511452333,-0.6455435376965911,0.36024895634058296,0.364499442510414,-0.452208551025615,-0.658085194926839,0.8277509414420704,0.01144487491570062,-0.5247819864696467,0.06572114096867611,-0.13111436126188344,4.13368525944232e-17,-0.5477897016049288,0.7230401087409977,-0.4380722937720486,0.3523689289905346,0.28672486607252995,0.05441843767801499,0.033584567372081216,0.06532137499590929,-0.03590802624370852,0.45046334548016814,-0.6077782073993523,0.07163688663534809,-0.3542214415934465,0.4938818300092377,-0.29929557964670916,0.3950470551370976,0.11003425179276825,-0.26401729077951036,-0.32394395352755273,0.3929448921205205,0.1788269262592407,-0.2592625263550937,0.10653266712617367,-0.049210505150347195,0.2531970355896667,-0.331291976620273,0.0981754707094576,0.382825525708294,-0.5111027414090831,-0.4101725492712411,0.5413960937176222,-0.02424302294879333,-0.44769517022274674,0.18376764135221962,0.12190150374776168,-0.23332095852374132,-0.4408389835087897,-0.1536668148031243,0.1533523316005721,-0.0569582800663014,0.16680049926749876,0.038329224524093805,0.009295029534044472,-0.4785352576572837,0.6559196231546679,0.19895763815548517,-0.27408275859466774,0.07079530607402874,-0.47439719761792576,0.6490584971951749,0.06122152653239831,-0.09563680919402215
1.0226802605221548,-0.3038927618146337,0.7975762165699365,-0.3398025810889762,-0.7768635672024468,0.25889920738888506,0.6692772889735814,-0.17881649864350238,0.408217381147057,-0.9967811238423661,0.24406136483444404,-0.47945614631208566,-0.6420597958113836,-0.5573295999568635,0.8789083982183052,-0.15219611814195677,0.19742024243819686,0.7048541593270731,-0.1887252092771223,-0.5663995261756933,0.4179549471862199,0.3911575134386351,-0.12906244199180214,0.3392153057319888,-0.2928287061285908,-0.3153373079565166,-0.49644072270124745,0.5257280570648726,-0.07602161532945612,0.056545140332285394,-0.15087651758546208,0.306559992348425,0.02174068317184839,-0.03326360825905208,0.12578557487458455,0.5859092587314658,-0.24746334094223446,0.003348783368149929,0.10632000910227041,0.5872380201055066,-0.1359791396954174,0.2724444626296398,0.05407547127894985,-0.22163016994731333,0.026232152208365413,0.1601916418158392,0.20597391451276198,0.7900058507035429,-0.1863608978417328,0.44172521981279517,-0.005176952320637256,0.7727980278590281,-0.9646146664896283,-0.18613738105345407,-0.1815264590785502,0.1770649001712355,-0.1718138042664655,-0.10329659571046562,-0.20162980206955206,0.2226956081722397,0.6845544715053357,0.01112430795920694,0.29235241738118567,-0.1388338883916089,0.6387107355568538,-0.8345089673266343,0.6620374945374927,-0.34676650375861023,-0.5152869891146118,-0.11864185618907902,0.0051672396235617314,-0.28837120714246794,0.1258936024241914,-0.6196296734642713,0.8071435230681424,-0.29039082683422573,0.27287566292847776,-0.4205203733851958,0.5048405297843482,-0.6292107042773416,-0.13980965058754094,-0.23898720857494413,-0.6948975939821596,0.2822129742472627,-0.3432390659477826,-0.1326255098488217,-0.7293872478661861,0.9092623124452697,0.2850992403961533,0.08483988374940382,0.2176666823437041,-0.1782528756692221,0.21508049009930183,-0.2699656997788055,0.5833522911553728,0.22343813793689163,-0.6765170717799908,-0.24473625842799174,0.299729344478833,-0.3788852332806735,0.16341184788018676,-0.5129129498673897,0.6415804966264895,-0.3768047076959181,-0.3554134816170543,0.4404140996822563,0.6633850196917334,-0.8280064932589053,-0.005627727937401919,0.5366317214311072,-0.06376198896137839,0.14250630729357086,4.08799054332085e-17,0.5467157183529044,-0.7242968637750398,0.4482933714426205,-0.35636083313501704,-0.2978027823339877,-0.048123484119700036,-0.06432623778416192,-0.07670503959415081,0.035384597968246015,-0.4509993984187997,0.6127089374696253,-0.07908361193965671,0.3502777814978324,-0.49806583872432386,0.30339887779466973,-0.4019472063499313,-0.13048772766207817,0.2665676872890744,0.3187551624100971,-0.40025634882639727,-0.1692526667348027,0.2578561750287203,-0.10866305061284835,0.04755801768022536,-0.2514664202444368,0.32915071966000736,-0.1062908731707914,-0.36969120946229445,0.4987023410547328,0.4077776779396509,-0.5402297452485313,0.034259712064635676,0.4433023618439075,-0.18643636800833543,-0.11748594093912865,0.2473623999249475,0.4426906772318009,0.14098054084930742,-0.13302516071869402,0.05803269501375011,-0.19107568065736064,-0.043412127721447855,-0.00309053613238366,0.46608064176445396,-0.6482122652145826,-0.19683512677923168,0.2743383147203849,-0.08828059935348545,0.466420389782631,-0.648245239543088,-0.06628627768706721,0.11633896492177714
-1.00851830260181,0.29543391486547554,-0.7919017031463126,0.35930190782963156,0.7647320273167822,-0.2624651465748653,-0.6536427811712204,0.18835144345850702,-0.3988083720971922,0.989061935852477,-0.2422942236297538,0.49877405129444574,0.6344801927133813,0.5725969297250761,-0.871871581801543,0.15695064193057331,-0.2271113875778651,-0.7056469859263607,0.206260084095234,0.5641150692463294,-0.42513738962163067,-0.38562786498399615,0.13874086403836514,-0.324584862122439,0.3053224151754084,0.3144769822824142,0.5126672182854799,-0.5275687302707388,0.07798868269370424,-0.08251801629955786,0.1521623824788093,-0.33380254268053894,-0.012647202641241011,0.0372349687093804,-0.11632283944857279,-0.599307068720623,0.24989603450683573,-0.0005155309997839883,-0.07868638648407365,-0.5980156736785828,0.1477846570443461,-0.2855330164044129,-0.061108079730107366,0.1975769469824879,-0.019649095391390252,-0.15368098533302396,-0.20147030200215155,-0.7709005578122855,0.18579924269818124,-0.42405144637935793,0.004796619198600414,-0.764457338683261,0.9650971550719659,0.17969073402885136,0.17107502966883648,-0.17095988112295363,0.16421623764503177,0.09819889477737294,0.19523749681812122,-0.22194259299809993,-0.6770983995101479,-0.0068774713759294686,-0.28053841911850896,0.13434367932368835,-0.6378885628772765,0.8374762478693789,-0.6507471080267602,0.3517011249947626,0.497928643327704,0.1283771916506952,-0.03898754484369199,0.27319275822484074,-0.12405770102335621,0.6143672002438385,-0.8052793840012743,0.2760853337155955,-0.2781447880026307,0.41885172752064886,-0.4945657104160958,0.6236038106844566,0.12205484444353308,0.23450503707549408,0.6800236630597644,-0.2788987558558186,0.3286166282190404,0.1281542734242654,0.7257928032498595,-0.911870569215617,-0.2848465021952342,-0.08211138317089335,-0.21626428769224906,0.17532495301400147,-0.21501294527237608,0.2772321186810203,-0.5768789460644139,-0.22796753818511098,0.6640770502959481,0.2580995761524793,-0.30369812998784973,0.3722692174894716,-0.1636424833109385,0.5098512824745687,-0.6490037424890683,0.36387230152105077,0.36803573852596483,-0.4524506439910969,-0.660132587497635,0.8332535107939238,0.02195730990840078,-0.5340673396852473,0.06522972817087341,-0.13365237213250394,3.6011960931532024e-17,-0.5507126659525527,0.7275333098608392,-0.446015826332211,0.3608307684575073,0.29186158527997613,0.05596718673323033,0.03300388523771523,0.06754612681806876,-0.0356472872551111,0.4530811424303797,-0.6116161400862619,0.07303946582843143,-0.3580708142519383,0.4998011130664601,-0.3009580623548358,0.3975884862854833,0.11027382851830993,-0.26623508243225946,-0.330181743856351,0.3992892110308265,0.17925919824978653,-0.25233870957771437,0.10695395779933477,-0.048768244679506655,0.25263855925345224,-0.3318587228994853,0.09992363557119435,0.38533284136403717,-0.5129388444550835,-0.4117338948726433,0.5439317848273296,-0.016007505072189773,-0.4556206205264087,0.18796415120008741,0.1218048849419315,-0.22718829847611388,-0.4502113912960333,-0.15571365517477706,0.15008274079054848,-0.05611985177849974,0.16257513734793333,0.03752136893000994,0.007949020047562967,-0.4812846244348374,0.6591932338103343,0.20067679396117666,-0.27591073657710385,0.06375760358637012,-0.47828737665798793,0.6539855753186842,0.06675043006705975,-0.09119285560857252
0.9686444751551574,-0.3441476867812116,0.6786391271351977,-0.33037087979027635,-0.5375231965986468,0.21649051147432943,0.6261222882236512,-0.04067481518043343,0.3792346748303115,-0.952019623284616,0.21834900447766237,-0.4591152702619354,-0.5866542525983112,-0.5412466483599344,0.8256238178461691,-0.12887091438779166,0.24047033818120572,0.5894148740878654,-0.16158260983267306,-0.31986650944443507,0.4050732825650919,0.32204197298661474,0.005809566873118325,0.2872896597064513,-0.24718814765967764,-0.2898471856844405,-0.4280018637392314,0.43729919452892496,-0.08111907048114737,0.08298923780029238,-0.05468634516947116,0.28721191130763246,0.015176090788958093,0.024674448896665396,0.09773248644592902,0.43146656848622345,-0.07895017489405666,0.0468789671708923,0.09623887013931336,0.5343821452060589,-0.05153019383200592,0.26564859429958815,-0.04863172898906604,-0.1678028893677266,0.040356636262009964,0.18779693393600247,0.255008523217031,0.7818009451130388,-0.32313365718830295,0.45436721109308026,-7.4120113135743e-17,0.6802152770328138,-0.9093078203344049,-0.22217330116414227,-0.21371344575573462,0.2190183440103039,-0.20340350250433273,-0.12139009617389415,-0.23378640392132657,0.2495415810079167,0.6347097587644168,-0.0848795906151075,0.26133885899978426,-0.16483500827030084,0.48727178911050906,-0.7369060147230821,0.5440490368272012,-0.3297001014785695,-0.5053484629757276,-0.1991687512994423,0.004049780391772922,-0.17991899968167638,0.208870426694386,-0.3910360318835782,0.631106199816927,-0.2936985087927424,0.17110659258774807,-0.3811184868474158,0.43968448348631733,-0.5877676565245903,-0.22812837685418993,-0.29296444573316954,-0.6793714495364999,0.4313259025593937,-0.34163415841459827,-0.1600686583704629,-0.6435557577487978,0.8470799322115586,0.29709947509370205,0.08160467979867704,0.24491249657507266,-0.21735643563964394,0.187259118063123,-0.2682805196501369,0.6266514299680992,0.22148499455750764,-0.6663677929888348,-0.21839366610889435,0.23690546315834363,-0.4557414788162968,0.2754228724420981,-0.4549591993020723,0.6309367112675538,-0.3872797513935089,-0.319631741920838,0.3952925794700241,0.5797812803207949,-0.7750482385207592,-0.04788987975201972,0.4703365205564984,-0.16861037732191594,0.08685974819800003,0.0,0.39665079389881697,-0.6128520392201804,0.3014674615773376,-0.34704889898114893,-0.256980452490404,-0.11337400000776642,-0.061241391397834584,0.0687394165471477,0.09212461538707756,-0.21359445983620978,0.4147687329631401,-0.0474580569859094,0.27174071887610424,-0.4635171366830714,0.21672036093687022,-0.3348474708324302,-0.19937412792393053,0.30200154675394447,0.3051063266733047,-0.34895247921115924,-0.10161622362075029,0.1907941179592677,-0.16514956371714087,0.12509555736304742,-0.2182599032506312,0.32511274135158486,-0.06444305970858201,-0.27607260040409826,0.43279089466296883,0.29428350098839534,-0.4546877164088035,0.02849646563715521,0.41840028469851415,-0.058658689630634725,0.007665019016041785,0.16161452498444964,0.4241855073408023,0.14852540714078152,-0.10105477785108226,-0.028593899615656344,-0.14968153874378698,-0.059221876330520076,-0.1412329184169743,0.29819095988049005,-0.5387980080934043,-0.039218276279991714,0.13009187169101202,-0.12505222684369185,0.3524494741134483,-0.5803594703291655,-0.11924363853323207,0.1634896026624725
-0.9886661952388848,0.34791950468456223,-0.6885931162162431,0.31663962308829735,0.5494092257018492,-0.2108590284626584,-0.6381424491533844,0.040599938248292125,-0.3715002804863621,0.9636903339819519,-0.22400735219651935,0.44403805824602266,0.6026335476183631,0.5322735381532493,-0.8422933679085864,0.12770388629068405,-0.22031548626572903,-0.5923677839320516,0.15238008901824376,0.3234584092747605,-0.39284356558729405,-0.32561183960887313,-0.005365718823958977,-0.28458460082414083,0.2375239972890792,0.2952438426385541,0.4184970306070488,-0.44205902530307056,0.07974514828883662,-0.06927407187200584,0.05375013997724267,-0.26517375361415596,-0.01684702030098051,-0.02266507420322844,-0.0962909939793372,-0.42431582959788694,0.07909413655879093,-0.04621864152580441,-0.104014046142728,-0.5232013625887272,0.0490942144154666,-0.24699466744654605,0.047838403161422856,0.17429498375452693,-0.03893855643497017,-0.19398544250927308,-0.26335963625168274,-0.7903152031108754,0.33300274256442425,-0.46786379968672415,-7.434431869483088e-17,-0.6906084313074775,0.903371228222582,0.22778668436440727,0.21599059180805247,-0.22498548255138842,0.20601748534654024,0.1252094447844047,0.23506452176043383,-0.2450117391831019,-0.6347902937158211,0.08558114233529607,-0.2696926789231619,0.16998756920700206,-0.4918147288839499,0.7281460530813701,-0.5458347107378573,0.31839797356541594,0.5101152256899709,0.1887262312055973,0.007645850997554814,0.1889738458207627,-0.21493926538421787,0.3974511682352937,-0.627138969927757,0.3019864059680475,-0.16650338106253604,0.3684716986294278,-0.44575869781210187,0.5830881351550292,0.22240510590404544,0.3006589105497829,0.6832257500762515,-0.44283263826848185,0.35160755492356666,0.16526574134244953,0.6481054758531318,-0.8373221695322348,-0.29734820404177537,-0.08507855296647773,-0.2477927307827774,0.22436902976743517,-0.19049241902896752,0.2633689757596074,-0.6312912778771963,-0.21535533156181738,0.6733084000882369,0.20808853888700501,-0.22961493866375937,0.4644631035411972,-0.2837014180399007,0.4639680769443888,-0.6248493902300037,0.3985961869217352,0.3113736155016337,-0.38209353287991366,-0.588363296240234,0.7696263895292413,0.03720944028699019,-0.46751050536128397,0.17128856627741237,-0.09356643570896393,-8.233446746782685e-17,-0.39670788408735796,0.603477645814916,-0.2993430368267624,0.3341102623177065,0.25698047702172644,0.10628348522361264,0.06936284226464512,-0.06250299504652086,-0.09415364353432193,0.21506810178566832,-0.41181511592120784,0.05143145877145766,-0.2622392586324598,0.445162421123798,-0.21806179780338159,0.3317186919117913,0.19605226575606502,-0.3016955814892593,-0.29276994656668676,0.3488833186489785,0.09613275629187405,-0.18730604426653594,0.16764698060645183,-0.1278254130424466,0.22078343179435642,-0.32081237485024533,0.06982467394839198,0.26767087360153136,-0.4154038782895569,-0.2960463167082308,0.45034984537871825,-0.03484801915294127,-0.403067380534537,0.05755147177994379,-0.007034251920745434,-0.16469196361273672,-0.4102617062908431,-0.13526017059867604,0.09042260115071071,0.026472760143711166,0.15472066269181256,0.05684488389987597,0.1387952840432633,-0.2910593784303233,0.5201240045650514,0.03913632154933797,-0.13097653739694262,0.12800297501451932,-0.3428309947619782,0.5605444725065474,0.10924653700470667,-0.16546072185272978
0.9342930216320442,-0.22389278187036102,0.9100280080311275,-0.3889880213573952,-0.9930127032924786,0.22276346432152647,0.6996968823784864,-0.19481397174862933,0.4659372498089908,-0.9255004041720308,0.2308693971063657,-0.47174777185727607,-0.5791008436040609,-0.5351944324558847,0.8183687308570696,-0.14575528396514137,0.23656728733698973,0.8461385019154527,-0.27227822975463073,-0.8448924920880412,0.3489203483709621,0.4969992121751787,-0.15805197103421298,0.40486163997550767,-0.3633744952423775,-0.3186813303025104,-0.5763408026336332,0.6242151606421606,-0.09383009879295835,0.11528739144348338,-0.26029118622704517,0.33530421828492873,0.012570801246233413,-0.03768196569166062,0.13676974508530754,0.7069060401619601,-0.43611102880138025,0.034164777457227,0.03736550751592649,0.5959335203652146,-0.1463484173357948,0.3233092439417533,0.06148514834479224,-0.23095867930797037,0.023361196989143445,0.11575494624609535,0.019256555441969466,0.7661851481681253,0.05930200699965158,0.40547635901536266,-0.07408420647489727,0.7286469884172189,-0.9547989512655811,-0.1173632301434573,-0.13541365911897202,0.10881900904714627,-0.12476728407659658,-0.06893603445250245,-0.15047540456296934,0.1710791457489988,0.7543035185459774,0.078228660372524,0.39035417995548843,-0.08658146082661218,0.7137381935168445,-0.9396047212686826,0.7896492832097993,-0.35149947277199795,-0.5429554527992787,-0.14360738588052457,0.015424661997143391,-0.4450996489100136,0.03432876836695883,-0.7620766073518307,0.9852331681120158,-0.32132724082929387,0.2582791284641085,-0.42986606171488023,0.530239845715005,-0.6781076636673136,-0.16429063943891936,-0.04767907226643444,-0.7005270414883994,0.013004223829953228,-0.33535210489260836,-0.028005416725533958,-0.703731240622861,0.9165036683826175,0.19905204903271134,0.02658963037224066,0.11122643689027532,-0.0351739102838219,0.183057169074355,-0.24081238338676617,0.44495984275481293,0.23416150132589827,-0.6337122233229262,-0.24838252458511062,0.2881001243710316,-0.21735536163257707,-0.0060245357804333995,-0.44238423625389184,0.5767954493326602,-0.31272813958439355,-0.3541367450216426,0.44427244011246125,0.6266810658383956,-0.8175718843284107,-0.035542435227427636,0.6544836416048878,0.03163728031407877,0.2886202187904881,3.91902825763915e-17,0.6515284772673532,-0.8587705254074088,0.6433393245620611,-0.36276290675898387,-0.3844262535303865,-0.08740246507205128,-0.03681525185699022,-0.3012413998566142,-0.018582895537631112,-0.6446594535978731,0.8423680597649005,-0.16952782674701336,0.3225813943036516,-0.4922288314060087,0.38269046873359713,-0.5044189262166369,-0.15133280580024122,0.23291167622886294,0.3218484921521954,-0.4828271146593956,-0.20722206401903875,0.27962513687804136,-0.08715360378951471,-0.023339524166348734,-0.24187698853652742,0.3191283144903195,-0.21292154396595706,-0.4117779549038805,0.5456201563976825,0.4806470243107086,-0.6335340848554153,0.006459349895776343,0.44546492793078785,-0.33779959142592125,-0.1725895666038522,0.28796525494256897,0.4566634803667123,0.15783867359717962,-0.13688454296381963,0.05723798016243055,-0.19140378403551067,-0.04899871700047291,0.171040764667166,0.5271934836443379,-0.7181163437472537,-0.33350749434319227,0.4339861524209229,-0.06257286631452197,0.47984285684275657,-0.6836108812398047,-0.09244699086560229,0.11543562108482198
-0.9443854381881572,0.22940118003655086,-0.9236397493253125,0.3704556218177971,1.020058493668131,-0.21785504436823475,-0.7164744905882339,0.1812428795208543,-0.4546939211606263,0.9350127778363276,-0.22772990146530145,0.43011190360751694,0.5786835772623432,0.5148411856208766,-0.8207039233255963,0.12982164856769254,-0.24092449755026948,-0.8591549877850889,0.2623002767396096,0.8693664652470504,-0.3407532694814068,-0.5100061222315163,0.14790906680657606,-0.39165815915328756,0.3313314838657047,0.3199936400641212,0.5560652146695662,-0.6299039320301049,0.08326474410316331,-0.12598673788230455,0.23757536592537537,-0.30117772669811804,-0.004373028873851388,0.0316200982913894,-0.112578433697593,-0.6895884184023722,0.4474380580824143,-0.029165419430715933,-0.018389551655003285,-0.5799168895293008,0.1287542088956949,-0.3034584852536162,-0.05901493237724744,0.21236332142206577,-0.016268002591325603,-0.12025582014061942,-0.008373811751634827,-0.815631203989425,-0.08752759513481588,-0.4413002120569834,0.08319676858375313,-0.7401627287030897,0.9520075010766255,0.1196482000861897,0.1509524716051389,-0.10863047331034574,0.1349376232155919,0.07102480393584376,0.1567142887612457,-0.17335300516978427,-0.8009987192151288,-0.09464964220805022,-0.4296742873220683,0.08772209061942626,-0.7255103512271468,0.9351261203740548,-0.846652664596665,0.3612630000454901,0.5861571116654338,0.13381199112133937,0.019256988556766077,0.4968525971641752,-0.02345893996996909,0.7826735725070891,-0.9861493352270686,0.3539923074020417,-0.2554367057273858,0.4320864593147677,-0.5455705597107489,0.6822002949037975,0.1736609925974957,0.03728929485167534,0.7527669416159898,0.012970712151436699,0.3713618125974096,0.0221354341631404,0.7162857164473796,-0.911880435926655,-0.2004957744718622,-0.0262376323832802,-0.11098057291079211,0.027339273802337194,-0.17963458611528957,0.2317041559038251,-0.4599242054420905,-0.24366328886068825,0.6709207734153034,0.224978281224122,-0.2255056165815197,0.22269548639960215,0.025084712351276555,0.4415115079564794,-0.5610247077088094,0.3381497421590626,0.34284299891001024,-0.40641524444930266,-0.6317904634760803,0.806103229377053,0.057955309417579946,-0.7021556073355046,-0.04658964618386528,-0.3276435485058554,4.860687076432925e-18,-0.6640720699081816,0.8535191179039222,-0.6962772373092163,0.37851472313241885,0.41680914804846925,0.08186079121681712,0.05950808935095792,0.35001587858079497,0.027656249598954942,0.6639441836519406,-0.8424250499421928,0.1944936804457497,-0.31978651629025995,0.48787902650429893,-0.3942022406565445,0.5066605929796811,0.15578798949845718,-0.24355176313331908,-0.3280964312919737,0.5147971952043842,0.18804893138962908,-0.22619371842312674,0.09187745080407934,0.03415798283236999,0.24281947601247322,-0.3110626320747715,0.24021737921838154,0.39804950998167166,-0.5043718023153502,-0.4868756090969343,0.6257718992199257,0.014661176442130597,-0.45664237612305164,0.36591171995209265,0.15808013100654528,-0.24494120056253485,-0.4722769544988237,-0.13962364130836222,0.09412907945715257,-0.05161079508547112,0.1779010339798045,0.04230804263261085,-0.20208032107629267,-0.5149035274538329,0.6756220953663036,0.3426408933810469,-0.4329870744307607,0.04230588279174134,-0.4707444836070949,0.6570986984167612,0.1004405733089464,-0.10551551081283635
-0.15710587724258546,-0.07247185470518921,-0.4305185382468591,0.10904787177196754,0.4735204756992375,-0.026688628620305795,-0.1943399065571643,0.030603254412464503,-0.0644798149057758,0.25681259917598054,0.299005060308929,-0.0017971658971872178,-0.2977683982261915,0.07510456698880036,-0.00232716901400445,0.014739893413134284,-0.01994019308208107,-0.5658167286544966,0.1774257203347336,0.6366801662096517,-0.008981260552945364,-0.31875058820298396,0.05682491883438932,-0.11459998793282648,0.20261592245554053,0.08523043878771652,0.1550156735887094,-0.37624629912124324,0.09863619088837657,-0.17736073412226716,0.201265642074887,-0.05182510953879034,0.0038383916078887467,-0.010581100855024927,0.014578172267815312,-0.1757828578873435,0.3753535252818273,-0.1024297987452347,0.18231107211826203,-0.09329965076696692,0.017133870225273917,-0.03421199181175002,0.017779924037224552,-0.023710887831866853,-0.002165360093816763,-0.04704581222937201,-0.05708457949756327,-0.12323513085444295,0.049487386967129954,-0.10757358285160529,-0.0008747188385382164,-0.12020491108260056,0.1530699447770036,0.10258730763767059,-0.08950221623817961,-0.1189688953496489,-0.04163096232045315,0.05779214893385619,-0.06461392781538348,0.08991877522467943,-0.3773249056099194,-0.036443447186835676,-0.285087440948728,0.06821660244523287,-0.34051823813161725,0.44288764504628847,-0.4057827315711297,0.09560206895385792,0.1530489531300369,0.05942930864125236,-0.0556680210587988,0.31582232633979995,-0.058579456351031664,0.3719400113883294,-0.4816668347870171,0.13291988409145877,-0.041374683547016615,0.07015365569735213,-0.1488638161801408,0.18970646417929163,0.019517741845673058,0.0037751821963692925,0.201984062918711,0.008273221219643646,0.15335451786739,0.0021267337721309256,0.19207865371229563,-0.24424412674962517,0.23519500887789743,0.014009690244551197,0.17744551313152893,0.0025103505392462117,0.22341911509877205,-0.2840785546388455,0.2341380552372482,-0.060143190573197815,0.001815444260271657,-0.012937140838352306,0.01739224805798689,-0.18023058834317307,-0.002390929910303375,-0.22318569895800972,0.2838379123952999,0.0020116197680820317,0.04737133188208315,-0.05952173192378459,-0.001862631825016011,0.0023784068524465734,0.0008954118592065625,-0.44762514187561886,-0.027587083409934456,-0.3377429534511954,0.0,-0.4240284170603482,0.539810153666562,-0.49503554313269954,0.11301278593397528,0.2521678311042347,0.08800956645879351,-0.07860914541478155,0.3804801018085546,0.01554107296302807,0.4743635804374479,-0.6018290405481065,0.19026614029243236,-0.04065013359876785,0.07697459587785362,-0.2388747106756157,0.304099888330144,0.03166923564246833,-0.05754814810608785,-0.0016910295653388295,0.29765345295607776,0.07380988898804096,-0.05299067161317923,0.04331711764911785,0.018344346342002417,0.05906337074675834,-0.07266556255938095,0.22458603617548004,0.05729306084787539,-0.04202190428066834,-0.28196254115811775,0.35895292991440164,0.0388132284992892,-0.01639942799321299,0.2967600222383606,0.07031269688417426,-0.04849695231418879,-0.07610177810057876,-0.018967406360051186,0.01367562552646164,0.01694246149287119,-0.022419966839067003,-0.002543302766022751,-0.22860206656033882,-0.06975635169625521,0.057211603816108944,0.2821603698256846,-0.35925724374638435,-0.03900939080431476,-0.059306587223618076,0.07485800858696762,0.007999912817358356,0.0008064567281583587
0.15407717515147343,0.07424791521281242,0.4334766325495215,-0.10930365933860321,-0.47661893261950755,0.022743877575017973,0.19248887995762345,-0.031076273219856614,0.05289149229063303,-0.25390609268350406,-0.30229240177585737,0.005602931219975402,0.30163774675278254,-0.07007565587952642,0.0007896151049329962,-0.012982826385640038,0.026619818835390125,0.5686616290672752,-0.17742315868417705,-0.6400719440602621,0.0037113721143790844,0.31758582426190146,-0.057467323712403914,0.09998845176411887,-0.19868566461333015,-0.08648501731729434,-0.15252653699942395,0.37987589970214736,-0.09749577195796519,0.1786621908068172,-0.19665240089803832,0.04888519814211136,-0.0075599112867027075,0.010340199009788286,-0.020807695883009764,0.17224467087790085,-0.3792791338264548,0.10099898229910322,-0.18589113000435945,0.08766219531572651,-0.016050203669909894,0.02798496214079291,-0.01606020757119931,0.032985127005785105,-0.0009122941238166706,0.04570092373693325,0.05537653641098633,0.12023841398581508,-0.04720929128624917,0.10489855757072188,0.00039764145760360156,0.11736142475372435,-0.14889039073362964,-0.1018884862747048,0.09036205234718012,0.11862064589759239,0.04380326279531157,-0.05690262406032926,0.06577259413573336,-0.08743664432746472,0.377560146801071,0.03848318908188487,0.2869444892595816,-0.06806328827984705,0.3413505700453692,-0.43789388516845934,0.4054335287802255,-0.09216474766861636,-0.1504961476586992,-0.05900595839254547,0.06434876153086512,-0.31752215182533977,0.05774859350483041,-0.37256501993185126,0.47678021681444605,-0.13099125115375693,0.038481430531394974,-0.0579877328307001,0.1467000312890873,-0.18614552331104503,-0.01025760258634087,-0.001592695260704519,-0.19980457837263826,-0.011672053111775719,-0.15207872712305318,-0.0008894875463964433,-0.1895508118170998,0.23746299218453115,-0.23791603031510125,-0.015788474928460253,-0.1806204570805574,-0.0010639482500407662,-0.22559164245065408,0.2825487967729438,-0.23710815468880822,0.05850006736073785,-0.0006017381227821496,0.014399293355780158,-0.02618783354501447,0.18388929096671017,0.0010204032013520917,0.22578117525617486,-0.28332722968038426,-0.0007184352346879018,-0.04453806377733654,0.04959340135019752,0.0006349601336708544,-0.0008317341289488416,-0.007730682826003289,0.4486059269103164,0.03015637871463456,0.34058034887444794,-4.5871216337706927e-17,0.4248885886623212,-0.532461988931542,0.4955312850114568,-0.10918933445955777,-0.2505371837735376,-0.08723094883267461,0.08724990985043882,-0.38354591976526553,-0.016841717290737513,-0.4751969268961459,0.5940240619525852,-0.1902071201851766,0.037191116364259806,-0.06335976355926128,0.2372915381527096,-0.29736906975826516,-0.020899575534226295,0.05768993287632214,0.0013292184667488785,-0.2996765939286039,-0.07154006600142955,0.04509473671283216,-0.04370868032245924,-0.02014498765244678,-0.059449021699584575,0.07150505250773338,-0.22751362117004398,-0.055571959486421685,0.03581348017677723,0.283832997763561,-0.3556939078768668,-0.04220213255716878,0.01550981450154176,-0.2988049116639901,-0.06780559824988447,0.03859157971242566,0.07368272355005817,0.017671102199980877,-0.011234444706090694,-0.018318141770801714,0.033099980572667866,0.005145290108841183,0.23180497389373703,0.0673555388800048,-0.04846282499757516,-0.28423879038130173,0.356884346623278,0.044274816698206834,0.0558801116953599,-0.06232652072332057,-0.0064275079644359615,-0.009607741607751267
0.3723711850817959,-0.22693452013561494,0.07670656041032031,0.021772782638357357,0.22132227208335042,0.501450852343625,0.1748202475441788,0.16723410261715438,0.05801455694839264,-0.37909559711605156,0.38607230947754845,-0.2143927500618563,-0.9238740857269268,-0.23645849556751747,0.5138986006444061,-0.10791422758004188,-0.013986324655010762,0.027313965592893452,0.12419482215928271,0.3557733498472417,0.6088468584760801,-0.02070208656295669,0.1895761657104723,0.013394708653991838,0.09773213195910632,-0.45208598155783963,-0.08725455315601055,0.03510855246769923,0.050653604800324464,-0.31227328376299274,0.46402573835743316,0.24099018145701104,0.011483664278216834,0.09316347924214448,0.11956376529940191,-0.032984919844439464,0.5001561034068455,-0.23474637206767698,0.7104958008644024,0.47690783761448335,0.02095613255665127,0.22120507463389816,-0.10080521383346003,-0.20885783092393576,0.14560298001329444,0.05149061513012507,0.14403304810104228,0.26705301052359914,-0.20644607944124016,0.006113899917891519,0.030821098116360454,0.22222934011414147,-0.3918314862240098,-0.056855126686190624,-0.18610445948558316,0.025810666721272107,-0.16051695308738087,-0.023194120714423228,-0.19886872047126525,0.225043733482236,0.06231011689390836,-0.09254720796838889,-0.20258079132848567,-0.045610306023058836,-0.00922822946608265,-0.14934284425428324,-0.16195882861783512,-0.3213251720054579,-0.1387259519070304,-0.09642410640223267,-0.039723546037554805,0.37308924491690865,0.0721348030050788,0.24316667689157945,-0.11863278982463299,0.010357511969678102,0.2665453884679112,-0.43271272195625643,0.11029758757895847,-0.2085775020466154,-0.16443000847973857,-0.20818814200762947,-0.2427432623904573,0.3606612851047529,0.018613408021653927,-0.10827825203611254,-0.21308959093195518,0.4040695189019421,0.3857668581759398,0.07785202688053819,0.26100574280599736,-0.1573372027673366,0.3326501453022621,-0.4052759147052424,0.8495755513994931,0.15134194664887027,-0.4042603632460536,-0.05237582982573466,0.24560790152806067,-0.5375221003066031,0.22884339438903042,-0.7654078879738326,0.9508831705993306,-0.13555886548377488,-0.11648447508688606,0.30927209492870367,0.3568231741383745,-0.53902196013283,0.14484940527380735,0.0204579678104006,-0.1835276812849616,-0.24845887786063553,1.2629339663584553e-16,-0.03972545253866194,-0.14298671494705928,-0.2174749722319232,-0.33657696326527525,0.016500888120142915,-0.02262731126343151,-0.09034543913374384,0.4358375575346575,0.09939684734179038,0.30721272449527276,-0.14726228762211885,0.14937283344204993,0.3461243859586794,-0.49739610819097113,-0.05138031554758546,-0.043624054471452234,-0.1313992877120581,0.43913781285920755,0.2327458181890656,-0.026708464957059364,0.07286314398393783,0.20586347897913168,-0.2418569206116525,0.13706556477863396,-0.38671837648051777,0.5114885377545397,0.1794213698917757,-0.08533285641397428,0.36172748458246,-0.017292058999839932,-0.12080169130790391,0.24612782180089673,0.33040273804833475,0.3928636569650614,0.21609694603503996,0.1784105879178767,0.370739811967266,0.13615757330594846,-0.11507079226381425,-0.07006792676410842,-0.17551103873163487,-0.05805457257125445,-0.4545683646805148,0.08069174769927068,-0.46260964566399876,0.431098769521627,-0.3776577046500436,-0.38975082661918825,0.2897359353621619,-0.5582505472886732,-0.09319938178937032,0.24454234940370617
-0.372208093096582,0.2337398180275971,-0.06623313811267872,-0.03064232086467672,-0.24596871394164943,-0.5001362480297299,-0.1759786022976939,-0.1610357752944432,-0.07536458073307645,0.37499944701589955,-0.38856214374881026,0.2128297115189662,0.9340741534677435,0.23644902198024095,-0.515663335755338,0.10727819927478463,0.035588416139337914,-0.014981774353043376,-0.13345100501892826,-0.38078699694905993,-0.607667125480483,0.026051095499876997,-0.1845154069165985,-0.029728418236223186,-0.09554632901014987,0.4553616231937974,0.08379159369901718,-0.02768580496397416,-0.046837157653556574,0.32520536051516713,-0.4592284333590828,-0.22733107813907644,-0.02009162051875569,-0.08422043104500096,-0.1379609109096816,0.04207179888051904,-0.5204201894556441,0.2265310412300248,-0.720772776816151,-0.4758397036989191,-0.016411373361434056,-0.22719044278834227,0.09910448496330017,0.2290968020985361,-0.14611014421996524,-0.054388613940143576,-0.15337735986859993,-0.25325102839360975,0.2313768186624407,0.006131199207682181,-0.034873629252473205,-0.21743629855470975,0.38830226905673204,0.0588880338943069,0.19265361198190928,-0.026005891889762683,0.1656307112866416,0.024929702617110576,0.20195764366536179,-0.22413065487323533,-0.03996081976865762,0.10784725549331325,0.22049515461774424,0.04747711836293497,0.01759673132256301,0.14659697433716246,0.19454868867543224,0.31717118706345926,0.13213716291719269,0.09120943985344956,0.05312747918251561,-0.401373653553978,-0.08241483181693857,-0.25681131806195623,0.12117028336693214,-0.017628975611912012,-0.26238195900585015,0.42794008133029565,-0.1093075726725436,0.20953468371992318,0.16887500601040303,0.2169865296405443,0.22526962373518167,-0.3857643788900238,-0.033565863232111554,0.11472425957815205,0.205119492160743,-0.3992435169139662,-0.3966272670325668,-0.08049589919971994,-0.2730723007513897,0.16392407511989648,-0.3350870794221009,0.40218756450409365,-0.8810962517829446,-0.1472810683298567,0.4014255029364866,0.051183796013210686,-0.26596554116981386,0.570237863323868,-0.24534159068275832,0.7749960146063917,-0.9537194954322872,0.13414190692332056,0.11473133670049657,-0.3222539148788813,-0.3552584113079963,0.537141621203226,-0.1610277167029249,0.004597566790490004,0.19879639625858875,0.2677504568335311,0.0,0.05056481385269401,0.1401500152824669,0.25251856681793344,0.3329325573296546,-0.0300346858327519,0.019595290886690056,0.09859823084784047,-0.4645920041063145,-0.10941036131567639,-0.32304658391315605,0.14829927668717052,-0.16177097947372682,-0.3401051602239863,0.48806035824609534,0.05638576090096914,0.04478084775103092,0.13572692548810283,-0.4545165543088755,-0.22482756098004691,0.009826207355258687,-0.06937878506992905,-0.23438612515976004,0.2591662744029817,-0.14810878185701656,0.3904556480591681,-0.5143497200655404,-0.19253837299493717,0.08351978504776028,-0.375581247739856,0.023913630909894346,0.12000303943593982,-0.26065130494330396,-0.3211945806341398,-0.4280762544478609,-0.2080235167236209,-0.2209606091278361,-0.36562214729271947,-0.12733851526370293,0.10627100837027058,0.06516486780791944,0.20030670680653354,0.05934576741240551,0.4857541437720428,-0.0787422238460902,0.48247685184627104,-0.4450917087509957,0.38120763641848976,0.40683420213744187,-0.28609153821447275,0.5631904001907913,0.09002452966632397,-0.25691135108624247
-0.0017657339840394426,0.11425697245196977,-0.11425697245196977,0.007760526865121372,0.022606558182145055,-0.2317883631158306,-0.016284754912233027,0.09728249697850856,-0.20289309158087876,-0.12581118706540906,0.12581118706540906,-0.007301880233099638,-0.022690293711486852,0.2600243177094363,0.015753535581612327,-0.10838130420730147,0.22613134309083274,1.0117971695690087e-16,-0.08045966708306633,-0.14250938086539697,-0.3103650939338406,0.14093462993705677,0.08160530684204938,-0.17605253209429853,0.08045966708306633,0.14250938086539697,0.3103650939338406,-0.14093462993705677,-0.08160530684204938,0.17605253209429853,0.006240041646397935,-0.1843056990535115,-0.001895192671993444,0.07404902575675183,-0.1548349359114936,-0.350510798717323,0.0075734246487919885,0.13748380683854594,-0.28789587162209046,-0.3301437615400439,0.0987067185165488,-0.19398383061313101,-0.13162781062487355,0.27535855747268034,-0.004985927026660978,0.02744986824546069,-0.02744986824546069,0.0002295100605644727,0.004906865631386845,-0.05753545140877417,-0.0034648353468065907,0.022250097487199725,-0.04753510348287419,-7.340983090361e-18,0.10579301128261154,0.0339255136129288,0.11964795386680917,-0.028958371103414312,0.07258338467704432,-0.0782516641317223,-0.10579301128261154,-0.0339255136129288,-0.11964795386680917,0.028958371103414312,-0.07258338467704432,0.0782516641317223,-0.01862762472472484,0.2227445689174879,0.01311150655489304,-0.08514598964881476,0.18254813283988405,0.09249647939964321,-0.0008943036434320679,-0.014524261681124813,0.04476095797569586,0.07579975956979786,-0.24911946311369848,0.3712120800275389,0.014311074275067068,-0.04027013992859665,0.06226447176396822,-7.841824977161207e-18,-0.09716113453690926,-0.00311880669775968,-0.05718312002537195,-0.0019723083340800096,-0.09952877679451207,0.12846090045571537,0.09716113453690926,0.00311880669775968,0.05718312002537195,0.0019723083340800096,0.09952877679451207,-0.12846090045571537,0.017342190133475117,-0.20412971698822668,-0.012280568885435895,0.07792393904028531,-0.16718045692042868,-0.01675898162594467,-0.0007462332234923326,-0.015263482409878754,0.017562473305560922,-0.0030838925866251026,0.25496527100378763,-0.36828087237353496,0.01416162996099003,-0.019630321884379215,-0.06822776449309904,0.0,0.0,0.0,0.0,0.0,0.0,0.10806221048822975,0.20311778660802376,-0.11010197213199692,-0.1266732856974936,0.21811561976574237,-0.05707888514971471,-0.0057277919727816325,-0.11476161916604016,0.14987504406746788,-0.06892246804957951,-0.28261957496926987,0.3969202872580845,0.11021357338933438,-0.1411429301719395,0.05595052503850729,-0.10806221048822975,-0.20311778660802376,0.11010197213199692,0.1266732856974936,-0.21811561976574237,0.05707888514971471,0.0057277919727816325,0.11476161916604016,-0.14987504406746788,0.06892246804957951,0.28261957496926987,-0.3969202872580845,-0.11021357338933438,0.1411429301719395,-0.05595052503850729,-0.26328650690275535,0.005993589080099418,0.10927646490179604,-0.22486864092773975,-0.25699047773018674,-0.10323102941893544,0.1087529021769823,-0.10431330823675558,0.21701559994012223,0.04303026661932405,-0.017121227810886024,-0.3373294370134869,0.4839372424220685,0.000573013717652812,0.0036063612540711636,0.08725043007395694,-0.3225498040052742,0.4652926629219804,0.05040814510615506,-0.08351329764686871
-0.0033243939585656033,-0.10800388055796861,0.10800388055796861,-0.012314188713279333,-0.02002846828791886,0.239548942915327,0.012356070527978364,-0.10254609884714712,0.18336304338026863,0.1262674256866401,-0.1262674256866401,0.016752183119671218,0.027622604555374197,-0.27015663587912375,-0.018682958779751534,0.11715047759896415,-0.20967093860191202,-2.95420836703036e-17,0.0765312052867208,0.13668817763484112,0.3216415767113564,-0.13766804929004803,-0.08889612043965414,0.15266074080917555,-0.0765312052867208,-0.13668817763484112,-0.3216415767113564,0.13766804929004803,0.08889612043965414,-0.15266074080917555,0.0013925536320674944,0.20641595732446452,-0.006940911426144851,-0.08279943367771797,0.14733626055061577,0.3628156356813155,-0.009891787135324664,-0.1462659713939131,0.26037139504668655,0.3421401295612562,-0.10821941931918776,0.2074690203921613,0.14088130950295366,-0.2511902279268428,-0.005976634988323518,-0.028493892373171285,0.028493892373171285,-0.00632795456669325,-0.006251230727246966,0.059563207560541974,0.0041308450393406915,-0.02909813057285027,0.05081505737162603,-1.227104422570977e-18,-0.10003762655187246,-0.03142472231405574,-0.11810400554554684,0.02829831591123782,-0.06641015408004085,0.07926153365126393,0.10003762655187246,0.03142472231405574,0.11810400554554684,-0.02829831591123782,0.06641015408004085,-0.07926153365126393,0.014968262823551811,-0.23534582806678583,-0.008218234031425499,0.08741057378892657,-0.1608012794010959,-0.09160042482154122,0.0016525872651337787,0.01752149094918595,-0.03865273716214577,-0.07627626935642266,0.2594313009021612,-0.376309872221909,-0.019270727517402483,0.038975490568699936,-0.03749130936750501,-1.047218653175057e-17,0.09676339031418668,0.0006772031423629983,0.05321909031667921,0.0032363936972447417,0.10109299431588142,-0.1329401170973573,-0.09676339031418668,-0.0006772031423629983,-0.05321909031667921,-0.0032363936972447417,-0.10109299431588142,0.1329401170973573,-0.021078375682110944,0.21409170103043315,0.014746820744675794,-0.07636450164459674,0.1430411175779933,0.013091268792191987,0.0008082035499166827,0.021487070944806657,-0.027957824010785542,0.0009500220377665386,-0.26567093548385073,0.37280518843758703,-0.017960778884365272,0.025044404088349726,0.04452664464882533,0.0,0.0,0.0,0.0,0.0,0.0,-0.10433874167832943,-0.21422950658330528,0.10746170062381948,0.12939725833252616,-0.19756511313455186,0.0558861776577267,0.004241838219595105,0.10991289179550616,-0.1447303180104761,0.06626829584135525,0.29498249882078315,-0.4029822762887358,-0.10794211101033796,0.14103032699823517,-0.028630271999869637,0.10433874167832943,0.21422950658330528,-0.10746170062381948,-0.12939725833252616,0.19756511313455186,-0.0558861776577267,-0.004241838219595105,-0.10991289179550616,0.1447303180104761,-0.06626829584135525,-0.29498249882078315,0.4029822762887358,0.10794211101033796,-0.14103032699823517,0.028630271999869637,0.2775188903990645,-0.007507522985431438,-0.11053002586134104,0.19727586880427794,0.27041076515634216,0.11722769944760686,-0.12043214957175391,0.10452772845866469,-0.18896505179788964,-0.035366340776431845,0.015303586890192566,0.3515473144819376,-0.4906172979425652,-0.0034150600985496465,0.00239368296988505,-0.05449668395140329,0.33607864992241465,-0.471409909725854,-0.05468578505033565,0.05262997738266043
0.9643152098548717,-0.20391336415539787,0.9121694540380095,-0.36086322499114776,-0.9977266868907618,0.23703011119617942,0.6912512107504688,-0.17782151501690435,0.44687380343689803,-0.952109398890799,0.22547590638305925,-0.4408284919369363,-0.5804538853847985,-0.5298317671732732,0.8314508147518155,-0.13086725146677441,0.25864424497174615,0.8529447130548805,-0.2630783428790732,-0.8623556313418905,0.3460677290581567,0.5066837450981518,-0.14789765090369134,0.386524786137952,-0.33261356743257525,-0.31577742585047447,-0.5566032013922638,0.6248615974438042,-0.08221237333899209,0.14017004240502834,-0.23888650448991577,0.30662839665430847,0.004856509888045634,-0.0323168312293919,0.107495461473543,0.6908657416785374,-0.4441713780729014,0.0283647500862172,0.0013827116372125427,0.584171776894551,-0.12986932636766232,0.3091047492335813,0.05951134746267277,-0.19989878672296593,0.012950780812521602,0.09954608027026482,0.03967132822080772,0.8194725902154133,0.045849717407748444,0.4453656569397467,-0.04936041567128052,0.7499562908849154,-0.9512942379204389,-0.10255195259717241,-0.1360332096827027,0.09329979431970718,-0.11864525903172882,-0.06092001816033312,-0.14022870743327326,0.15502925943778617,0.7900049494936435,0.08441623001899613,0.41153104788034484,-0.07512887522491433,0.7167175515149624,-0.9182367071614262,0.8307078301350046,-0.36809101714571013,-0.5689519938814986,-0.12953418855956575,-0.023761656309279792,-0.4720665611376214,0.018204142319010484,-0.7674859129478337,0.963007324953304,-0.3313848533506221,0.26646662444837127,-0.44021666327889986,0.5284899014133521,-0.6590432366485667,-0.17211720380339726,-0.06244502474496285,-0.7635934799208736,0.014650771908309932,-0.38503401014137306,-0.03709487674436026,-0.7269543238823858,0.9125534423497763,0.2097442566088399,0.03460007978001724,0.12593221994911172,-0.04574680787316724,0.18073836266408902,-0.23307180989151363,0.4723084138067615,0.24665455577584117,-0.6840000743106631,-0.23162548190978083,0.21508084991283277,-0.2428890333735756,-0.009820792763016572,-0.4452017473413616,0.5603185197973934,-0.3568821880485548,-0.35161416517727445,0.4032235923792294,0.6399277962723682,-0.8069846599868342,-0.07204969459661321,0.7013174704824222,0.0434335805789892,0.32223452026558774,-1.4544660596269393e-17,0.6609401402731497,-0.8428592184911728,0.6956589642249927,-0.3839361015506945,-0.41661101476800216,-0.0822513222128846,-0.05784499048632307,-0.34341230946907897,-0.025801308026125968,-0.6607013547081118,0.8324762756388666,-0.19142037113203728,0.32403950425481254,-0.48800115449465586,0.39262524338755106,-0.50069255237664,-0.1533661512985834,0.24270462572975451,0.3319980434759537,-0.5137804927019904,-0.1901420827410013,0.21342850145219217,-0.09095445008807271,-0.031819150910834156,-0.24050702848016672,0.30490584390455416,-0.236066856389246,-0.4002483726045861,0.49706681626139315,0.48420033039027616,-0.6174730315172767,-0.027376394259873857,0.46218794842974414,-0.36545871985993233,-0.16014326277153126,0.23172486621623625,0.47848932236562125,0.14303035680445345,-0.08945803545698135,0.05269533805208432,-0.16916203755940828,-0.040714148173036126,0.19755093184088415,0.5180172899418427,-0.6674788902346627,-0.34115447058842946,0.4287401222385787,-0.0284413298547296,0.4751529383572324,-0.6527842291033277,-0.10629644261748987,0.09609232939590423
-0.9707810882944302,0.2051584823634612,-0.918890531385219,0.3562554555401973,1.0056417721044508,-0.23551931054834388,-0.6963904168605688,0.17655292401345668,-0.44590256334405265,0.956977891609873,-0.2285432381533494,0.43868789103034556,0.5871669884149967,0.527787922757924,-0.8370695294888499,0.13148666601069803,-0.24796220529574517,-0.8575263254395503,0.25848057382660405,0.8672548988622686,-0.34370976784371177,-0.5095879230929979,0.14625505362863828,-0.38715973121271346,0.33136860386037625,0.3190313065550352,0.5550228338591995,-0.6283805393673828,0.08289394634020414,-0.1297327568271829,0.2389636839837289,-0.30011585516563893,-0.007506797204136907,0.03153006188797708,-0.1105029424321711,-0.6891921920330343,0.44592403622249766,-0.02942211737606337,-0.012833082398217616,-0.5816888038081952,0.12788686496268667,-0.3025830218933996,-0.05791317894109707,0.20660986066085768,-0.015298803416162474,-0.09992493845490456,-0.03846028464118597,-0.8215623253831513,-0.05001124475573169,-0.44922306810096263,0.050368121501737716,-0.7535347464324404,0.9508288945769252,0.10271165623847998,0.1369533018068046,-0.09294418916683644,0.1191784398159252,0.06103674957521596,0.14107403468350274,-0.15504404506285685,-0.7917619504855175,-0.08717941572154533,-0.4158802524108907,0.07526533475618993,-0.7202511747594519,0.9176705422515068,-0.8327115389425518,0.36417269091359145,0.5708642441251657,0.12711581945500264,0.028429443249096995,0.47748776912637797,-0.016301239869868887,0.7714987398088534,-0.9620017566664886,0.3344701589504384,-0.26451239446027425,0.43701745779273904,-0.5313883256266696,0.6589424366444154,0.17319193323428647,0.0614379614854081,0.7647255703790503,-0.011138422191548987,0.3885091844316618,0.0365097166858042,0.7292862463264361,-0.9117860178609031,-0.21079373899326073,-0.03503605677636325,-0.12666683545768878,0.04502068126718369,-0.18260788940941922,0.2336697884080651,-0.47431388441005534,-0.24366147593411824,0.6856426357943308,0.22924022761598273,-0.21982372655990232,0.24451818015559432,0.012658251227499273,0.4489940328963439,-0.5623249634441904,0.35996504283384306,0.3488321920452343,-0.40219743589866247,-0.6429237722139485,0.807000171686626,0.06368770152540212,-0.7018478000013256,-0.04569685799914569,-0.32606816581868014,0.0,-0.6628865441087994,0.8418865526590562,-0.6960359991551517,0.37959677895675614,0.41707543211194087,0.0801077525399934,0.06310696799284198,0.3480833902916719,0.027155512628401254,0.6626131344243669,-0.8308062769436703,0.19376711183894454,-0.32130756699455004,0.48465578568394285,-0.3939225738469886,0.5002939351506765,0.15569529397814316,-0.24345481929573018,-0.328261411542839,0.5143019940438359,0.18831008445611347,-0.21914443442872303,0.09173263958009573,0.03348587142462261,0.2422008062124807,-0.3062993866278446,0.23893714260334878,0.3975249284889796,-0.4955702531484538,-0.48575185597125015,0.6169199829228299,0.018904142799242872,-0.4572165429497002,0.36536935548391364,0.1589632102093645,-0.23922011419793357,-0.4732324450035388,-0.1393153692705646,0.08900923967248485,-0.05320232246337505,0.17647102286397678,0.04194477292110721,-0.20055708862896265,-0.5147580587940707,0.6653778292260989,0.34162285670013415,-0.42678109963765415,0.03799050174572553,-0.47167919274072645,0.6496417235688249,0.10253158000823576,-0.10285698213966597
1.006036855073146,-0.2944584074422943,0.7896099481838226,-0.3588331448844445,-0.7631318147771086,0.26540315045175716,0.654248457726765,-0.18940501029599585,0.3951512913151033,-0.9861972911418663,0.24124162688677805,-0.504771239281331,-0.6329408869939367,-0.5697277267778841,0.8687683381643087,-0.1599153650111197,0.21098264307077358,0.7034290673617852,-0.20401453404068307,-0.562826063550967,0.42692371057076905,0.3870652585818203,-0.1388639826378166,0.3256058844740462,-0.3101346624305413,-0.31378299797363185,-0.5108053109828337,0.5249868903789758,-0.08009486913882068,0.07083940625053065,-0.15713820232020653,0.3363744254336212,0.018391900606625308,-0.03799390473437481,0.12301084305964839,0.5991449085420819,-0.24739069758844218,0.0021414001713481786,0.08856518633428423,0.599697056313395,-0.14944912492787518,0.2794371833181811,0.059565109177984715,-0.20402817332990142,0.023090201104496094,0.15064929622049802,0.20281667401707995,0.7616067410496988,-0.18972338476591155,0.41748620250806406,-0.0008325177542791147,0.7616977032367986,-0.9588134222375141,-0.17760309367932461,-0.16918221879357048,0.16980582340589714,-0.16193752676990222,-0.09772696433734783,-0.19457991042644285,0.22146446055687877,0.6701042818756767,0.004938571057696838,0.2741679622279037,-0.13254967728599712,0.6360190235460386,-0.8322079683930941,0.6453892518780556,-0.3498288494074403,-0.4949930991602947,-0.1282957468435055,0.04284549640648504,-0.26663418738634115,0.12401290472940518,-0.6135066594381939,0.8018299363088797,-0.27172032075109426,0.2795433857092069,-0.4169253967878452,0.49519245945184814,-0.6232109978072158,-0.11866539909837998,-0.23494182606902925,-0.6710003411748128,0.28076186858649993,-0.3239391074817732,-0.1292778801424238,-0.7227300577914494,0.9083114683321486,0.2843904492231385,0.08210612477425613,0.21496760505906737,-0.17534302236120322,0.214889439179474,-0.27245175603877386,0.574351676437822,0.22183426812716417,-0.6572717375148784,-0.26111416525748554,0.3213556586370928,-0.37010051685969436,0.1643603843994343,-0.5093742854944122,0.6430187481112857,-0.36005091074469114,-0.36499442405532495,0.455430878793658,0.6576356642480529,-0.8278137052843517,-0.007331735629733328,0.5272096121478649,-0.06617811347370417,0.12935134708852092,3.111552324113005e-17,0.5485862646573514,-0.7254442255582453,0.44102329865178624,-0.35748855192133766,-0.29009964802589083,-0.05502920839278947,-0.03363720311643774,-0.06333162190917457,0.036414828150657025,-0.4519978189813924,0.6110735551194942,-0.07117620657403777,0.35848209662092245,-0.5001597413135912,0.30186225482607654,-0.3991792062354078,-0.11072167072019509,0.26435293645192953,0.32581129236193673,-0.3934698574477048,-0.18183614673409842,0.2667478397151012,-0.10575676890004804,0.04939039857140026,-0.25224657089498875,0.33026795877927123,-0.09653817936330472,-0.38363555164607743,0.5137655058340809,0.4094237934568564,-0.5414173593189472,0.027355757589386947,0.45180041079564204,-0.18368534715781862,-0.12451754085077547,0.2400072052589275,0.446081985953575,0.15730646099027817,-0.16008797333045902,0.05898653337802425,-0.17188358831129627,-0.039444238842484415,-0.01092718542489092,0.48092402093299214,-0.6604715208895625,-0.19853749544223234,0.2743280901833596,-0.07345044366921501,0.47864157280759123,-0.6559838184988425,-0.05955347772155062,0.09768701946269738
-1.012749752792366,0.30513877328314554,-0.7836448243932971,0.34083629146337757,0.766000416079802,-0.2659087684889462,-0.6668508676246856,0.174536456130111,-0.4156328995939739,0.9964208867252362,-0.2317486310080743,0.4691733838351743,0.6192815238628759,0.5517495180946512,-0.8663170552042906,0.14254567691866837,-0.23280401299155365,-0.7011846469138056,0.19398020925292603,0.5670621076235828,-0.42786208616886096,-0.39508003653377366,0.12877372424104178,-0.3387883042972378,0.285042725752412,0.3039025310949918,0.48778056565766975,-0.5177420181937264,0.07035953056648989,-0.08502920307664198,0.146446235960235,-0.30887549012477766,-0.017374860572490044,0.03288385876989271,-0.11419981806068992,-0.5799189248591001,0.2474755511522732,-0.0010889613205583917,-0.07807042597988578,-0.5907638530383588,0.1325150172513722,-0.28756351669910923,-0.05544034961870752,0.20224572853027295,-0.018379550891575586,-0.15962801621882586,-0.20756296923734083,-0.8181477098805474,0.19006107752238602,-0.4508310588324908,0.0009158012955289257,-0.774218839271265,0.9634962804533943,0.18605502300109977,0.19278362394793203,-0.17800066639228973,0.177746304023118,0.10483205188262278,0.2057598908747832,-0.2247874336333028,-0.7029201529344161,-0.009926382160857743,-0.29434577651004107,0.13737965246051786,-0.6348457648540715,0.8307174303743632,-0.6827759741149677,0.3665389550793285,0.5384058306193423,0.11956090411370038,0.011507883219120767,0.2910865895280702,-0.12583947640522006,0.618340846997004,-0.8067483464858813,0.29709274329584906,-0.28097566316751504,0.43799796382626754,-0.5096309947879059,0.6340437918203473,0.15169156484920326,0.24074422276164054,0.7310061029251079,-0.28460684165785843,0.3565962878650506,0.1356464901828575,0.7392680537858967,-0.9112673420256316,-0.28337467530540655,-0.08342980793636798,-0.21624517640958435,0.17776116506500442,-0.20638006524185548,0.2681910663660529,-0.5883342432357455,-0.23687457892234454,0.6994281096589232,0.2435147012827969,-0.2582856617951812,0.37922246042627766,-0.16314029339869127,0.5001747037132374,-0.6328536981509421,0.38514681567035336,0.358342080074432,-0.42128208629263086,-0.6621462405264651,0.8239745858886969,0.04235895698012576,-0.5612787511080485,0.06327147720367525,-0.14756266028983564,-1.0139622210415608e-17,-0.5513382414418811,0.7231161109329328,-0.47142122607828124,0.38331434419630533,0.31625054893801413,0.04944596616467867,0.07114311762614346,0.08072870272943278,-0.035650092504445105,0.4574982215814205,-0.6153691246571934,0.0831436647606684,-0.36352610487743053,0.5125418430153379,-0.3106496035388823,0.4074372432182792,0.13358620109703898,-0.2689863622459979,-0.3304681652952776,0.41443804374064896,0.1678069339154987,-0.22589470987762134,0.10797050852555679,-0.046718510517467254,0.24530605348392973,-0.32108053230074646,0.10895759039328519,0.36873260261768553,-0.4851430385932892,-0.40709815180335673,0.533935813213602,-0.005702148260696412,-0.46126107249617915,0.19652945310828282,0.11724559291544906,-0.22382477379767654,-0.46923348711791263,-0.14371312362327054,0.11238292362632935,-0.058040225848412015,0.1798103710435187,0.041170079169758574,0.0012269963116504719,-0.4677159041029997,0.6404355369388331,0.1995915463996492,-0.2734656911648423,0.06416791693419437,-0.4761821736803917,0.6518037433287064,0.08558214234201648,-0.10185048206103953
1.007466810527928,-0.3082567172065746,0.7831663515818792,-0.3442339471424739,-0.7673734924977071,0.2634985099534663,0.6689750049260912,-0.17574171135988034,0.4307694799877986,-0.9917738849081618,0.2305296650413646,-0.4675468120652912,-0.6157108993540322,-0.5493118551018635,0.8620104194534977,-0.1419720334959234,0.23529008895068965,0.7004316270265535,-0.19581567510272582,-0.5670300632012506,0.42746818610802934,0.3948035144055818,-0.12956477123727905,0.3520673500602158,-0.28468510473114056,-0.3030389699182186,-0.48730814707633685,0.5170184923008585,-0.07015024307256236,0.08433641258190314,-0.1457461778026088,0.30997515068801323,0.0159249729822187,-0.033049111961929424,0.11951764544702181,0.5794396948480168,-0.2477389246066021,0.0007340073316876815,0.08404652713571666,0.5902073952704221,-0.13295368479376662,0.2964121169035868,0.05609658196867895,-0.21233909592029096,0.019660137621067088,0.16209668193852442,0.2030479529050722,0.8162146468084607,-0.18499179706309,0.4484177214769596,-0.005200988308467637,0.771421330548723,-0.9725469321243577,-0.1881347955234709,-0.19435326789187124,0.1800691190206106,-0.17959897738380728,-0.1060435816839921,-0.20775737370322078,0.22826342152062304,0.7038721652426373,0.010853226997195034,0.2954765703082479,-0.13887032592145887,0.6350931038360027,-0.842839570282746,0.6849078633961311,-0.3666939115098834,-0.5402032453553319,-0.1212014623028436,-0.016692053338036857,-0.2931697670448595,0.12679920328823005,-0.6198507475264343,0.8198737144623552,-0.29911724828498293,0.2799834852867827,-0.4460984039136919,0.5113295568991355,-0.6435637927763896,-0.16019158298432018,-0.23697629378163934,-0.7282746951365823,0.2811752447900849,-0.3530511902848462,-0.13357345671693094,-0.7365625612547214,0.919540868975237,0.28099795372853364,0.0817622375467221,0.21331743395397826,-0.17492232131514482,0.2051309577136185,-0.26996034664149904,0.58467889271586,0.23693098686243688,-0.6959572436821233,-0.24298163286628738,0.2607172743592061,-0.3749144506331581,0.16146155890287525,-0.49752128564860115,0.637573839570777,-0.3808401226077035,-0.3574193240038175,0.42554584369962517,0.6593118730008277,-0.8309175440313853,-0.04311142303198222,0.5611261912169727,-0.06309033974362181,0.14719927132882088,1.6218039883176273e-16,0.5511493101369401,-0.7335413180595053,0.4718940213224615,-0.38360278071355997,-0.31628296577344733,-0.05028540443856693,-0.07697442648107647,-0.08066069099914042,0.03556134088571035,-0.457849847468812,0.6255457517359294,-0.0829699679400059,0.36359100013239093,-0.521663528537198,0.3106594222879471,-0.41346603887807654,-0.14134222416573347,0.2684116132163657,0.3305617787795507,-0.41419120179523855,-0.16781204022662286,0.23057913256860968,-0.10757874031896415,0.046569673718859186,-0.24477124571229733,0.3249602238922409,-0.10865406756872054,-0.3687062012287207,0.49261967723208994,0.40682683985778434,-0.5414581690342951,0.007104399572626895,0.4614890061142553,-0.19703291784624585,-0.1170722610894366,0.23073195676046043,0.46947720609538157,0.14434471117868605,-0.11228489077130975,0.05747070477722554,-0.18678576004205372,-0.0436835793321434,-0.0010984596857764335,0.4677656222802935,-0.6511917346490541,-0.19999138302837594,0.27857577451401805,-0.06867333378694411,0.47620604475959155,-0.662730883269528,-0.08986795027849671,0.10833517880647528
-1.0196335916538286,0.30316267690786897,-0.7948520375850221,0.3458660851244757,0.7733290902770552,-0.26103496892782496,-0.6665512952828042,0.1798528152095217,-0.4164319031444995,0.998983834428548,-0.2419168610223406,0.4827986184967579,0.6374723640183935,0.562042265138475,-0.8779971961459749,0.15086455093656823,-0.2150461045423971,-0.7068266277539739,0.19531340273178557,0.5681309798845666,-0.42285773570372825,-0.3920015893703648,0.13135459144799794,-0.3440596598048242,0.2943043760663612,0.3134605058162742,0.5000710099470831,-0.5262948059753227,0.07493433703555563,-0.06883642919033856,0.14993831780596592,-0.31424884676064985,-0.017791284719311764,0.03398648238256746,-0.12423638675078048,-0.5894727451611258,0.24918043608765242,-0.001977913105613405,-0.09725299575111729,-0.5921911317839492,0.1377610625696387,-0.2845991792658152,-0.056246975485447784,0.21800653257980754,-0.023683178898212108,-0.15983169504109646,-0.20529431870862505,-0.8006162813144903,0.18593497051549315,-0.44405944998980895,0.005153868805776821,-0.7748248712509125,0.9713379975709624,0.18563543339206603,0.1838274198799514,-0.17650560376686236,0.17294831649068548,0.10295224044456243,0.20218223828424078,-0.22352579636719672,-0.6937549239519096,-0.010758059211884174,-0.293607983278132,0.13822196358062008,-0.6402239924174981,0.8410482916776713,-0.6702882941717524,0.3555923937916296,0.5216278428458729,0.1216050096765895,-0.002501593569621273,0.2891907089488576,-0.125457647882084,0.6204538040723933,-0.8126381775064979,0.2916084208981195,-0.27668932320575096,0.4300306595153566,-0.5056067080915817,0.6328747604287119,0.1451147976751111,0.23905811817243047,0.7087214534424412,-0.2820957652212134,0.34696389667724936,0.1325801244546482,0.7354843839331262,-0.9179569814098101,-0.287160401063115,-0.08423481822135064,-0.21851923473264925,0.17799986726614614,-0.21420914109214478,0.2737559699600744,-0.5885838847687057,-0.23105250866549756,0.6869630180656148,0.24842233890412052,-0.29107635646779373,0.38011589900451187,-0.1633290949540299,0.5119294249222868,-0.6464927460960047,0.3795346319334826,0.36139599482393575,-0.44176629443298415,-0.6664320731698659,0.8353233219649661,0.019695898230785772,-0.5481915027962343,0.0636411454492569,-0.14430238160083136,-1.7780726400610398e-17,-0.5518220708960391,0.7318303532141809,-0.4582093141405985,0.3678288233188835,0.30402354967624445,0.05060756638131837,0.06461882399144626,0.07791373532614197,-0.03529497784305708,0.4553687677877069,-0.6192067889751923,0.08002919063363874,-0.35694327559828304,0.5080577616934541,-0.30603703984421277,0.40586849779701367,0.1326073937359034,-0.26960819792518326,-0.32775485100489976,0.40817695496028605,0.1716478676385905,-0.2513280102203212,0.1090199298956101,-0.04738644949284827,0.2514666617341236,-0.3307469366786532,0.10744585863680992,0.3751089823096616,-0.5037075135383954,-0.41088023332960655,0.5449122863064688,-0.02384426501482384,-0.4548592789440567,0.1916542680603599,0.1185834450175557,-0.24185453294965584,-0.4556517950404849,-0.14543076306558808,0.13000302425971563,-0.0575130251190423,0.1874993466441939,0.0434351539319742,0.002448113169333963,-0.4722033835661594,0.6558045293814841,0.19960041214763574,-0.2776239381762408,0.08010602426767,-0.47380884657934996,0.6576468524914669,0.07471824094573838,-0.11196178699687472
0.9583007812485252,-0.2225627361267445,0.9321254216142261,-0.37288296171617863,-1.0184862317499501,0.21952496555381665,0.7113359246953306,-0.18732365614883278,0.45033017901246597,-0.9453200244072342,0.2409973777055883,-0.46022347738115876,-0.6024846099318063,-0.5320396101209479,0.8396871596414288,-0.14401576100583366,0.21011010023693874,0.863528243659888,-0.2609463949190003,-0.8647648237497385,0.34011611336371067,0.5066854076043141,-0.15133897856045025,0.3954326913154273,-0.3538786501709402,-0.32989507694640635,-0.5727143269400117,0.6378620023549155,-0.0929731497416552,0.09112021531622409,-0.25469563865221134,0.31244788113527105,0.014889331331542717,-0.03392433937969697,0.13451522425351498,0.7034695620486523,-0.4452055892051136,0.03529001592750775,0.05981708365638495,0.587280313079741,-0.13699108101198773,0.2981505504067977,0.057236397290643524,-0.23862821668368983,0.026605478950956166,0.11522132115094619,0.0159094910623324,0.7929318476897527,0.07461803589631581,0.4295819750237172,-0.07577539720333495,0.7444007598613929,-0.9554716750592107,-0.11576906185284533,-0.13932266018431375,0.10512788566397231,-0.12616382943069013,-0.06792886593293801,-0.15036217601487736,0.1677602223211907,0.777463950321729,0.08948856919357251,0.41420372066510597,-0.08551507857025084,0.7271778441640364,-0.9368498695612397,0.8136969004133315,-0.34879668496342536,-0.559099569828502,-0.1346544527352641,-0.0008369323061284197,-0.4736548874958329,0.025146289834314276,-0.7765664143096325,0.980414511598383,-0.33623230743591453,0.25449777576737403,-0.42074849792219193,0.5377481564172992,-0.6736271032463119,-0.16304242152771006,-0.04467031392453859,-0.7268561292575723,-0.0011675361297443542,-0.35979323306232447,-0.02621083489144343,-0.7170016676143057,0.9172666463922795,0.20705025100161237,0.028767559243288297,0.11686582240538239,-0.03299659981584963,0.18959584726048656,-0.24377410255129187,0.46268172965970317,0.23392179691182174,-0.6583956587752725,-0.2383343802560811,0.28501229695331204,-0.2286513610519606,-0.01774212890776223,-0.456791684593377,0.5843457371679376,-0.3343407017143042,-0.3487257044365239,0.4362818791644803,0.6408748904378729,-0.8205942602090833,-0.019621332086635728,0.6762972724190521,0.04193026228993884,0.3125909929365604,0.0,0.6621160392852,-0.8565879677538428,0.6645949857655838,-0.36083254340817617,-0.3968254213492736,-0.08155686345580682,-0.0508454804668595,-0.3295536131496823,-0.024603077195586433,-0.6557156423150261,0.8386136201251442,-0.18341646128239497,0.3155699161624657,-0.4805263417971712,0.3885044151245046,-0.502613118652378,-0.1530780032513714,0.24118367596194154,0.32043637319388424,-0.4995601887253277,-0.1985241871576893,0.27967103852589137,-0.09161039989436352,-0.030972607161256122,-0.24843476139657936,0.32281915623733737,-0.23090144200443558,-0.40547692003358926,0.5351264955460634,0.4890849439038235,-0.632735432009558,0.022358881102781614,0.44357317165337495,-0.3493986924323733,-0.16600391542083084,0.29296446671226795,0.4545558363586628,0.1445633109908771,-0.12512496241795956,0.056242844187422314,-0.20165829596245163,-0.0486519046043669,0.18967772734506586,0.5199633832480088,-0.7049917797083534,-0.3385851318562693,0.43004037204461715,-0.07957965397343121,0.47102025914501977,-0.6689419660790695,-0.08308786343185053,0.1261933946638475
-0.9413000078960083,0.22094624088265918,-0.9141785739043423,0.383328202652915,0.998644515483893,-0.22376510264727328,-0.7011607859866329,0.19147616066514042,-0.4612638090932885,0.9321075170680571,-0.23230836125064294,0.4675015022348061,0.5843660914890018,0.5340471267536038,-0.824792305983541,0.14399301923869726,-0.23310173022018235,-0.850722463420314,0.2698506294916076,0.8517269327762607,-0.3469338538255922,-0.5007144117941559,0.15580755460630621,-0.4020445231035371,0.3594279264779069,0.32106818947870747,0.5738839270190147,-0.627984633939199,0.0925887805652262,-0.11254771786247958,0.2580089297867219,-0.32861557874321345,-0.012352670184561338,0.03645894741940898,-0.1341623874829775,-0.7054966185248409,0.43975323626805024,-0.03389531822144452,-0.03905361151876695,-0.5938729772339553,0.142864023209829,-0.31711106130644645,-0.06051822487201785,0.23053760392271466,-0.023143890372015797,-0.1136777443130222,-0.02133135060210835,-0.7772360856686448,-0.0599447280779752,-0.4135999590257743,0.0713593029339631,-0.7334162148442093,0.9559231259558338,0.11540936895565028,0.13614310519781572,-0.10653255361737617,0.12410545768718033,0.0679271287369456,0.14902685271578506,-0.16867331410808323,-0.7635286079264759,-0.08084842417474411,-0.396612138234716,0.08519266086542769,-0.7166236362702936,0.938833329084545,-0.8001742728124196,0.35319540912848674,0.5498920928996148,0.140568295664052,-0.008415400234017956,0.4530467070431561,-0.031054587914204363,0.7659025688824674,-0.9847838580429644,0.32504811593947147,-0.2584802770236283,0.42991705678193726,-0.5317954744533193,0.6770852449868894,0.16494408324485213,0.0491781603624307,0.7131871625623735,-0.011212671193955446,0.34506571275483117,0.028945061048455192,0.708864293822175,-0.9184368907933171,-0.2024124914686916,-0.028036735686356232,-0.11417685572282903,0.03630223764027485,-0.1842667407922795,0.24119973196766314,-0.45274212211200565,-0.23554880944635972,0.6455941325556036,0.24535919433653455,-0.2822908943136618,0.22275627317852856,0.008224788580842246,0.4461403813843089,-0.5785996350553251,0.32192163042456984,0.35283471009130474,-0.439920460291635,-0.6317229412713861,0.8199341930783883,0.0353918318344778,-0.6651540578666731,-0.03470360643284738,-0.2966327161139044,-4.919009407199188e-18,-0.655191698376378,0.8594574012037661,-0.6549313782650822,0.36534945204685026,0.39149339197906796,0.08600673921046256,0.041725035808528016,0.31113546515981305,0.020425693018962708,0.6496094265130743,-0.8440715417268791,0.17459075357046686,-0.3215217780032287,0.4906822674073809,-0.3856297911142106,0.505855582296126,0.15223093724902953,-0.23637128726299358,-0.3233758981945558,0.4910021135014987,0.20442435455139754,-0.2751207713851812,0.08854061153928068,0.02561743990452774,0.24349662394656346,-0.3197736414990472,0.2189677546473173,0.4096978019746432,-0.5405328682842268,-0.4836481185775483,0.6344325731229945,-0.006859795716512483,-0.44823772697057596,0.34433360392347734,0.17071894739848129,-0.28572001353692367,-0.4600240752818438,-0.15409788341680355,0.13083037096639527,-0.05683088420145517,0.19272985445289328,0.04839759085729212,-0.1775605293879147,-0.5256980857770827,0.7134218241599802,0.33621125734596385,-0.4348641340114692,0.06337672981000861,-0.4784784080525905,0.6803552817326537,0.09182519683482648,-0.11641104148303814
0.9647863842051031,-0.21047077249201815,0.9173335187005597,-0.3559276139870266,-1.0060118947704164,0.2340495812509449,0.6998481771570105,-0.17571962464073418,0.4570099575592251,-0.9522939649690805,0.2267841728452774,-0.43558587122653464,-0.5829742323609114,-0.5244094562334868,0.8319445259982523,-0.13001661928256128,0.2506624143974837,0.8559819533057597,-0.2562946865857362,-0.8658082584128333,0.34542036718207847,0.5092953181016461,-0.1450808614905219,0.39640973254051237,-0.33049675621236685,-0.3178260322444457,-0.5536325150933504,0.6265180762494232,-0.08231684695117758,0.13090815901403485,-0.23912851993425838,0.2991340901919944,0.009050654122059505,-0.031369100151395,0.11385878495830858,0.6882425338249545,-0.44460892288556136,0.029393296479591723,0.014775974212558244,0.5822255363042057,-0.12705337690595744,0.3092164041139523,0.05721171725571793,-0.21225558535318464,0.015933666293929786,0.10359677602250522,0.03387813002197986,0.8224521270437559,0.055526637921437354,0.44836416443011684,-0.05566855659631888,0.7505886119795413,-0.954488944608505,-0.10589199116366355,-0.14120139280614405,0.09591019947647395,-0.12294362361890897,-0.06300400974090471,-0.14487453458989402,0.1591515695156029,0.7944982207438782,0.08812131816186644,0.4180928763863586,-0.0775054267649746,0.719841361968384,-0.923590298816451,0.837110859107497,-0.36493027776974724,-0.5760629031316191,-0.12711024606721594,-0.03745890244195012,-0.4809931779267613,0.017768714451485364,-0.7725481660602149,0.9689720134611638,-0.33874446290867105,0.26374888490078485,-0.44393726172291126,0.5343317675902265,-0.6660088428203954,-0.18170243020096685,-0.05779108084118376,-0.7650303913936861,0.007790915079476559,-0.3862485675735652,-0.03438475167236979,-0.7269087896109094,0.9152142464223213,0.2086223058417645,0.033523109389573966,0.12380762193819315,-0.042298972137395086,0.18100000197641095,-0.23316556218289244,0.47189905031335394,0.24461433265922813,-0.6840748574706613,-0.22804358871950112,0.21725437470280234,-0.24074351004580175,-0.014243306748954425,-0.44606188601999813,0.5623255339598806,-0.35637007361035133,-0.3475598106339973,0.40232220395342944,0.639737728049031,-0.8086016247349855,-0.06638249567570072,0.7032111725467276,0.045539627407529704,0.32622236241857083,-1.160950781773323e-16,0.6621959275166192,-0.846708952178961,0.6976484419551446,-0.3814479012086429,-0.41839919221624955,-0.07908439508210366,-0.07214258088294782,-0.34834417843722615,-0.02709533645794468,-0.6620791152971375,0.8353391668908173,-0.19409699141225875,0.3225121519680168,-0.4927536555696813,0.3939957895697868,-0.503778033490223,-0.16315723218586575,0.24351929016513277,0.32886807534709944,-0.5147007005458469,-0.18805008555933533,0.21937201062444667,-0.0916721904192174,-0.03333177720195396,-0.24149390635304585,0.30741844139883445,-0.23877163080682187,-0.39692378939089085,0.49774465011563024,0.4846804503362222,-0.6197308971452566,-0.019846725136524135,0.45836049695382425,-0.3657391656384348,-0.15917590308056614,0.24261936978350807,0.47486395563856226,0.13899045844989127,-0.08525689529923379,0.05400256967717022,-0.1833260249447975,-0.043963068950862695,0.20041977112251846,0.5144695951589672,-0.6699671246901657,-0.3409100117803097,0.42850005603176666,-0.0396580136469069,0.47221920863747757,-0.6568106840280474,-0.10746335629987007,0.10761104330278322
-0.972755687898855,0.20954555393839658,-0.9253023887108881,0.35862434884490574,1.0096460884503666,-0.23280998682647086,-0.7016670973568659,0.18016977840574716,-0.45206112671764004,0.957137635046094,-0.2353562873805842,0.45285670557117075,0.597550785529083,0.5318907737626805,-0.8420666726838493,0.13909491672855456,-0.22268574568650845,-0.8597470945943735,0.25531462317756587,0.8647147165901425,-0.34364902841234507,-0.5090082380733322,0.14731402346634806,-0.3968333617483486,0.34399685374558775,0.3241190138514039,0.5622718062352389,-0.6312217428442499,0.08871782466687334,-0.1024473310225518,0.24973253106445137,-0.30447372319693244,-0.0162106869562855,0.0325963330231354,-0.12835533481995745,-0.6950740439050566,0.4429761783402306,-0.03369401627880025,-0.046564301658405076,-0.5851950221345651,0.13180424455088743,-0.3004768942846677,-0.055632303172840555,0.23069959992828903,-0.023395559240272666,-0.10295756382494722,-0.03472076569470194,-0.8077413702266683,-0.053153106393989444,-0.4410590070282935,0.055034669385056294,-0.7531708430809176,0.9540053004919539,0.10541440476717222,0.13604189132378222,-0.09541214266229231,0.11965132095648716,0.06240998169746944,0.14317444944982427,-0.1576597893518463,-0.7811383071542718,-0.0865976756891282,-0.41123338237764995,0.07739469515673907,-0.7228602429355031,0.923602198398985,-0.8187779590162433,0.35592159600445145,0.5623495981518971,0.12806383045166247,0.023663643938513623,0.47050670678666767,-0.018781440213701095,0.7718889969924327,-0.9654831922558358,0.3313156817158484,-0.2619477848197292,0.43329234498386643,-0.5330830973713006,0.6625662573103636,0.1733182734820678,0.05907368341143093,0.7468418336668565,-0.010945743852148606,0.3776816740170715,0.03497422869912775,0.7263563652776128,-0.9151189824268,-0.2115953103006349,-0.03418878862637186,-0.12569822706978362,0.04337158407820563,-0.18719291767617932,0.23876803616168246,-0.47143980275395847,-0.2363323662709534,0.6736010666370731,0.23513175090658636,-0.25921740809566124,0.2418731775651249,0.01220496540839351,0.455062363057491,-0.5738647273096383,0.35171077576689586,0.34875720683742256,-0.42066992634543804,-0.6441134509259112,0.8132367073855123,0.03600402796506086,-0.6866070748590575,-0.043537429109644796,-0.3180421465654519,7.011136636139074e-17,-0.6615403401636999,0.8464961203720699,-0.6776452092730344,0.36889065048941133,0.4065017022099751,0.07880697981267637,0.06553759364436952,0.3372821166449846,0.025776080222519773,0.6579027686868082,-0.83129161233621,0.18829499241601805,-0.3189190927415933,0.4851511638043985,-0.3916610885670114,0.5011630762995292,0.160303569090474,-0.2414264272341092,-0.32178567873894637,0.504103261490176,0.19384015439836388,-0.2568789603639469,0.09142646540811433,0.031964948825461005,0.24490371412528494,-0.3139355701800987,0.2335048519677599,0.39982627068699583,-0.515707859081044,-0.48569939823631625,0.6214929480677661,-0.008521403818517351,-0.4472958212102414,0.35458840348909604,0.16359977711935125,-0.27657056108215583,-0.4613488817663907,-0.14107745416875098,0.10729744919545454,-0.05690226418922151,0.2002010383951177,0.04798621150442989,-0.19350223161460942,-0.515692332098991,0.6863703340388975,0.3380349012812122,-0.42446616126911685,0.0678192876522015,-0.4708635058725834,0.661517224596461,0.09277732000044835,-0.12273907486573558
1.0069759030060097,-0.30831120244235577,0.7827931313232064,-0.34422800666810244,-0.7669623645828452,0.26365760759044043,0.668805717177797,-0.17580267095971575,0.4215957371477334,-0.9911513338953019,0.23030640510862083,-0.46773004483040903,-0.6151689610474467,-0.5491198414603236,0.861318343515504,-0.14203817787981135,0.23483933667682516,0.6999774368797925,-0.19561107157094973,-0.5665600208653889,0.427641204496556,0.39458102556033375,-0.129551352738234,0.34306836731215234,-0.2848707211334238,-0.3028013792189745,-0.4871708195674623,0.5166000906222307,-0.07020826284095534,0.08613356171144201,-0.14595478948937995,0.31017923282329296,0.016217499877247393,-0.03310374382092606,0.11554866003998246,0.5793070388656083,-0.24744408925630978,0.000784120376393666,0.07869073968099317,0.5902302343434942,-0.13305798139957808,0.29139104634313984,0.05603522362813891,-0.20463871116521815,0.018468473393106793,0.16198438420474656,0.20287739334237326,0.8153985221120443,-0.1849960935695572,0.447761602136277,-0.0051852780393844685,0.7710508008967795,-0.9665187964687051,-0.1880379022592388,-0.19428164720914548,0.18001651663123794,-0.1795061159149771,-0.10599797137519164,-0.20779674225274838,0.2281054052748395,0.7032188565732157,0.010710935503221934,0.2949569474036804,-0.13877646939671126,0.6348112765776633,-0.8362826924193412,0.6842872933406559,-0.3665610132644118,-0.5397927336897758,-0.12122240639944257,-0.010989043779787324,-0.2925995238020676,0.12681868330688564,-0.6195677085951168,0.8136015008359367,-0.2987486160750683,0.28005744155549456,-0.4405313125795593,0.5112054783124443,-0.6397642722110882,-0.15408029563298675,-0.23673678737176412,-0.727344484982504,0.2810463382482173,-0.35239241454697656,-0.1334497934181999,-0.7360852040448823,0.9135532302908564,0.28072504396356435,0.0816286564235774,0.213040219096931,-0.17471741139974983,0.20496446119305495,-0.26836696008032657,0.5840617348144419,0.23666897314740298,-0.6950438356582397,-0.24312985505654794,0.25877702849074946,-0.3744221326739712,0.16140440946920104,-0.49713506217336845,0.6335968138398967,-0.38016594165180045,-0.35730750892870755,0.42263435438707053,0.6587880496145728,-0.8255040254829301,-0.04348712790346683,0.56039178477606,-0.06315937249709555,0.14672666951738134,1.0131202431386973e-16,0.5507863298270632,-0.7271175723350553,0.4712298374641296,-0.3833666126155781,-0.31589584678355376,-0.05020217588671392,-0.07146008505461049,-0.08017389112359279,0.03560327613521468,-0.4574945988141657,0.6194824388764476,-0.0827106084923176,0.3636511044711701,-0.5161347985827947,0.3104812004463181,-0.4098800650972653,-0.13537336608772582,0.26812244428813803,0.33030835100047595,-0.413582540731212,-0.16794650663716482,0.2269586967137627,-0.10742980730357495,0.04661312756177599,-0.2445981272124064,0.3223137398138538,-0.10828779154262125,-0.3686198862056487,0.4880048341493107,0.4064934852335966,-0.5366301597315813,0.005155128029389013,0.461177966574274,-0.19663683490779243,-0.11720563488313407,0.22503856384649293,0.46913031393045995,0.14448334804951055,-0.1131432073569684,0.05762193763766253,-0.18067708337569746,-0.04174809962588806,-0.0013885077866811935,0.4676767960959135,-0.6445556810249115,-0.1997606836361263,0.27550287751294156,-0.06439977379299754,0.4761762146954446,-0.6560107618683879,-0.0871965119686884,0.10281475530738542
-1.0148072982735872,0.3065106885042592,-0.7868949876538128,0.3428339327105496,0.7728659292311723,-0.25970261122275845,-0.6697424739421569,0.17474074162057884,-0.4005249883494351,0.9961604023905555,-0.23138236541688412,0.45591658876224705,0.6184928910773091,0.5471031966426442,-0.8665121697491762,0.1387406990784081,-0.23863561656408136,-0.7025495979596824,0.19883014359801227,0.5718561091992924,-0.4201767526788166,-0.3957162027473543,0.1296249056470927,-0.3210883159603621,0.2753554814444814,0.30336932889265195,0.48344485548316785,-0.5191995427822772,0.06773939709978573,-0.0937190257686246,0.1382745749491631,-0.3015038122265764,-0.008156158500550665,0.03163377263840228,-0.09932289574810386,-0.574948209661726,0.25173919690188273,0.000835574556796237,-0.0623650623691444,-0.5828236775272118,0.12971185798702356,-0.2770011554823237,-0.05764093363094904,0.18450337202306466,-0.01366737536286521,-0.1634964961283673,-0.20503522479533468,-0.824053743167125,0.18414514246505267,-0.45805439290849015,0.005339901213790049,-0.7758312946044736,0.9592564789331967,0.18870583759872542,0.19366152940063,-0.18013599835058214,0.18019089399945615,0.10628994409461172,0.20617814401067044,-0.2252032794716708,-0.7082495304666023,-0.013363965703728218,-0.30271020232423446,0.13945774773217864,-0.6368950689730472,0.8247436213685112,-0.689800188194354,0.36563148337204765,0.5420468439795737,0.12020561129236634,0.001171103846612733,0.3017239432475305,-0.12559709731040203,0.6225726147871598,-0.8032376022412013,0.3036687547672898,-0.277418360978924,0.4262717104324158,-0.5111059737097362,0.6309730375053879,0.14103035319407806,0.23854595691195893,0.7354587859833952,-0.2804074431390039,0.36149345132703375,0.13436275605889916,0.7392229024435103,-0.9031835250391365,-0.28000435656389094,-0.08297623643031612,-0.2149778940314802,0.1762906876908604,-0.20492600998003932,0.266931210372903,-0.5849644639077867,-0.2384766459813395,0.7012346567142136,0.23589164690984202,-0.23718036808579585,0.3784460187494053,-0.16049027057946938,0.49802023206322554,-0.6279388250690972,0.388239451478836,0.355642884377591,-0.40944147155798016,-0.6617279930505423,0.8178233677464835,0.051293546019542724,-0.5663007683524732,0.06081969681983142,-0.15432817143304214,0.0,-0.5523831792058622,0.71386650209899,-0.4781660171103937,0.3823666131946565,0.3189730523170979,0.05184508436535026,0.05678514517844938,0.08924421155312091,-0.03425713935028133,0.4608463858634723,-0.6088643643799854,0.08692647202956735,-0.35884063682616174,0.49747816009550094,-0.311133868372663,0.40209053182798904,0.12074436743426557,-0.2683729682476242,-0.3292010782476445,0.4185086730669934,0.1618972723876625,-0.20424735632511562,0.10849255847249052,-0.044947088252159706,0.2443898686445369,-0.31636935675389627,0.11405189936648241,0.3652307391525251,-0.47064520857520725,-0.40822326981213775,0.5275629828467273,0.004856492629330727,-0.45917230893481403,0.2022121227530836,0.11213114706378839,-0.19937063333268837,-0.46800221980802376,-0.1394516373922412,0.10489768368781104,-0.05287517048516374,0.1570092844690048,0.03493299434178201,-0.004844199725043812,-0.4634686425662191,0.6218893027909494,0.20292119223648059,-0.27176674733958395,0.049368996101282425,-0.4709099781092993,0.6327416161582955,0.08298996638579216,-0.08649727751597701
0.8633200491935455,-0.04500141084628431,0.8327715337742899,-0.26026677358300315,-0.8872347554255473,0.3627659354828312,0.5141948747967637,-0.15110072773234873,0.38246214002144674,-0.8341703955959872,0.220800347918554,-0.39849243357085656,-0.5378259687571099,-0.4536859865337173,0.7417765205715907,-0.1235565175023345,0.20242104565510166,0.7931439021224234,-0.23070715888507637,-0.8292429212141489,0.37416612030198443,0.45816745775076967,-0.13955836694980467,0.3589970628994812,-0.31782669845302175,-0.2918783300092407,-0.5304123540892485,0.5840197548662079,-0.08053937517046084,0.09744093300574458,-0.2473915755809379,0.30421958649918224,0.013717954621455891,-0.03249645432086689,0.1155131246645656,0.6922472338545125,-0.4419943142739324,0.032847310034501344,0.03023569771088719,0.5819096439569396,-0.13132369448601935,0.28604591486853054,0.05623736419773037,-0.20805444216939573,0.019308856323078608,-0.0011596199985816952,-0.0014781516579862113,0.692215029279165,0.08243229900607668,0.270693887990135,7.944760125963901e-17,0.6704093614922717,-0.8505278123642062,0.0011956370477351475,-0.036431985463048606,-0.0054886075272208654,-0.01362291567816402,0.0006906716235068424,-0.035148710568848045,0.044848329773912315,0.6672754309478414,0.0779963405390349,0.2617365223533776,0.0008803896161323748,0.6464282660372084,-0.8197771086573917,0.6865389541882057,-0.3724744465368859,-0.4122844368610773,-0.08095617249868273,-0.05025009198732308,-0.31283028330147233,-0.04909681607213157,-0.674552740961038,0.8375695696819416,-0.16122573543074542,0.3290827346261564,-0.477311608345978,0.3992969444148921,-0.5065757970040298,-0.14813837325031276,0.001724823666291931,-0.6693779266986374,-0.08037141878695965,-0.26216341342313365,0.0009963615330567698,-0.6479392218661502,0.8220819774322242,0.1763567140484431,0.02016180670088838,0.06845513203319437,0.001270048338113181,0.17125049410384235,-0.21718206134019985,0.3931827734009074,0.23882080865217512,-0.5947607221513139,-0.21038012465816283,0.23028540563787298,-0.12531600968745069,-0.0708269708279835,-0.4058500863507271,0.5105289896728321,-0.2325839305607309,-0.3135677651569784,0.38349440636376037,0.5760249909531201,-0.7307852538513763,-0.0354639156871596,0.6359792848195136,0.07470392527616225,0.2500432578245087,0.0,0.6157834561222252,-0.7809077189193256,0.6431955011597003,-0.37275539837507987,-0.36737975457943234,-0.06721279846497162,-0.060712430623190906,-0.2966653072797506,-0.043153464883475476,-0.6306655234129871,0.7826369295824473,-0.1444399729464131,0.33449281365243094,-0.4815696188757656,0.35571343341545975,-0.45109910491374494,-0.14131388495727484,0.20410630304083158,0.3251123104121304,-0.46829391870297515,-0.18217507341851238,0.23479082007331145,-0.0420583497763589,-0.05500712797586847,-0.2190236083148215,0.27819771433776946,-0.184115646290473,-0.3864126345800547,0.491510622651268,0.45342301962205445,-0.5750098227521891,0.003645372858271649,0.44843048906931576,-0.3557034381633101,-0.16267138616609403,0.2569394834837225,0.4622772691663223,0.14113423566903063,-0.10657766486817716,0.0557440939179164,-0.18033394898876498,-0.04220458152945405,0.194149677540902,0.51472469143348,-0.6641577734081465,-0.3378600451445664,0.41557942682498916,-0.053996397011720945,0.46951392359648025,-0.6385226462048714,-0.08669625504572075,0.10616017023096355
-0.8679676376531359,0.04219034111854956,-0.8313393760108747,0.2720293358852521,0.8735162310921414,-0.3634647314522673,-0.5029213314356781,0.16045280293481884,-0.3671238381070829,0.8393111982327963,-0.22910855543839956,0.4262160168546813,0.5490571572968184,0.4737208831863289,-0.7531446689446459,0.1352886519933603,-0.20313629066690997,-0.7927556856510894,0.24233054274206708,0.8179879237819442,-0.3744914566239546,-0.449708097257087,0.1485792261364262,-0.34512894959385343,0.3364248811232379,0.2953137669706065,0.5496699212165082,-0.5886109311210772,0.08722637843708368,-0.09765800156059735,0.25686090718120036,-0.326948212173206,-0.01091709200455743,0.03638968901062311,-0.11661152482569753,-0.7066689656285479,0.43982231541934497,-0.03465460258450162,-0.027799566318874796,-0.5898674558051092,0.14422484393517987,-0.2854335754178279,-0.06083708869805582,0.20085517038298717,-0.019671127374073016,-0.0037713108007292506,-0.004936168095490518,-0.6663378373931982,-0.06769793948666677,-0.2586934863209727,4.0572515880137815e-17,-0.6698553414900043,0.8520567373418871,0.0038520995928246356,0.0312075154789368,-0.0005047446678418769,0.014153874369850957,0.0021851882108057333,0.031863293939863147,-0.03982179151104136,-0.63976540183131,-0.06980880748585223,-0.24570957399007567,0.0028601345523512752,-0.6424999267557838,0.8181877647473121,-0.6493803068031937,0.3601084958092029,0.3860921742126969,0.08675960566578655,0.014797874237367496,0.28869598554631126,0.03922581486349429,0.6616228119800402,-0.8288694546821004,0.14989322980527242,-0.32832662696762455,0.4662214364416627,-0.3881303007129884,0.493702172999645,0.1258168708612382,0.005768672138637958,0.6424864147819563,0.06307720604531754,0.24809426291287434,0.003272406137379181,0.6471518630267289,-0.8230429800646761,-0.1783103039207292,-0.02099204481132639,-0.07097874873382483,0.004283165091483603,-0.17758426752625064,0.226063962075272,-0.3882674860924005,-0.23664343299684334,0.578188365761794,0.2250719027426166,-0.2624554444459898,0.12669548697047658,0.058742215736038536,0.4131837306658094,-0.5231484701148332,0.22447106511960332,0.3252726929972508,-0.40449323186382585,-0.5812405411466546,0.7393386130184968,0.023962093786223413,-0.6085140824971781,-0.06520050964206907,-0.2317588749907995,-4.005959117464048e-17,-0.6122763818930871,0.779761951365889,-0.6079516107784056,0.3583015350550055,0.3451929959596524,0.07311296217844175,0.02656012388472033,0.26993561657586035,0.03698642300779689,0.6195442732596096,-0.7761953491772399,0.1314703187640421,-0.33267100215291423,0.4692503539297266,-0.34732724303383894,0.44233711572087425,0.12041273114416494,-0.19901151780680348,-0.32357060373102364,0.4518139033021008,0.192879763736002,-0.2559490347999114,0.041125945854798826,0.04841054234567545,0.22090846348433338,-0.282441478224076,0.17207799284576514,0.39903141533699177,-0.5121105898672367,-0.4546073623597465,0.5789632500324575,-0.010371572668690536,-0.44045225866052845,0.3385026150538399,0.16879024566510992,-0.26439880880154554,-0.44958683634078556,-0.15244728660939147,0.1365832922108109,-0.05512985096833054,0.16491327031954264,0.039170995719279726,-0.17709413669092214,-0.5237952624638461,0.679737733819916,0.3346884942927044,-0.4160939535634136,0.053939431356931786,-0.47336329926540693,0.6389183652386897,0.07283988469645275,-0.09528841151856007
1.009444866749374,-0.279544574278509,0.7936657665682677,-0.35007928820677836,-0.7604854799014577,0.27118957944362887,0.6430447481681763,-0.18612144618884446,0.3966541623497587,-0.9857095935557936,0.24409804382764963,-0.4940235018860137,-0.6364547679669241,-0.5681514361311893,0.8708019684565705,-0.15704205453749617,0.2150348209605143,0.7074063180277005,-0.20503836335193232,-0.5663512441059841,0.4221506646927798,0.3867743793271442,-0.13825563474777275,0.3277781744901197,-0.3037668346154307,-0.3165099490079891,-0.5122807673466987,0.5291618832268199,-0.07846592149599105,0.07315235664986511,-0.15145757119063336,0.3297575598537847,0.012709446048726042,-0.036625277089516094,0.11954812514800194,0.5990132183939281,-0.25059650628339786,0.0009612415633892315,0.08808957950729474,0.595871291821756,-0.14694545542606757,0.2810206322232735,0.060518266339869044,-0.2051922000908502,0.022060434870341865,0.14528425261938577,0.19876934158104897,0.7636778516492315,-0.1864617839729798,0.4172082190362535,-5.567982743846116e-17,0.7623799509194326,-0.9617647718790205,-0.16927326526271871,-0.16109942953520226,0.16108947596014608,-0.15456799522499956,-0.09255015178717042,-0.1843376193605011,0.20925216140415417,0.6693679064754506,0.003143176525902097,0.27462590178207974,-0.1266216565270568,0.6360625791712831,-0.8342827720044813,0.6399976337419989,-0.34985311571362976,-0.48648425285154223,-0.12358931973312366,0.033461885164214084,-0.2642187886432598,0.11878139645606164,-0.6087340081415082,0.7978335552096423,-0.2657733601715075,0.28173989954580286,-0.4223192119740335,0.48565745361224516,-0.6126711878000164,-0.12224157519959646,-0.2292274262681578,-0.674619062358243,0.27367916137256887,-0.32562718189840667,-0.12533008719347294,-0.7218517009047324,0.908201744674756,0.28194605299646286,0.08023493023378322,0.21276129493361862,-0.17146922988966815,0.21527733471327898,-0.27491073396704335,0.572753334435136,0.22564283625083525,-0.6587899927851586,-0.25430222367643535,0.3080079762004168,-0.36799700788480405,0.1608520622314565,-0.509688754047275,0.6461130989331825,-0.35990646974405915,-0.36418831797021084,0.452440501431693,0.6576703531222122,-0.8296705289525955,-0.012780014953883747,0.5318302740672984,-0.06470377303240053,0.13551883465970244,-6.196312106774378e-17,0.5501969756254124,-0.7280069142507842,0.44453871146254786,-0.35665367601842707,-0.2907781835102436,-0.05553096471301666,-0.03541530451033763,-0.06988419322206443,0.035376785613824895,-0.4531347751511324,0.612824758788623,-0.07409491805046595,0.35482049719062864,-0.4972371747631466,0.3008201769366412,-0.3980377545824954,-0.11265308242108807,0.26573756617241856,0.32694123245446416,-0.39782555260054586,-0.17726876049988619,0.2576167520562142,-0.10749064011618248,0.048400430583043115,-0.25334783321483695,0.3324181008788065,-0.10137229472471868,-0.38340301989352926,0.513185151572364,0.4115644154541513,-0.5445717686281762,0.02385549515667831,0.4514867350339736,-0.18723674941692564,-0.1204259443061235,0.23302884750856775,0.44554312717965316,0.15301670680724686,-0.15099034830472077,0.055382803281606476,-0.16734369709986552,-0.038703576883222846,-0.006494957995355987,0.47914884493051035,-0.6590366034381775,-0.2004409579268658,0.2766623562958302,-0.07152014735371069,0.47504233279859287,-0.6525328040246343,-0.06311760130790263,0.09731099344707791
-1.0113797027357179,0.288895513994091,-0.7855098656600309,0.3345487604582195,0.7608566062838787,-0.27205635554206803,-0.6535379661748922,0.1723344277652389,-0.4183746215473571,0.9935749089082029,-0.2334880751467458,0.4616796539260841,0.6205916337889941,0.5505644346256515,-0.8667081793010863,0.1402506047893992,-0.24127533698976816,-0.7049866966975955,0.1967827441441581,0.5701932644059567,-0.42453290573485847,-0.39446196041809406,0.12923869488028902,-0.3420902783235614,0.2813392201184815,0.30634380498773434,0.49041493370423156,-0.5222712125851101,0.0691433689219596,-0.09080533475425015,0.1420375082207921,-0.30630784105462466,-0.011636613781320703,0.032275349105879654,-0.1111715859674067,-0.5811234730622113,0.25100409775202637,0.00023601906875478056,-0.07520801103101456,-0.588906646852364,0.13154038471488144,-0.29265237876234595,-0.05705529086094466,0.20262035408494333,-0.016904874124237433,-0.1527156968782491,-0.2021969674968048,-0.8171670756835182,0.18650514781936894,-0.4462469716155613,0.0,-0.7726829723035044,0.9676093285394182,0.17636648521772633,0.18290366590819854,-0.16816161816856715,0.16854799804548976,0.09868252810573988,0.1946909471024588,-0.21321925073717266,-0.7015540679402344,-0.007258663449697686,-0.29219731011679123,0.13065656206779022,-0.6345743292309816,0.8351569159852986,-0.6764442989541609,0.36742567275818827,0.5280407617660512,0.11635008090086874,0.01796502788243895,0.28554067755279605,-0.12051675019512269,0.6130656965803567,-0.8050794062350836,0.288357910933424,-0.28388648610705686,0.44488007240029637,-0.49929582020607133,0.6252542254061312,0.15475745237525054,0.23389348929099762,0.7330688669109472,-0.2769295432060153,0.35525724106522366,0.1308706742225681,0.7379028301187682,-0.9141431420202673,-0.2809518450734806,-0.08101311328978565,-0.21309089450037896,0.17327395940943635,-0.20642149166639387,0.2716194326846095,-0.586557828946964,-0.24113592643561843,0.7002764505108181,0.23939953512427836,-0.24675527667619987,0.3753488797781762,-0.15982675612291253,0.4999883294008606,-0.6382265184007412,0.38241414104057025,0.35874296780448217,-0.42028023036139134,-0.6621555191296119,0.8291988826201392,0.0501508492449149,-0.5664696205080325,0.06226722428873762,-0.152133618572756,8.103047764663246e-17,-0.5539992637203949,0.7291563387478717,-0.4755412817582032,0.38358491899333386,0.31695735262752295,0.050792023583831516,0.07134654473359095,0.08554924401136459,-0.03484044660386616,0.4594894981388209,-0.619956443416112,0.08512348631374188,-0.36149968319653153,0.5129093823151323,-0.3099798005565302,0.4079856260850013,0.13515510176295512,-0.27100181063228884,-0.33334530833657905,0.4196544090565481,0.16552667361536827,-0.2180208688893303,0.10942329637282305,-0.04612906723761578,0.2468409813751387,-0.32486673076463235,0.11270426778143335,0.3704615739539992,-0.4876327666543835,-0.4104160668419259,0.5401766685610553,-0.00015636768269137587,-0.463346406004083,0.20065856139119256,0.11465758061496385,-0.21715721689806963,-0.47068605145178843,-0.1419755191469049,0.10564817461019163,-0.054989355984477614,0.17484469758552865,0.040396654135790834,-0.0021512170513644396,-0.4683330037669916,0.6431244508203943,0.2022857461089004,-0.27750571305428473,0.06034966010702792,-0.47509247789015085,0.6528213713854055,0.09027673524942446,-0.10021366405693764
1.0110172561337811,-0.3381079184846783,0.7443823255034097,-0.3418342123041371,-0.763886310537285,0.266868216450139,0.6641026289215325,-0.1756034718338231,0.4244963152888276,-0.9935450658102961,0.2297076164171775,-0.4710595115553987,-0.617872012229024,-0.5516630131864007,0.8637449447759606,-0.14352988632281746,0.23346905456295391,0.6546984421063445,-0.1783933389180984,-0.5440540716714256,0.44674532509591813,0.36376914691167833,-0.12456896369535062,0.33908272223954755,-0.2691610364639242,-0.28136265725779,-0.46680692706764826,0.4850629756445076,-0.06577895204776839,0.07544896048311274,-0.1470065113317926,0.31086324328669546,0.017382776670368617,-0.03328950107628707,0.11884596018923285,0.5799092173193119,-0.24675395987385246,0.0011276215234599994,0.08302586062436494,0.5903627525592579,-0.1337044490071636,0.29325353723442577,0.05574389151506549,-0.2093031866823685,0.019712750905023283,0.18059965098747632,0.2408181255944016,0.8126419791403938,-0.19028735783894085,0.4467031096027378,7.236702205511727e-17,0.7725980556553798,-0.9763460768090192,-0.2135054590370946,-0.2107041668283194,0.2000908118261136,-0.19705911458013475,-0.1186297288947795,-0.22700660478855694,0.25068459695054957,0.6797472509355501,0.04185005079988754,0.2653280092322687,-0.15818518361474496,0.6106689401564068,-0.8199673794797402,0.6783393736860547,-0.36553947912207163,-0.5337966997545697,-0.12007480006022601,-0.011092821239035319,-0.28728366478251993,0.12499325191997632,-0.6167967907196188,0.8175861288766111,-0.2934239822661811,0.28152287247720276,-0.4452738640011576,0.5074932171014389,-0.641328318000832,-0.15480968902999048,-0.2776894005446725,-0.714451945188595,0.2973703301367458,-0.34043882109387885,-0.15429215932996335,-0.7336072002481383,0.9177681110159172,0.29683936532667016,0.10393919965380295,0.23289568790222281,-0.2057387619554763,0.20972565474799792,-0.2774410708664439,0.5852970373373418,0.23528854012273087,-0.694266489653632,-0.2446063609084236,0.26724603348101367,-0.3768282332319581,0.16256868257292217,-0.4991790546298377,0.640625192804957,-0.3816330041789232,-0.3581526651762283,0.42958976549697064,0.6600556626184505,-0.8341242279291446,-0.03980436135066872,0.5206492716042727,-0.04389317036895945,0.09947039916107094,0.0,0.5182281002579062,-0.6995364923924489,0.4446193646197853,-0.38237831134627853,-0.28928760050556046,-0.04214413711591774,-0.0790448219308036,-0.052708552195983416,0.024388298663114514,-0.43899880656710244,0.6040477068999239,-0.05526859378093557,0.37254847419630405,-0.5288592872256628,0.2879423285779824,-0.38868244783428785,-0.13530146607204477,0.2417992523073604,0.3303339628029795,-0.3857465799658829,-0.1607443096717972,0.22759412797511114,-0.07404461151561505,0.03252024208449305,-0.2271233174539798,0.3056905707322134,-0.0736971477286313,-0.35950812350746086,0.4873137335464045,0.3839527455800315,-0.5182832747854409,0.010562123699121915,0.4596792495232478,-0.1950658136363322,-0.11769844947623243,0.2310686713196152,0.4668452614382353,0.14479378273391144,-0.11699981615703405,0.058089736279869686,-0.18502172988366952,-0.04282684080561958,-0.0020897834886281375,0.4678211822596703,-0.6519002876875692,-0.1990559372106667,0.27768567681483325,-0.06824577345728167,0.47577237828681407,-0.6625947654522911,-0.08626910251439351,0.10611283302594314
-0.9996544357641242,0.32818478431937603,-0.745285169492172,0.354689782914124,0.7544068996441087,-0.26915171016681116,-0.649704036200964,0.18560534836059073,-0.42064012773547566,0.9818111533461138,-0.23392806149270953,0.49705237616585707,0.6208800274650418,0.5661375810694251,-0.8602379805266201,0.15418829768045036,-0.2370554877934063,-0.655184069606,0.18517734864455945,0.5371073354159716,-0.45020946721283983,-0.3556925676439738,0.13167264928072284,-0.3353070349417337,0.28757324609793283,0.286354686831661,0.48506370153735734,-0.48930769062612456,0.07152066721052582,-0.07830146791888211,0.15481343789409968,-0.3347013736409881,-0.01782547227647213,0.037579551748630556,-0.1250422256187309,-0.5944144268744493,0.24566610142321268,-0.0010824358778563398,-0.08235921887199207,-0.5995635828063911,0.14662887665853522,-0.3020484515032602,-0.05950857474587013,0.2079065518573868,-0.020866229461574726,-0.1709519621295579,-0.23516968699032592,-0.768637391709525,0.19104816740934055,-0.41830076791143744,9.143656980542154e-17,-0.7596406118862754,0.9746679418721925,0.2046577974895277,0.19168642225355562,-0.19173269731712414,0.18335532130268664,0.11110657425047968,0.2176481032886559,-0.24804764949598712,-0.6564931945539694,-0.035040377325023096,-0.24854292282394944,0.152843512081193,-0.6100084309578123,0.825612671643932,-0.6478520591564603,0.355369880161186,0.499559445646769,0.12681737642125201,-0.02239276822488745,0.2642393561275466,-0.12416767338181882,0.6087480420745424,-0.8159407056794771,0.2718656443016576,-0.28219494602995177,0.4384391407324267,-0.4937121808772107,0.633464598499985,0.1386796638618835,0.27097632245116726,0.6699161841468405,-0.2938154126295827,0.31401854264733425,0.14711020669556035,0.7197135405184012,-0.9167315450030102,-0.2968000702436257,-0.10135565915460458,-0.23107053520492282,0.20237182908411563,-0.21403563253258123,0.28384853500706947,-0.5723903480814705,-0.2273156751871587,0.6614396474878126,0.25915583519708835,-0.3023557879991484,0.3680013077250773,-0.16440370175509503,0.5012762988404993,-0.6506657218391381,0.3599625980410053,0.36569038469105736,-0.4527921271412622,-0.6536976004068342,0.8387362192408755,0.0298048845395524,-0.4981580083851325,0.04782977570279853,-0.08529526341189278,0.0,-0.5166217708652079,0.7042985499351084,-0.4218987065985929,0.36641642159859217,0.2704447640210044,0.04589987219085151,0.055886197927440526,0.03705721024825764,-0.02596628416163186,0.43312899261918175,-0.6018485431169602,0.04630590494834485,-0.37213826896454094,0.5276104728891765,-0.2804685472440242,0.38235630448859137,0.12285106118199234,-0.23871832603752619,-0.33137211631564023,0.3720367389219662,0.17237599593121217,-0.24959538013972787,0.07268978093023135,-0.03572046113144314,0.23101581662133353,-0.3135368240469498,0.06370061528894971,0.3731685577590043,-0.5112317787101622,-0.3858259340481968,0.5259876009917569,-0.015140263094510048,-0.4562323163484579,0.18548672519621737,0.1239929260146161,-0.23816746027306612,-0.45354730944011024,-0.15732223926131933,0.1464128190867111,-0.05930196098111049,0.17723991389100233,0.04233563391414375,0.011787278127159712,-0.4792673510168521,0.6717455449240606,0.19805539261559563,-0.2792595412966761,0.06762824777081582,-0.480511376968099,0.6715749458541848,0.07783234135380593,-0.09996770546055593
1.018335924551579,-0.33613014464872826,0.747955959434342,-0.34242365163808247,-0.7705862597551751,0.2624774436187781,0.6653220193647105,-0.1753446864906907,0.3945295596830533,-0.9977307397010895,0.2303668203745564,-0.4592026522923014,-0.6205515693667121,-0.5491961389544449,0.8682511559269318,-0.14027723254087934,0.23537369644968492,0.6567827019458359,-0.1839223627354558,-0.5501637491798236,0.43844391702129404,0.36526929367715716,-0.12549432285460976,0.3088549340148993,-0.2598163397188214,-0.28146678424043586,-0.46275556795594464,0.48721202529858065,-0.06336572500266886,0.08362921968325332,-0.13881835696755712,0.3030317189083244,0.008060114910384952,-0.031899594338537514,0.09876063207787117,0.5755308970445728,-0.2515827845665522,-0.0007018434803267986,0.0623077311731923,0.5826060082133273,-0.1307213376182619,0.27344061061497177,0.0578529085401158,-0.1826032439116756,0.013818610771275655,0.1824763028801906,0.24339480661036114,0.8213824752450863,-0.1890708955862712,0.4568572534739008,-7.298489828813373e-17,0.7772416558021517,-0.9632824947035425,-0.21436597146820752,-0.20976104554150043,0.2004899898848019,-0.19783197600901029,-0.11921950251525835,-0.2251301309754343,0.247262207670081,0.6851393916118484,0.04530920440687615,0.2728210328431397,-0.1590201428945922,0.6127845432843554,-0.8018172674925264,0.6851259776776678,-0.36533435812086895,-0.5366439835081802,-0.11992199276283098,0.005686770903382095,-0.29697575188015474,0.12352802942697401,-0.6207031512316769,0.8021776431244754,-0.2984842065515047,0.2790001687267036,-0.4252856128337799,0.5078049153577384,-0.6293532803304096,-0.13525825601786534,-0.2797495003943998,-0.7224776467202498,0.29644225776155986,-0.34920229747411713,-0.15558251170876142,-0.7363784418465483,0.9016144986366815,0.2955673099874009,0.10554804714713172,0.2346143695019062,-0.20752270158701874,0.20935472632942825,-0.2741699021163434,0.5857910208272681,0.2369650482491962,-0.7003251740369574,-0.23733835123009883,0.24452642892553805,-0.3803661268603463,0.16120517766984208,-0.4996787985223455,0.630704234164948,-0.38952454574062934,-0.3562394652602487,0.4139094341576863,0.6626899334636993,-0.8213116314037753,-0.04695468155048577,0.5271592716012435,-0.04088288696769647,0.10693823240831332,8.161987857342166e-17,0.5199274475265371,-0.6801101670140435,0.45303141749023773,-0.3818585775222118,-0.2931793030216418,-0.0448714448274225,-0.057444072592562685,-0.06228648478403304,0.022736992314095806,-0.44333659090957783,0.5889297016357893,-0.05947363184679255,0.3675175472932517,-0.504304643475672,0.28915732853306375,-0.3782428489542653,-0.11454655002254459,0.24208899920499166,0.32912192628144676,-0.3910552692859251,-0.1548180495581755,0.2019203844337511,-0.07463403622159018,0.030327586430902977,-0.22676127130830695,0.29666954534110823,-0.07932850947374893,-0.35601288212406923,0.46557499881262093,0.38569058528374006,-0.5045167159783005,-0.0005868804292148258,0.458203709339873,-0.20142838156477286,-0.11244145833424353,0.1999070521975047,0.4663098214544306,0.14016025234887824,-0.11040103073728723,0.05281559942942675,-0.15491083862124622,-0.03405771203184023,0.004697448176210901,0.4638575725910245,-0.6231384193149195,-0.20276110888329482,0.2718849885679817,-0.049457930833745146,0.47062680187400974,-0.6330305844741592,-0.07884895567992103,0.08464608928172052
-1.0183126193808216,0.3381996159942752,-0.7489173441927945,0.33986794152581895,0.771520517300629,-0.263420764535083,-0.6679799934858395,0.17524039370982486,-0.40455099480486434,0.9956832671234321,-0.23080151667726978,0.46133555863644876,0.621459410065647,0.5473548800095108,-0.867280037332944,0.14187563986083274,-0.22683513108245687,-0.6556213397081176,0.17909756803807939,0.5479778261195626,-0.43935315067026376,-0.36509684710342427,0.12422672410564618,-0.32022494447483163,0.2622575424273462,0.2821860594677613,0.462256350444612,-0.4864422351216724,0.06462394505028579,-0.07513388257150186,0.1421132525054043,-0.30202291129730185,-0.013161225917171945,0.032038926587663635,-0.10756988377999696,-0.5754626054376993,0.249434098651062,-0.0005451914791604243,-0.07503006782402977,-0.5833981317492487,0.13089465028328173,-0.27612939240925305,-0.05618353845368809,0.19575292371003827,-0.017327933711453147,-0.182312439757993,-0.24290670103004464,-0.8146734132169902,0.18965740374211507,-0.4527740509483095,-3.6471700542489494e-17,-0.7758159646478275,0.9652958064095419,0.2147551714920651,0.20971956728326377,-0.20111687221651864,0.19753550000245237,0.1195910371767561,0.22628822742552962,-0.2481634690266835,-0.6802225920504015,-0.044553886158290604,-0.2701563995414954,0.1593389038725408,-0.6123749091205912,0.8064271262222702,-0.68053337591218,0.36185869743241367,0.5343992904503732,0.11873690154617918,0.001476797047851297,0.29398120578774833,-0.12440909491353518,0.6204318403331661,-0.8066988424092091,0.29700506685943673,-0.27860828992607,0.42958237356016077,-0.5089100666618198,0.6332026866851749,0.14209615040428936,0.2788300173140281,0.7139747270444717,-0.29670503821846134,0.34471726663113367,0.15527249348605118,0.7331749269451041,-0.9032334457911331,-0.294692761605792,-0.10525592696233374,-0.23318684394893555,0.20687962490915096,-0.20968221435585277,0.2728941036785521,-0.5831040014410804,-0.23277203296579538,0.6938438891767849,0.23797130179871342,-0.2558435638176728,0.37826360268201636,-0.1615280779864493,0.4998915731097675,-0.6313514260676033,0.38562018022383543,0.3539277027399958,-0.4179996407706313,-0.6607496420818039,0.8221264934625331,0.03832846132374612,-0.520280758113185,0.041914421270615995,-0.10394786472597346,-2.042250105534225e-17,-0.5175574246277953,0.6844219151938238,-0.44630806228525355,0.3770527057514164,0.28972953272123525,0.04279986049230668,0.06715549615047771,0.05879291835696512,-0.023340947170632675,0.440523921651776,-0.5925220137488563,0.057885604656312636,-0.36652801445217903,0.5094245775877685,-0.28821298588404776,0.3811350671364646,0.12310658644708562,-0.24070044781308006,-0.32525172686308235,0.38602546857314,0.15574652156737942,-0.21415424967767166,0.07429264850706055,-0.03109865944233444,0.2268934161405323,-0.29938549064786046,0.07712474959393349,0.35466613283108184,-0.47065028444208906,-0.3840048747526209,0.5078109970327696,-0.008150963290918016,-0.4534459893351868,0.19710175516168213,0.11380198429073811,-0.2147746662889545,-0.46087996627988254,-0.13962725849486401,0.11321771424232832,-0.054975184588787994,0.16908282919621395,0.03772003218181301,-0.0022503033270000164,-0.46256066985078315,0.6302910117893087,0.20049891949817092,-0.27290605595967765,0.06090680330825837,-0.4694511523875098,0.6400623952732646,0.07858872970391924,-0.09587871879807175
1.0113576170904501,-0.3381360421903729,0.7446595846817341,-0.34177192084459673,-0.764192511746171,0.2668200061333991,0.6642989306665483,-0.17557977508144865,0.42443302390637133,-0.9939381144298671,0.22988015794395442,-0.4711010198991211,-0.6183112899352886,-0.5517727492907311,0.8642378792360692,-0.14356645832462325,0.23337054936097945,0.6549758122266476,-0.17837795571047851,-0.5443047270952014,0.4467033419116086,0.36390891248479584,-0.12455577971489386,0.3390978223362503,-0.2691859952168714,-0.28156087249004735,-0.4669164334141308,0.4853415535907599,-0.06579851842535989,0.07535700973027054,-0.14702063041713395,0.31075022732104857,0.017382242843346583,-0.03327094819424014,0.11884157244326135,0.5800504346367048,-0.2468964318228866,0.0011365467100986325,0.08314734847289179,0.5904321018327322,-0.13366838418262014,0.29312925803171647,0.05573859014448387,-0.20940494884322408,0.019735054281029788,0.18066837570521282,0.24095554448161693,0.8128850880056421,-0.19034068516816854,0.44690697025630716,-7.23790401785166e-17,0.7727995546119065,-0.9769409755686878,-0.21358635968357836,-0.21072503436150702,0.20015320234220568,-0.19708289915980173,-0.11867000036199993,-0.22701136190856203,0.2508087402726273,0.6799518782310141,0.04192128132992167,0.26548650494017995,-0.15826895237888802,0.610841808322477,-0.8204397114089045,0.6785471203777623,-0.3654832391475362,-0.5339344714389358,-0.12003173282829885,-0.010999355747900586,-0.2874712687381982,0.12502314857064478,-0.6169801827379376,0.8180665637404622,-0.293545841186007,0.28146938571572766,-0.44529201765397763,0.5076047375063785,-0.6416927449082263,-0.15471339952861937,-0.277871021621958,-0.7147268219937619,0.2975170731533944,-0.340641113635427,-0.1543869855983239,-0.7338423133125656,0.9184250727727139,0.29700726043950465,0.1040482466119184,0.23304095817489884,-0.20590432625805888,0.2098608980853978,-0.27765774322317244,0.5856343080194355,0.23531687145760055,-0.6946366672371558,-0.24458571435593704,0.26749632953249536,-0.3770698138552358,0.16265228767972634,-0.4994842763645317,0.6411911415899877,-0.3818964979976865,-0.35818080356256504,0.4298721594376014,0.6603822790931145,-0.8348277430225644,-0.039642456905049854,0.5208521919300747,-0.04388600800700297,0.09958947611040288,-1.2259064720440688e-16,0.5184018999633943,-0.7000150776289354,0.4447959774081059,-0.38235149643868543,-0.2893889380223499,-0.04213334256729288,-0.07901449879905052,-0.05283095273137347,0.024383357597335377,-0.43915340881559534,0.6044546350370443,-0.055332574531357356,0.3724966654659899,-0.5289808303976162,0.288027539527597,-0.38893302755240533,-0.13526916553622165,0.241940379143056,0.33037304815332474,-0.38595503422196514,-0.1607314756532319,0.2277708410878376,-0.07409677916944478,0.032519831892120134,-0.22725927092579118,0.30597156506361195,-0.07379648248748916,-0.35955148546112015,0.4875657578509612,0.38413935112701714,-0.5187159570952494,0.010679383624695652,0.45973670186472193,-0.19517317748189825,-0.11768973595173204,0.23121406331748648,0.46688253254342954,0.14471599087323309,-0.11708554185497304,0.058082380841108415,-0.1851012761329206,-0.04280842859035063,-0.0020205656837231534,0.4678832795909473,-0.6522209154840325,-0.19914891684490227,0.27790518176793133,-0.06834670101293668,0.47579176904513415,-0.6628731850009743,-0.08614589302114226,0.10616891270953305
-1.0118328087008728,0.32444608547766474,-0.7539281678853815,0.35503005611942534,0.7609993504667737,-0.2655981939216578,-0.6490992546459139,0.1870208571945212,-0.40084799393531434,0.9906808786490411,-0.24143172002810256,0.49965874461756327,0.6359747414947378,0.5736159690300964,-0.873570146955473,0.1574013067101633,-0.22734596195076281,-0.660752090243145,0.18739179293939265,0.5411644938991222,-0.4439770127813716,-0.35541820966937543,0.13264024270205257,-0.31956953031363455,0.2875883073612292,0.2922912629535785,0.4907817389644734,-0.4960266029916371,0.0726567778045717,-0.07375240581482491,0.15264362908324627,-0.3324258384695044,-0.014018581220872708,0.03712511755451486,-0.11817422283016013,-0.5983549034621707,0.2490288727304041,-0.0008319070635064225,-0.08096107305622965,-0.5972847945320421,0.14734020455713082,-0.2869204130050163,-0.06049098854175526,0.2002294695108811,-0.020334941876651635,-0.17098211447757022,-0.23862502007292086,-0.7693701347758114,0.1909119051171079,-0.4237522548309314,7.317674790714762e-17,-0.7655304700273491,0.9726610125262137,0.20391628359416877,0.18670608146774823,-0.18981189055510594,0.1807584212704138,0.10968646411818747,0.2138655129967191,-0.24414924906507096,-0.6569947768927996,-0.037219214582018934,-0.25310543853081063,0.1530799568241611,-0.6145114441669276,0.8192745764102818,-0.645630020694106,0.3506390601453232,0.4935574106071924,0.12640236858252912,-0.036491620380584136,0.2685911458404446,-0.1224715923904981,0.611042351345376,-0.8071699651546005,0.2718406345396513,-0.2792694778603397,0.42318972642258534,-0.49109423338573327,0.6239702180289273,0.12349219733733469,0.27443442054658546,0.6688531609515984,-0.29438962385843637,0.31796279197116284,0.14761813373367794,0.7229293062513443,-0.9139104457505609,-0.3014148486969206,-0.10443157695633248,-0.23638920957769005,0.20601792317843276,-0.21978258282746035,0.28570101058853775,-0.5778531496442426,-0.22690653411341594,0.6642389690468611,0.2583471565806381,-0.3074474205574678,0.37457359053583583,-0.16482460301206223,0.5108628833429741,-0.6542492801454259,0.365848306501005,0.368066088144741,-0.45619742833535365,-0.6609239782008136,0.839751010585758,0.020697240268596376,-0.4980139345656977,0.04643714842815771,-0.08908217275393356,4.156449306366118e-17,-0.5189139201432152,0.6980745577160675,-0.4210495940384017,0.35989293197054584,0.26788143938917797,0.047193979689981326,0.04288542798644842,0.0417570869619874,-0.0249785182675903,0.43431905528109976,-0.5941911773568291,0.04791725492992423,-0.36655462275002093,0.51213913650311,-0.2791235308872823,0.3754939457367229,0.11083778629718352,-0.24051365885099946,-0.33113350193991015,0.3738590673458489,0.1710921385526707,-0.2482449273851197,0.07389828342586205,-0.03486036794671572,0.23465378460024308,-0.3139845466852826,0.06687398827900454,0.37563415407024214,-0.5085602085394522,-0.3895486867986992,0.5240445798232307,-0.018840194671281334,-0.45376801077711976,0.18670976242636705,0.12185899738470264,-0.23059185521416287,-0.44828816931639925,-0.15502047992569087,0.15088090432174237,-0.0566018521891543,0.16572491018891622,0.03825801714708602,0.008402802924521826,-0.48015381886333686,0.6632325423782685,0.19982317050601128,-0.2771671985445917,0.06588985235326424,-0.47722597857822086,0.658017131367516,0.06692535369817706,-0.09334005868570021
1.0094520539144194,-0.2949730574856683,0.7921021228615652,-0.3593573164605775,-0.764890676039874,0.2624445012986455,0.6533909536761586,-0.1882322997980624,0.3947075511520228,-0.9899255582318756,0.24242891220465615,-0.49831895167585644,-0.6348542396172011,-0.5729402404200141,0.8725352345653131,-0.15671775738268173,0.22705838566593553,0.7059395599138298,-0.2067917208287368,-0.5645834600439792,0.4247873410761982,0.38578753408613076,-0.13879653605546896,0.3207234909369054,-0.3047206600545998,-0.3144654321417937,-0.5126061348499688,0.5277478522737142,-0.07776844509522031,0.08337682479161546,-0.1515871936116167,0.3335188974496762,0.011932389074836756,-0.037131084558993145,0.11401746176009729,0.5991871033334472,-0.2502209464896993,0.00036839573583941255,0.0761867984190215,0.5976965842496785,-0.14758063268518956,0.28305857909387266,0.06126229439328508,-0.19420273584912218,0.01893894815715686,0.15357258107669242,0.20195898317315594,0.7726184852487434,-0.18606710323499712,0.425313576990865,-0.004439957617368346,0.7652646554053802,-0.9627071087741228,-0.17952078608859198,-0.17109698828822784,0.17073720047557597,-0.16420822069379137,-0.09810596446921811,-0.19498215324384083,0.2212649932914498,0.6781581927553998,0.007025985708776314,0.28123055621492393,-0.1342065449743431,0.638151123143587,-0.8343903774024509,0.6516735964348311,-0.3522792562142393,-0.4985144125454348,-0.12835844763631013,0.04061361082014211,-0.27389721011982565,0.12380047544547089,-0.6145587955123661,0.8022251069639437,-0.27644828207741257,0.27826705834360504,-0.4165939985697523,0.4945071513213003,-0.6213981423703667,-0.1197116440876573,-0.2349341823743697,-0.6818616644869294,0.2790511784404852,-0.32992242406246136,-0.12838872339412835,-0.7266194445305179,0.9095413954183038,0.28524886009974165,0.08232829973415551,0.21676981620023286,-0.175632613915119,0.21513932835406657,-0.2766297980760808,0.5777598673761842,0.22856202429533728,-0.6656327396879043,-0.25782586058086504,0.3014563099247251,-0.37309098230142557,0.16362226303137162,-0.5101693815550387,0.6473083917825605,-0.3651062473443965,-0.36831538877031555,0.4507421886927252,0.6607788382037991,-0.8311318403974715,-0.02267215968440477,0.5353287050707431,-0.06500823420412492,0.13446286246754327,0.0,0.5511095830132132,-0.7247314280863085,0.4471783635802264,-0.36151347571049586,-0.2925507405761093,-0.05618487951925024,-0.030914873135952373,-0.06842063531559284,0.03552622319673415,-0.453537797205601,0.6091471132991378,-0.0734823476160594,0.35805806658469047,-0.4971843978058702,0.3011748018029414,-0.3960570654947645,-0.10788965782448012,0.26652667635825616,0.3306786861542461,-0.4002022133396787,-0.1789144596251686,0.24960583240536283,-0.10710200435700988,0.04859899902127791,-0.2526569023755321,0.33051436004185747,-0.10052204311440459,-0.3853661148034191,0.5103704482500798,0.4119997168570461,-0.5417963185042327,0.014748386010990284,0.4562156607179891,-0.18864894289048012,-0.12148032687239266,0.22389601926209773,0.45097299168128263,0.15552898528786635,-0.14946514476312014,0.05577179822506412,-0.15951801382506434,-0.03652931602072944,-0.007379916232774434,0.4812907432116344,-0.6557149999457906,-0.20098280804695123,0.27476539329432914,-0.06159939564548955,0.4782758155966298,-0.6505975594892878,-0.06586029494261235,0.08871620493685087
-1.016255423927168,0.30411830660779837,-0.7879965407778828,0.34264786876461095,0.7699010947465174,-0.26113627785880783,-0.6657737853429022,0.17521026199125758,-0.4060121010159082,0.9986760430165089,-0.23456554272594018,0.4644760162738598,0.6243463150927838,0.554563186228474,-0.8714048846041496,0.14155393802262958,-0.24035455879659373,-0.7041709935943106,0.1977244632262253,0.5697451852165364,-0.42257423837739777,-0.3934858719567855,0.1298188861874774,-0.3270618087018666,0.2810633075823129,0.30640964965549433,0.4902777721045547,-0.5220109363287174,0.06931891495147785,-0.09265595031211629,0.1413716038237466,-0.30633187737185674,-0.01048056302006891,0.032351915224477064,-0.10452677881791128,-0.5805610116417883,0.2511397814475756,0.00040280187612468067,-0.06734814850292285,-0.5872234929625648,0.13198456459199776,-0.28331918576591264,-0.057501466273720846,0.1906795860930253,-0.015114336617011738,-0.16200102146595294,-0.20621994516573217,-0.8200284029267207,0.1858769716144498,-0.455166556698053,0.004859146420909618,-0.7759710553169161,0.9637415583218902,0.18732643442585292,0.19077521257024793,-0.17835413160309335,0.17783799421611787,0.1046767135555694,0.20428207025306275,-0.2236810454146126,-0.7053742126989473,-0.012101830513910368,-0.29994247123139045,0.1388674744107631,-0.6372358195651953,0.8296662310656326,-0.6839138044909886,0.3641810973407656,0.5355823200792927,0.12025267873902372,0.0026739968143202355,0.2970650908018228,-0.12545377288727402,0.6199115921470967,-0.8043784675918045,0.29943934729355354,-0.27786719569881735,0.4294894797889504,-0.5075198639573235,0.6294293521768967,0.14385775871813583,0.24004474722389849,0.7318013896932489,-0.28218852518901566,0.3588902204436092,0.13413534145721873,0.7399830817738816,-0.9087557125624841,-0.2835257940140009,-0.08379028355568795,-0.21759134077044157,0.17794823189114384,-0.20782896907046644,0.27121770680993507,-0.5887467784616001,-0.2394512336163703,0.7009259503873101,0.24043334878205816,-0.2465298278779383,0.381067671507614,-0.1623685220050302,0.5026160493704069,-0.6360456760417861,0.38763843008215737,0.3600417313266249,-0.4182553149159077,-0.6646922817818093,0.825226772402139,0.049285609349608565,-0.563522109521365,0.06202675595263237,-0.15148391507367187,0.0,-0.5529690709185524,0.7193813121580855,-0.47336260471032676,0.38070582922876345,0.31489225010550487,0.05137914009113247,0.05974014403431936,0.0853433649524817,-0.034660121437398425,0.4588426859957363,-0.6108610349468901,0.08464816209758888,-0.35976482903213686,0.5020607445597962,-0.3089952852572003,0.4019852925765669,0.1242110007342264,-0.2699657598332382,-0.3318878458465908,0.41774612517291065,0.16523909098552525,-0.21298522062507894,0.10910201323878659,-0.04598122508141905,0.246722299400999,-0.32118977620788075,0.11229695779247766,0.37009156281337374,-0.48093543186397814,-0.40992302309645523,0.5332865394245025,0.0019443328061683857,-0.4611723821502959,0.20005473866840423,0.11418788513772474,-0.20752873791587986,-0.4676787141079612,-0.14189256451510376,0.10870502910605671,-0.05424644740913148,0.1633007960018081,0.03693626963650277,-0.002300675619304319,-0.4676135180192569,0.6325456140553537,0.2022792224175245,-0.27336045280997784,0.053806772185958286,-0.47350285597076375,0.6409274185234054,0.0843970275994146,-0.09099271894023214
1.0174731828152555,-0.3334490732104329,0.7532454872484458,-0.3456835883997572,-0.769453751592512,0.2641446110394424,0.6628407856983134,-0.1802694447718573,0.4063714917305365,-0.9953979940412424,0.23810415343025235,-0.4835201706447909,-0.6331948478008621,-0.5592879144384827,0.8733115920524492,-0.15130591264554635,0.20827466057932875,0.6588708666344982,-0.17972306373724226,-0.5452472802741257,0.441705059438776,0.3622556876036409,-0.12677191846277833,0.32929848257392824,-0.2770595757434487,-0.28869657941798954,-0.47586023375910846,0.4914064370267609,-0.06982748396467651,0.05909070547347253,-0.15053108496232048,0.3155423710805545,0.018287857796797438,-0.034261288117946445,0.12235377117308027,0.5873385174792245,-0.24793332606520746,0.0022381115455855733,0.09538788594306087,0.591071491214037,-0.1383713749168408,0.2774454384382356,0.05615839980690906,-0.2131122455222911,0.023529713029385366,0.17791961869480682,0.24135120273290703,0.7956874817957238,-0.19008320909874515,0.44047020180348795,7.31467815972943e-17,0.7727432635714618,-0.9685709766203696,-0.21081192936294316,-0.20031718238395807,0.19684448826386008,-0.1905415221934282,-0.11590711366023623,-0.22172285029387148,0.24636288982268276,0.6710537105841252,0.041798908961112116,0.2634276526723662,-0.15723011038587772,0.6148305763377624,-0.8134366384130259,0.6663107934725893,-0.3562156589991312,-0.5183567729465687,-0.12156244095363833,0.011277331022716263,-0.2837539099664994,0.12383117884095249,-0.618056975219335,0.8083898256686505,-0.28694772458993706,0.2786503785019904,-0.42736982575802046,0.5034095842718529,-0.6309830647047129,-0.13702285516657473,-0.277750714240741,-0.6938738148531737,0.29668224776482294,-0.3331142958429849,-0.15271091964292008,-0.7295197718429949,0.9111369957243839,0.3008970399904387,0.1057155493765835,0.23574340767557234,-0.20715514341051608,0.2167243798790663,-0.2760643887219936,0.5855036670199866,0.22805727857743738,-0.6829497948835858,-0.24889573340128954,0.2974054440054876,-0.3785993680074513,0.1631511009471048,-0.5091611015871048,0.641671622416493,-0.37806179040938176,-0.35926275854348183,0.4422438520479643,0.6632564485779984,-0.8313381383356968,-0.014145164313769523,0.5094358779919731,-0.044236042698007946,0.0972429215519683,0.0,0.5182553293135599,-0.694982825834704,0.43364910870916024,-0.36804966319946947,-0.2800944063813368,-0.043347298297554966,-0.06503856985904036,-0.050817476274049415,0.024321545959810207,-0.4373925322663955,0.5972404871521216,-0.05346541059150654,0.36614712378048486,-0.5145156571180155,0.2849434542973689,-0.38211050783208206,-0.12529979936850916,0.2418203971370127,0.32704161666451326,-0.37995316286538555,-0.16393952371368248,0.24655623685486067,-0.07455766361994592,0.032992619997646216,-0.2317714139952059,0.3084870098769444,-0.07252680308967771,-0.36399677957190285,0.4932203768295217,0.386530984666203,-0.5183398622292947,0.02717502018814529,0.4530957305328334,-0.19047305859823835,-0.11897467388911771,0.24074972032744013,0.4543146077934161,0.14626817666412492,-0.1363755948555439,0.0578062946867312,-0.184067587656517,-0.041908981746505106,-0.00309150525450658,0.47094915567183193,-0.6522356494001138,-0.19879008095845693,0.2758304474564118,-0.07897084748100329,0.47321405905606023,-0.6549207355479059,-0.06880521232228816,0.10839367349257008
-1.0156235794061599,0.33839651346025335,-0.7442659981360006,0.3374579251949726,0.7660959617781462,-0.2655960675214663,-0.6651208035663527,0.17257110777927318,-0.41893974118316063,0.9967184682272816,-0.2276552043653914,0.4568117514146957,0.6154406867579812,0.547669516656803,-0.8646160521972487,0.13819405761092127,-0.24559517072812465,-0.6545593777727543,0.17897087660308625,0.5467764062969402,-0.44313067329084516,-0.364657869786742,0.12331381967599626,-0.32931140473333526,0.2591170651589291,0.27928245270474983,0.46087559996112615,-0.4845162387005111,0.0625885699230925,-0.08606960714187456,0.140087630597227,-0.3014333555901471,-0.011877885034726428,0.03170252314483897,-0.10682950096404865,-0.5740572030006379,0.24914394179478447,0.0003321817409904962,-0.06861114187373292,-0.5847688301352278,0.1291972105643921,-0.2901366639026395,-0.056410670692235446,0.1958122791318973,-0.015273721844709534,-0.18306844544244252,-0.24324069754039582,-0.8239030453114585,0.1902494039873104,-0.4565680621062671,7.251335266254607e-17,-0.7760468293988063,0.970470159388643,0.21520121006006046,0.2136894264722609,-0.20147989464689472,0.1999986054770541,0.11988952797995847,0.22746539328683807,-0.24783697061173807,-0.684590765318309,-0.04406116053210108,-0.27097077826171223,0.15929567951022208,-0.6100307212999045,0.8115124081633528,-0.6846926156003207,0.3671615422914752,0.5395651171064164,0.11785989819272695,0.01740101595731754,0.2946420910039556,-0.1245922593999317,0.6177070966788852,-0.8105131890319472,0.29900144355491615,-0.2805226740814007,0.44212006579681773,-0.508224603328586,0.6355503213377104,0.15521670683748437,0.27974830988975097,0.7262253250663631,-0.2976426211834804,0.34935070400880286,0.1558489973941738,0.7366914779708827,-0.9081364624795859,-0.29408634387067834,-0.1047523483639802,-0.2335073894969939,0.20707456572055105,-0.20705064629955966,0.2763536892976699,-0.5848344125850442,-0.2389280156816585,0.7014013979933437,0.23694684850524408,-0.23726857963482398,0.379258978061179,-0.16196225840342104,0.496150484248559,-0.634084486894255,0.38868344869315147,0.3563546634999222,-0.4129148047206982,-0.6606606616472164,0.8261762477752436,0.05561129692952764,-0.5271542706356707,0.04200282698263722,-0.10505044891290027,-8.119624589792746e-17,-0.5184063148649284,0.6888139114508751,-0.4518349449571626,0.38560168317082,0.2936799317322207,0.04243194258687381,0.0768765761124205,0.05931679730516434,-0.02339995718131339,0.4409559784446476,-0.596522207649783,0.05852406095084392,-0.37074697834777653,0.5191719724634074,-0.2888064076109988,0.38374121914475584,0.1310451583410204,-0.24154964741475904,-0.3295838147937165,0.3902087619497519,0.154812679156052,-0.2033604325583925,0.07439634473119162,-0.0310912232495446,0.22520597671103185,-0.29942097251937716,0.07776016983252099,0.35496529712914343,-0.47118089558645787,-0.38373337290134996,0.5098720404501349,0.0023025416037544886,-0.4591813989036863,0.1998877299952395,0.11325025883252943,-0.20953042754012552,-0.46904164757374284,-0.1397710599532832,0.1006894050150553,-0.054837953275092874,0.17019835850017292,0.03894580401731507,-0.00246079880169659,-0.4629930199509404,0.6337282648922873,0.2009400595945318,-0.2747473925976547,0.054970073809909425,-0.472186070589425,0.6467970475742605,0.09137647932068561,-0.09571915005812574
1.00620713211914,-0.29563635364562424,0.7903752024122479,-0.35920121910961955,-0.7635212870018012,0.26277238934706965,0.6536653847531981,-0.18806049732180005,0.40113501897511744,-0.9879294818032277,0.24171882896298882,-0.5000623093028025,-0.6332943940314905,-0.5716214419120803,0.8706293236239862,-0.1571111286698908,0.2240836761091453,0.7049980747534114,-0.2057517482550005,-0.5635821153279136,0.4259487490311692,0.38598973692505717,-0.13848316516719877,0.32800983016061735,-0.30650861144181013,-0.314033466271811,-0.5121335663820421,0.5268503667159389,-0.07823337206035444,0.07965387171380606,-0.15337607403313086,0.33465245464197146,0.014055065722785207,-0.0373754631874413,0.11936048797130773,0.5991384883315605,-0.2492343672918454,0.000854727067834663,0.08243223421903458,0.5987102239040835,-0.1478660551789606,0.28640264189534625,0.06065637507867448,-0.20151334791711417,0.02075267342364978,0.15357276691950733,0.20136506743060084,0.7705243766204696,-0.1861800192235866,0.42292384802329913,-0.004517770019164763,0.7632687828367952,-0.9613567779813332,-0.17979493014007167,-0.17156655572103255,0.17123478173810278,-0.16436610507137742,-0.0984385635513957,-0.19555519197426854,0.2212353605104754,0.677130896903108,0.0065537649777635916,0.2796197056306446,-0.13436210433779636,0.6371824577545383,-0.8354215660961452,0.6511461036880313,-0.35220113432197525,-0.4989453051773361,-0.12846448381382738,0.036012680746391024,-0.27229820133494825,0.12437682409881408,-0.6139740523457845,0.8037109498847198,-0.2759251213785232,0.27837333092506844,-0.4196626816564966,0.49500023665858417,-0.622728057077326,-0.12460715086707834,-0.23459972461457834,-0.68020566918282,0.27945488886318826,-0.32799752756657147,-0.12844444436014224,-0.7254249339532874,0.9096929688917794,0.2851752104281665,0.08201109841146473,0.21599255316586544,-0.17531813968127555,0.21479983841382186,-0.2757888016105191,0.5774858475844489,0.2275475613139772,-0.6644575743923737,-0.25901624761564707,0.30617588146845603,-0.3719510438282926,0.163937282265319,-0.5094624932603679,0.6465286723970664,-0.36337195182304105,-0.3675731837920435,0.451956463560933,0.6597194265555272,-0.8308160578238969,-0.019872872727717338,0.5342618075598264,-0.06559066286499653,0.13291451328692036,-2.068174626755132e-17,0.550556800101146,-0.7270587837918575,0.44623638625849543,-0.36158331659508147,-0.29251083362355673,-0.05573314226340139,-0.03638238149607073,-0.06662426954425509,0.03591119410199162,-0.4530043131250195,0.6117345918632072,-0.07277131648208399,0.35874623183727083,-0.5011177462874048,0.3014324181064925,-0.3980680781050789,-0.1133373887308658,0.2664974516259051,0.3303185786156153,-0.39925786936888774,-0.18007609112235912,0.25573652359081783,-0.10685246969799699,0.04901639596058732,-0.2525179080937915,0.3312708908952464,-0.09932801602554396,-0.3851929199331111,0.5131419010597862,0.41143523992274417,-0.5433365005979134,0.0184770428206817,0.4562579578200726,-0.18756721079593638,-0.12260611341259216,0.23174921419101555,0.45106489733182853,0.15633197323837633,-0.15058587885869426,0.056942703869296125,-0.16720576795530048,-0.03894082789071523,-0.00871340794667962,0.48148329485040897,-0.6600736891807562,-0.20027879881688565,0.275781504930173,-0.06718634734127334,0.47898868057181115,-0.6554366491799256,-0.06725589477528594,0.09481415071434278
-1.0079712949590047,0.3079718599384015,-0.7833492264155743,0.34416768434674005,0.7674667540453242,-0.26358428383164817,-0.6688661198776706,0.1757288414872298,-0.4230905165626014,0.9922334669930626,-0.23067797144330648,0.4676322948518458,0.6161060621297291,0.549535099949613,-0.8624941932464165,0.1420179724774823,-0.234304797773829,-0.7006380027014252,0.19591540755293577,0.5672412212077339,-0.42737178804441794,-0.3948995474285182,0.1295934707310192,-0.3448960178494344,0.28465839711175156,0.3031718608597312,0.48739580758828716,-0.5172185775272223,0.07015368051910992,-0.08526514635272464,0.14568712763542235,-0.30992226456676214,-0.01581470565147822,0.033035151754484855,-0.11628371769638467,-0.5795262201061603,0.247867324112743,-0.0007207227286215391,-0.08020812684192433,-0.5902006607240663,0.13294314303153285,-0.2919350512243152,-0.056126692741829694,0.2065481168346512,-0.018762782991499614,-0.16192954841089055,-0.20339348159356543,-0.816448480347333,0.18533652814714438,-0.448695060578924,0.004899786828947707,-0.7717052862082947,0.965574680069566,0.18798834476225676,0.19416449685754172,-0.17991978650375073,0.17943718963553204,0.10595558902346199,0.20755335138941391,-0.22704909851212246,-0.7039543215249916,-0.010828194430299731,-0.2955179427319295,0.13877503631653026,-0.6351935249154179,0.8357738321368671,-0.6849241761420904,0.366706204634618,0.5401030580591794,0.12115669997523874,0.013008314481862635,0.29316980268886167,-0.1267156600443671,0.6198858316574117,-0.8129800888490232,0.29902481597176417,-0.28002587948932295,0.44083491039256834,-0.5112313110396682,0.6386760611034369,0.15558168080997617,0.23727600214969927,0.7285763231763576,-0.28141960362999663,0.35340717219988044,0.13373551749018453,0.7368413259348103,-0.9128579821209533,-0.2812084443352396,-0.08190600572955431,-0.21357346651062414,0.17515971991246942,-0.20526471426358908,0.2682545409785303,-0.5850247989055114,-0.23695396642608263,0.6963400429512002,0.2429870348020148,-0.2581780936746024,0.3753010391088387,-0.16158244635175378,0.4978052703220769,-0.6332736405984801,0.3812651028504968,0.35750658835844745,-0.4221209225081045,-0.6596373069217625,0.8250775744338038,0.04333981821251429,-0.5613137462873089,0.06307037795783274,-0.14734982323747495,-2.0276610924299806e-17,-0.551290068060585,0.7270653184095708,-0.47207937972468045,0.38359004084977,0.31637242558868905,0.050330729531665994,0.07300714133061757,0.08082403931724047,-0.035548262605886,0.457993941791649,-0.6196839732362791,0.08305056004070038,-0.36352780771394716,0.5160262090055054,-0.31072279485207444,0.4097947357749382,0.13689641544331618,-0.26850962259743383,-0.3306095320144119,0.41436789937430496,0.16777725649549732,-0.22708552603994583,0.10763412435116086,-0.046559237503073246,0.2448629025137231,-0.3222826191061239,0.10877523868235284,0.368748675518163,-0.4878479078702439,-0.40696831132166256,0.5367275087951923,-0.005709766973552882,-0.46154501224798167,0.19715444535495624,0.1170288424632281,-0.22590844261648732,-0.4695112862585573,-0.14429987532804794,0.11218483387862219,-0.05740935286054654,0.1818865387799972,0.042183748795246674,0.001000477201876156,-0.467810230065597,0.6445332987066721,0.20008438760721883,-0.27580976478512503,0.06554787471363065,-0.4761974363194313,0.6559011330367944,0.08780262081945281,-0.10427660700140526
1.0177258899000412,-0.33425972692827094,0.7524032514578879,-0.3450431255284886,-0.7692503933858593,0.26402516060084874,0.6633683522989419,-0.17961693417427158,0.4036947984192292,-0.9957430812860586,0.237420535817303,-0.48193373966636727,-0.6320641049087592,-0.5584392455236683,0.872695814750727,-0.15048555651970422,0.2090658172147638,0.6581734975541019,-0.17930492540563392,-0.5450408478230481,0.4417348336423492,0.36241328443752907,-0.12631206470491296,0.3263098863855103,-0.27579939918473717,-0.2878292180585081,-0.47444651252826636,0.49042861526702847,-0.06935175175340265,0.06038597023386459,-0.14997981877731179,0.3143560155859457,0.018258255417230734,-0.03403613327451447,0.12028525763957244,0.586071792050347,-0.24764062453723623,0.002192787712784969,0.0926939465914976,0.5903992231801873,-0.1375980701891467,0.27574974499754845,0.0559321440123421,-0.2098945467038191,0.02279442382835666,0.1785491362258931,0.2416180901654638,0.798871790046525,-0.1899801717780803,0.44239125817175534,-1.4589466929166667e-16,0.7735688740041631,-0.9674561016094547,-0.21135764513382346,-0.20184562111123316,0.1973534481278922,-0.19161843818111307,-0.11638089143453284,-0.22255744339836805,0.24692528437800557,0.672521353869782,0.042175513442802494,0.26437704756768493,-0.15749014145097892,0.6145411478972413,-0.8110799684761749,0.6682386659964987,-0.3572340241126154,-0.5207161066849932,-0.12127403026329935,0.011116638554221967,-0.2850965145859672,0.12383180458765089,-0.6182330850492923,0.806612077026805,-0.2883569759964315,0.2787613153095091,-0.42646434241189635,0.5042233025911239,-0.6306017822827086,-0.13610170784671932,-0.2780520531083998,-0.6970660881070536,0.29676550886415576,-0.3348634372036482,-0.15310515872500643,-0.730458756561496,0.9098807525064442,0.300780869627604,0.1057386166353223,0.23578234170349033,-0.20718653042832014,0.21618902644114127,-0.27532760272578943,0.5861067734246898,0.22886131577155533,-0.6850293135065069,-0.24819087038268475,0.2940211665492578,-0.37899401227366053,0.16290722525751886,-0.5085204129584269,0.6398703631619745,-0.3793487060909086,-0.35905318642325224,0.43997757154992634,0.6633321658262731,-0.8295896755781167,-0.015857549775104725,0.5108210515711689,-0.043960602870438174,0.09799009812605453,-4.115208571477019e-17,0.5180954136104678,-0.6925386116695275,0.43499273780641323,-0.3695341127766857,-0.28127588811720905,-0.043110513986328446,-0.0645884031392418,-0.051642426641926774,0.024206241259083428,-0.43747722913752163,0.5952938136200789,-0.05395676586218063,0.366526643587914,-0.5133806928702492,0.2852814055812927,-0.3813359149033935,-0.12395466230015985,0.24181090896619942,0.32716549216119584,-0.3806310371084226,-0.16327620214809022,0.2433329643184468,-0.07454169489342802,0.03275661762768041,-0.23120308423523583,0.30689089044026496,-0.07301592712625272,-0.3631455506383399,0.4902283412324709,0.38605142446090973,-0.5160352910018504,0.02543869012317899,0.45352867142604936,-0.19097912752407017,-0.1186313082274256,0.23778630979597337,0.455501816627182,0.1457269601459042,-0.13466307656312118,0.057782385882355035,-0.18211474690167478,-0.04118068013107242,-0.0025646378851641436,0.4702029651664788,-0.6488905444324229,-0.19867144917399876,0.2745898851806225,-0.07679579253528171,0.47307271892000474,-0.6524751409400303,-0.06888620406489954,0.10637048268771179
-1.0182580959062264,0.3364192289360159,-0.7474621943513011,0.34145067417780794,0.7700332081580561,-0.26273922179220816,-0.6652864851819583,0.17480380895524583,-0.39773233782752776,0.99779874542826,-0.2300563458394658,0.45846344198298977,0.620034025913723,0.5489274082583789,-0.8679777945871949,0.13986993509231144,-0.23660024280891345,-0.6564361864510904,0.1831197192761165,0.5497101396753994,-0.43881860905758197,-0.36515064439081873,0.12508035641316304,-0.3115712585288636,0.2593951347409782,0.28116738643090144,0.46230647444216644,-0.4868384658722684,0.06317923062870869,-0.08381852180144332,0.13878705159339064,-0.3023673102419825,-0.0084830445275602,0.03180183140313098,-0.09973740899180222,-0.5750993712052715,0.25128350956527595,0.0006676250061903447,-0.06326248609968206,-0.5826084749319282,0.13032444351318717,-0.27546095256531433,-0.05762021173031399,0.18444822019790075,-0.014016262370704349,-0.1826877712179985,-0.2435691560171615,-0.8220873259814523,0.18926646037585249,-0.45728794772570447,0.0,-0.7772443083146326,0.9634179399809399,0.21457580439975688,0.21034659340243506,-0.2006844119844372,0.1982205714129401,0.11936041136130657,0.22542949922276337,-0.24694278119015758,-0.6851367565475431,-0.04526044527599901,-0.2728289453035769,0.15913771602393076,-0.6123570781932205,0.8023445338913228,-0.6851501640998555,0.36546320015922845,0.5371168565353617,0.11950466948284501,-0.0019533270282843735,0.29697694930634655,-0.12365864675420878,0.6202635942444263,-0.8024892727721853,0.2987724749566067,-0.27905325860228475,0.42720591770340516,-0.5078183380865987,0.6294562622462949,0.1382027511987429,0.27995012317698764,0.7233156712007026,-0.29670519900879533,0.34961569880585636,0.15572567446048702,0.7365331756657528,-0.9016115310044245,-0.2954005089810266,-0.10555203495243086,-0.23462006416140163,0.20762183941301043,-0.20906093287531424,0.27426144055754387,-0.5857983056112228,-0.23728410281517354,0.7007590187912222,0.23702517161091516,-0.24275362492894442,0.38048078021883525,-0.1613334433841673,0.499274797985588,-0.6306185013662131,0.38979880047505594,0.35618657945169746,-0.41310948087626254,-0.6625341878435826,0.8212312597094289,0.0482618184277233,-0.5272355484321545,0.04096678634951975,-0.10688836088258355,8.15659150782046e-17,-0.5196471659132827,0.6805729616196059,-0.4529435755117339,0.3822673731685095,0.29328121183656314,0.044499120304457726,0.06039446713289688,0.06212428325662174,-0.02278827514829994,0.4429668296713884,-0.5893671600641449,0.05945795594414856,-0.3677440180857242,0.5056872676337769,-0.2890600813994519,0.3785770203100817,0.1169661491166701,-0.24201594843523644,-0.3290770546802668,0.39101827542403267,0.15459783053467593,-0.2016116928061651,0.0746344163331119,-0.03038255329271551,0.22652024464534154,-0.2967366826956733,0.07927254271738036,0.3556828975041645,-0.465656934198952,-0.3853904374404016,0.504739231912715,0.0008500159114459476,-0.4581787767485088,0.20129614825049877,0.11238733332743245,-0.20092564995480083,-0.46655739948292807,-0.13986413898110656,0.10848118837220497,-0.052994662234489356,0.15693983878008452,0.03472526961138038,-0.00455746590155783,-0.4635014029107317,0.6237374845775387,0.20251668209886808,-0.27203407859921513,0.05026231946009835,-0.47058614256332304,0.6340645926666619,0.0806613599455829,-0.0862737885358173
1.0194723004153314,-0.3036210897803332,0.7945994035548569,-0.34525055552407463,-0.7731345071130469,0.26131712444786837,0.6669313526315132,-0.17960278632159535,0.4049615830435654,-0.9987914130238515,0.24173301380448006,-0.4828547166712514,-0.63716233764961,-0.5616497699359236,0.8776263971079832,-0.1508681541760433,0.21295174642051226,0.7064868949198898,-0.19444217840651765,-0.5676899541625607,0.4232876312790746,0.3920257811928814,-0.13102755935072455,0.3333249076911624,-0.2944833444163338,-0.3132960835259563,-0.49972475764349816,0.5259015724068854,-0.07500333502671294,0.0699565321377488,-0.1504023133201609,0.31397429928852855,0.01866646907639127,-0.033973202065814265,0.11968535255154007,0.5892580383850616,-0.24873624536896238,0.002163123839657871,0.09160221946647727,0.5923855380418953,-0.1376185461637936,0.2776873073007806,0.055916618934231575,-0.20930512650639305,0.02241265361256865,0.15993248248899752,0.20525958028272767,0.8005381110704843,-0.1860320715466643,0.4438433625374666,-0.005154655717505053,0.7747436577921155,-0.962143559064007,-0.1857857173470413,-0.1842555949697819,0.17669198196380873,-0.173181068071491,-0.10309149610724544,-0.20255988722475388,0.22301789322444965,0.6934696405294866,0.010664626527502753,0.29332805583571603,-0.13829697562136536,0.6400135056751267,-0.8314506852096234,0.6701028695886624,-0.35550890841266286,-0.5219605449628439,-0.12133905245507876,0.007840740265030594,-0.28891148216499163,0.1256099486614596,-0.620313993958825,0.8035551610039949,-0.2916803662268261,0.2767797509805599,-0.4229287040967568,0.505923549756539,-0.6273797409427214,-0.13824579049942554,-0.23901823239855965,-0.708549351779834,0.2822148182931791,-0.34672928052171653,-0.13262993262742975,-0.7353594540686677,0.9092182524785716,0.2870377612188918,0.08417450934536859,0.21832431311332098,-0.1779227118806928,0.2140796304512495,-0.2710149635485911,0.5884408994548508,0.23081567272339568,-0.6867125551672102,-0.2484745511065689,0.2884821555823215,-0.37988785418862636,0.16336982291419336,-0.5117390586456184,0.6401914927045439,-0.37924869541693257,-0.3611405313895715,0.4373541970904724,0.6661856446714187,-0.8271974549589984,-0.0194475044968009,0.5477180220909876,-0.06376989274381495,0.14396021979582602,0.0,0.5515063363618561,-0.7228951919629559,0.4576639397583761,-0.3677834716951101,-0.3039257869149674,-0.050206080332503074,-0.05945863054424086,-0.07747031703522354,0.03538557077171982,-0.454983981341016,0.6109616966795084,-0.07988275229444565,0.3571312770438033,-0.5010398961240649,0.3060279021447336,-0.401130657040695,-0.12613341681268112,0.26947008338710443,0.3274149464361104,-0.40771565774889823,-0.17173531874407633,0.24708758454281127,-0.10894691436654416,0.04746965174774198,-0.2513390285493334,0.32688695948008895,-0.10716250577195849,-0.37481781415272164,0.4970759817171911,0.4105356398973951,-0.5381157398281312,0.02213498883075601,0.45452705053851905,-0.191152824738855,-0.11879840226897993,0.23571508391344534,0.45545502476312716,0.14532958499213494,-0.13037198419818438,0.05792211602516055,-0.18136796531004795,-0.04129213404550879,-0.002785950714114228,0.471974866716178,-0.6466743707637469,-0.19921871616858847,0.2734057810571092,-0.07574403599790243,0.47382923725598985,-0.6487937321287515,-0.07138985022836113,0.10617500347465131
-1.0195150846481666,0.30364101819864375,-0.7946301369070978,0.34525726246930716,0.7731746428872205,-0.2613284884157079,-0.6669677320453746,0.17960338779259855,-0.40497228204998653,0.9988272231113096,-0.2417307172409971,0.48283063849311053,0.6371655839337199,0.5616553112411071,-0.8776425603553094,0.1508581230101087,-0.2129758361622718,-0.7065112255627933,0.1944504490682405,0.567719186880001,-0.42330280883974897,-0.39204642783771443,0.1310289970471988,-0.33332428846827017,0.2944659624952543,0.3132968987175816,0.49972714232293575,-0.5259114335044281,0.0749971788965135,-0.06997716730153467,0.1503914591869118,-0.3139659049175429,-0.018655916316830296,0.03397022403415427,-0.1196662738843261,-0.5892675573523158,0.24874775523230236,-0.002160417201077357,-0.09157969892441561,-0.5923982704042977,0.1376131888921376,-0.27769229775532545,-0.05591881650852031,0.2092886150275057,-0.022404942302897538,-0.15994185633840916,-0.20526406849641346,-0.8006055992743956,0.1860290428965872,-0.44389131109288077,0.005155199231174106,-0.7747797847517205,0.9621559100918899,0.18579539705641687,0.18427938408620037,-0.1767007064137523,0.1732009421734352,0.103098746473044,0.20257554457352242,-0.223025617838637,-0.693520143035833,-0.010672415931379776,-0.29336305961828485,0.13830201144593154,-0.6400390718587026,0.8314583605172292,-0.6701576432667836,0.35553936909374895,0.5220111392667559,0.12133893009265691,-0.00781571469302152,0.2889518966313824,-0.125609949365367,0.6203454360284909,-0.8035694327163916,0.2917155282302335,-0.2767947404972236,0.4229485500833027,-0.505953499257743,0.6273955550659744,0.13825972621932486,0.23902167104711186,0.708613192478929,-0.28221290980020214,0.34677126198865077,0.13263425819621733,0.7353913875115536,-0.9092202550451646,-0.28703719189458,-0.08417557267109575,-0.21832910825670918,0.17792248036664493,-0.21407611172517882,0.2710101390619647,-0.5884551045454475,-0.23083529162938254,0.6867543897962562,0.2484608261315979,-0.2884201615902543,0.37990263435604815,-0.16336366528025525,0.5117403499607517,-0.6401791725088434,0.3792807655139107,0.3611467615147067,-0.43732737329121935,-0.6662010406208645,0.8271883920366212,0.019480180488384825,-0.5477634506558023,0.06376418119705157,-0.14398811049798346,0.0,-0.5515278594159513,0.7228938383153031,-0.4577065201186815,0.3678191521757754,0.3039565350976592,0.050207191471414114,0.05946944567827064,0.07749806942502417,-0.03538304638031404,0.4550074973585901,-0.6109667289041981,0.07989968500057378,-0.3571491869055827,0.501050392298379,-0.3060454233614824,0.40113721730557295,0.12613752404741577,-0.26947763095845395,-0.3274295693394504,0.40774307772144736,0.17172475691014683,-0.24704022942333972,0.10895187187163195,-0.047464655516074386,0.2513393916343462,-0.3268772328956846,0.10718158588247118,0.3748202851334521,-0.49705337894196533,-0.4105452208944302,0.5381062904939361,-0.022109544279455273,-0.45454964586939617,0.1911722625679683,0.11879183580224585,-0.23568131265404815,-0.45548871550168535,-0.1453236309947409,0.13033741602699908,-0.05791775133702159,0.18135154300193798,0.04128711431075899,0.002770049954700339,-0.4719828650777799,0.6466579434238441,0.19922816429964632,-0.273404483516052,0.07572298706886717,-0.4738435606050895,0.6487881793602447,0.07140617884457245,-0.10616269244215938
0.9103594581258475,-0.08949084104512256,0.8391183608027595,-0.29120968955510046,-0.8994837019945869,0.3375849698508673,0.5432917998973157,-0.16522431564493256,0.3899614204663897,-0.8830669855025557,0.2321143115276226,-0.4447978408302775,-0.5679743975179795,-0.5009840213714216,0.7862090192812358,-0.13971910406803464,0.2118192399253865,0.7911442122867017,-0.2387544039813282,-0.8166838363316932,0.37671231955549633,0.4497174626533575,-0.14653613693409082,0.357448007156426,-0.33574001539357035,-0.2941856678852767,-0.547853036741475,0.5861603530921745,-0.08665800810952588,0.09581466527338368,-0.2577979043749528,0.3251995290206916,0.013954196874018155,-0.03603396618571989,0.122775879057916,0.7056186172524753,-0.43785601711887745,0.03496627134326026,0.034008707754434,0.5905281193738028,-0.14273681725902823,0.2931495135761163,0.05930910384191227,-0.21036913289692977,0.021406238115742708,0.032536059991595506,0.04240740019384562,0.7048206036173984,0.04377848369247701,0.31079763459844356,0.0,0.6999051495874973,-0.8892179938823899,-0.034158682001317185,-0.05887803130479875,0.02784381722844068,-0.042617480600739686,-0.019417137303974045,-0.06289752001960101,0.07347543585914253,0.6632296177333348,0.08225332765470814,0.27075008511160514,-0.025308236844939946,0.6528300334662123,-0.8377969697936101,0.6823963013659158,-0.3607850964546335,-0.4206286329274056,-0.09596831082978763,-0.01746996493897075,-0.32331884115661225,-0.02612648332453881,-0.6835981099917852,0.8598418639406724,-0.18548036690082306,0.31595078486326017,-0.4628783860704244,0.4176951478700686,-0.530674823099009,-0.1384239716539349,-0.049431748981433175,-0.6677931789434781,-0.022166721477686304,-0.2835748910034545,-0.028098948815152066,-0.6739285410348369,0.8549889638287996,0.20042815787976417,0.03762022778113595,0.102581467167381,-0.03662408317842866,0.18496333990831265,-0.23659107817440003,0.41834846584739416,0.23601857664385295,-0.6087005639289355,-0.2337970942758901,0.270473027952317,-0.16981509564312464,-0.037808184912298454,-0.4299527089480866,0.5445979879391052,-0.26841254991255464,-0.3374677185194712,0.4170342652355844,0.6044554558480831,-0.7679507261195029,-0.026377092218605295,0.6116441506236381,0.06557507499188164,0.23296883285887388,0.0,0.6119787186524857,-0.785997961491926,0.611599688073163,-0.3615475119671,-0.3476825731558905,-0.0713961403410238,-0.039146475979700654,-0.27171382338599315,-0.03727544976081521,-0.6195886943509044,0.7817438857038719,-0.13242864039639765,0.33455123769450673,-0.47951985792572405,0.34787275477218943,-0.44679213145120517,-0.13091604145091462,0.19961059414904775,0.324686879844065,-0.45316839297863765,-0.19271060609211052,0.25948049033795323,-0.04121952384374042,-0.048584706194321405,-0.2203805071062628,0.28433031286061683,-0.17260708124670265,-0.39826592868202193,0.5160747345371429,0.45341627511046273,-0.5823474854302246,0.011978197516639142,0.44265461843276876,-0.3396689440675658,-0.16939640553295962,0.2722371138694544,0.4524360685139244,0.15181283121539568,-0.13260026840811923,0.05664673680274735,-0.1765026119597086,-0.04262257162071031,0.17788252608763666,0.5236940900140659,-0.6867451646986298,-0.33378158024476695,0.4175711078791281,-0.05927150447842042,0.47425969715193567,-0.6486343973986326,-0.07864992124115619,0.10380483911936966
-0.9077789925497033,0.09268480612788328,-0.8409826707029752,0.2770460166391136,0.9159058341644133,-0.33344473223324356,-0.5551414727124603,0.1544291449760311,-0.3946792142522344,0.8800698534808571,-0.22340025463776672,0.4072815572151295,0.556923898876862,0.4766333244457872,-0.7763806018801194,0.12504928671842422,-0.21528016075562792,-0.7925031228965085,0.2270057324440785,0.8310863501709012,-0.3719311932549865,-0.4589273296734543,0.13694772308745143,-0.360651745615454,0.3091331517411428,0.2905440128532057,0.5236208461840547,-0.5826350797143159,0.07784358680117326,-0.1023106376548648,0.24095953799456188,-0.29506659211397773,-0.012123799321853044,0.031121821619803813,-0.11137408423425627,-0.685469247536366,0.4427509037788264,-0.03142625019676223,-0.024928899849859944,-0.5766590237028528,0.12701671181349353,-0.28630460020559817,-0.05560356402613142,0.20589850829009346,-0.01774531378368932,-0.028567607136400462,-0.036268247683151185,-0.7339183105043863,-0.06127478386287259,-0.32790797980312897,0.0,-0.7010882703788618,0.8812874237140166,0.030168552340425408,0.0662149433442201,-0.022567163097648106,0.04397304407305374,0.017470181209006147,0.06672170183669017,-0.07755953139481721,-0.6909837741839436,-0.09335899125581945,-0.2904577817138003,0.02217941657250066,-0.6556705601100851,0.8322089197371308,-0.7217881587687768,0.3696569285144284,0.4488190353465776,0.0891134693701282,0.05012798515338197,0.35335096791303555,0.037471867087638444,0.6969408080778675,-0.8625363836716549,0.20052823464309216,-0.3133061481642405,0.46627991648904143,-0.4287422138139453,0.5389408680954707,0.15489288197490833,0.04219154931709313,0.6986990508456414,0.04187815230390599,0.3028993361119279,0.02443252840709368,0.6757529063002922,-0.8476120962489221,-0.1968859461506777,-0.03733007317980724,-0.09973945464028887,0.03101852344731409,-0.1775306742633952,0.22548183064185556,-0.4227687143052257,-0.23822874658339807,0.6276857520571429,0.2134488271454365,-0.22134689617910439,0.16899948986111404,0.05240543564674587,0.42167801647975983,-0.5261399378544649,0.28044424558206377,0.32293914759314296,-0.3849602985088579,-0.5996077655410496,0.7537236112180747,0.04486337771190625,-0.6400615827115443,-0.07755451109025426,-0.2549301235826038,0.0,-0.6150810904621622,0.7805649591069636,-0.6490083271673482,0.3734111060142198,0.37065059366174014,0.06557949812843339,0.06769261255145344,0.3037387246238306,0.044910718520195174,0.6316247474115424,-0.7832735230893394,0.14762642251993513,-0.33271786101168976,0.4823418857159892,-0.3561847445430176,0.4520141081720474,0.1450258955177599,-0.20440473430193223,-0.3234589587932136,0.4705626015733835,0.17705579024875157,-0.2218456838873441,0.04221972306947378,0.05701678320979414,0.21788053819401063,-0.276155156624487,0.18742037549614446,0.3813544667832676,-0.4828220985294575,-0.4521973602607353,0.5738583407839479,0.002734831401691801,-0.44722970944642515,0.3587722134260092,0.15858774389180014,-0.2465643790137111,-0.4618361179436354,-0.13643511343996426,0.09521561964832699,-0.054317546087473995,0.1782341721250633,0.04145522608650184,-0.19885480159336064,-0.5094704913538697,0.6551446605059927,0.33818844838983164,-0.41593209343237564,0.04856421931574347,-0.4654455912105992,0.6342051468291577,0.09139640476819039,-0.10503691773365413
0.27854116507152354,-0.04369958782118026,0.12630631461563022,-0.14222562177309897,-0.25024750199936324,-0.35715883761170797,0.2442549448959099,0.06811617897778313,-0.13780886319818417,-0.23974190340348162,0.14926561277408676,-0.06375154287641326,-0.12128294896491781,0.22578478645654465,0.10952298751528368,-0.12646134252328317,0.24439007334648719,0.08529464762461988,-0.11241255891897589,-0.1963616313507746,-0.34283134281544897,0.19304879399024646,0.07846815367011985,-0.1569545551035742,0.0473078087074612,0.0791069586284926,0.2937791152212033,-0.08122827768897249,-0.09384705956728757,0.18466977364299958,0.00465237686950146,-0.1970330258950725,-1.9190719977195675e-05,0.08016249436445375,-0.1563289856155553,-0.35836482499456973,0.007956116570644822,0.14327493070669683,-0.2795704206614576,-0.3384280864294971,0.10693998916120218,-0.2016611431808535,-0.13767837748295708,0.268494325722735,-0.0028023716888903737,0.005868439059428452,0.014758454056331718,0.2140630283326581,0.016633197287871587,0.15953853838487136,-0.007978158278913303,0.2075529263839998,-0.2625527201733709,-0.004976496988968967,-0.030587305505232334,0.002662796177500896,-0.01750478603297222,-0.0038944083200287824,-0.033997534895501634,0.044094626247721196,0.10460408069754831,0.02080175154429088,0.091267792003867,-0.016559552878740377,0.09050710947820712,-0.11175447152792847,0.1838258674303189,0.1930200677611478,-0.1836398388535777,-0.15832668591337345,0.23996993925474877,-0.12200504469640937,-0.007418029240337646,-0.1905376937375099,0.24411244333905482,-0.12967062572427088,-0.305148854902184,0.41558973493310314,0.18395582656872675,-0.2341817630593334,0.038481007851209274,-0.015847481710135412,-0.18290207051940888,-0.011761036404404993,-0.14207263442839138,0.004559361533778425,-0.1759775900043532,0.22083163402496672,0.1180907077216628,0.015339611344644363,0.0735309026595879,-0.010078419335060618,0.11792471911597041,-0.15364663359722744,0.0894008012929855,-0.21003359807011485,-0.08234403153328891,0.04968342348427891,-0.12772524372978245,-0.08294941719177762,-0.003066343516241182,-0.08282141891934516,0.09972737727683774,-0.06919797332686724,0.2406744830451959,-0.35280259178267553,0.0779880702829788,-0.09623631609286619,-0.06290310956910211,0.07250306842258898,0.017164253552673037,0.07320809786039761,-0.01438307746117165,0.057421851181214484,-0.06819175844986976,0.14429209185282862,0.1949338575692668,-0.1451414798208229,-0.1423784432187339,0.22328830053046222,-0.09954689615970999,-0.005736044495069683,-0.14798461580003483,0.18857282563292382,-0.10788209458270348,-0.29814900850673176,0.40880192976972396,0.14319576892381525,-0.1808064946892231,0.04293047484534244,-0.057723364215495676,-0.20911713805410376,0.061069101556044315,0.11162132674813856,-0.1947968408441889,0.008778636965261374,0.003006299309162426,0.07214148721769746,-0.10040678602146169,0.020178522091555177,0.27832585063920234,-0.3933733036937962,-0.07050955444343837,0.09608127800206939,-0.049293646901007564,-0.260978075071452,0.00598228348203194,0.10878866466111296,-0.20990410594001987,-0.2544324775461716,-0.11054700071133784,0.12028333323770811,-0.10352611411868935,0.20188229493767534,0.03877262924088851,-0.014501831504151559,-0.34270980093969283,0.4858802335021977,0.0018106973035398447,0.0005261770790825628,0.0731016679081999,-0.3279714961933182,0.46701004647971606,0.047859672981782425,-0.07021078099581407
-0.28160290511596736,0.04453288783283156,-0.12777821522251037,0.13725185566381048,0.2554352774407417,0.3429829778789851,-0.24835778063684708,-0.06439540104480952,0.1368407047023623,0.24187341960608838,-0.1498367012493998,0.059945222757204285,0.12234529805240968,-0.2177005936786984,-0.11029064036807763,0.11829739523060283,-0.2481001203747759,-0.08605554991370097,0.1084081209423413,0.2000498346577092,0.32902111506111104,-0.19587718723702396,-0.07401791711541632,0.15676949071760837,-0.04582932733835982,-0.08039872855402312,-0.28127845936322593,0.08210273750103991,0.08794165133355553,-0.18538711575338743,-0.005255608363103369,0.17911747555170926,0.0008868252584436367,-0.07136550550673468,0.15005224615877993,0.34648352139925265,-0.007859600642974864,-0.13528199394672244,0.2844975617369151,0.3263299024459476,-0.09429972266426298,0.1963893640315424,0.12955224498681864,-0.27240430701688434,0.000750674702461942,-0.004552797519567145,-0.01578279057785015,-0.2293708846151064,-0.02195430087390514,-0.17466623472751183,0.010264709577381402,-0.2095517601129658,0.25938160141947636,0.004561748335952778,0.03405386732324566,-0.0006578649435452716,0.022076689108736055,0.002392040405709309,0.03417977611583134,-0.043231158349893745,-0.11177022318547526,-0.02427802678155049,-0.09847827469439167,0.018577170244717004,-0.09147565705863477,0.11002581771425626,-0.19735644059089533,-0.1942346588482093,0.19728913444800353,0.15458575620158393,-0.23788064111491672,0.13169596606574804,0.01005157422138085,0.19509979120939638,-0.2459472259205524,0.1415436312164172,0.2951687906179901,-0.40079460353299223,-0.18716003706829895,0.23374783343090605,-0.04251457659322154,0.015978576953695724,0.19604130765524608,0.016878904200122717,0.15354339540057535,-0.007033412712946655,0.1780749268008075,-0.21877602889151573,-0.12540452874859714,-0.01853855249248488,-0.08073599078516767,0.011643076979742416,-0.1181294897418156,0.15191816201639666,-0.09497911172258915,0.21450270222654272,0.08764874578859193,-0.051747872581673855,0.14686729240323027,0.09285790880144158,0.004138859821315827,0.08181924093236032,-0.09334866284348832,0.07634397180263533,-0.23537435865128883,0.35440771620788636,-0.07775952949880399,0.09254409938618716,0.07565848470679869,-0.07691068356850451,-0.0192209423759994,-0.07636453217260888,0.015442386826158188,-0.05846708906722962,0.06748132196317305,-0.15457763385287182,-0.19785712188723464,0.15560842084694992,0.139805926247355,-0.22511937958606873,0.10403298974609985,0.007851872401489015,0.152448338702616,-0.191886341615084,0.11477700675667538,0.2892230713434122,-0.3971203327383357,-0.14636339286913266,0.18173083166706472,-0.04846902826237939,0.06161878364085492,0.21071951151235713,-0.06515400190843723,-0.10973330472072784,0.2016241068503076,-0.008519778619802439,-0.003910772984360384,-0.07426599495792749,0.10445261886242718,-0.022382360765066812,-0.2691419184710715,0.3850773445311045,0.07156234630231677,-0.09764879575857845,0.05699372238020494,0.26499320205219806,-0.006279359534729007,-0.10853685197071392,0.224871165072106,0.25872279646710084,0.100744399589892,-0.09809144664714195,0.10358132715441057,-0.21722574302171155,-0.045314270679175685,0.017686603732507643,0.3343898165609499,-0.48029326011981555,-0.0006796611775836001,-0.0036275388110100578,-0.08704038059666613,0.3197532673319805,-0.46238133615204063,-0.05881688717522845,0.0833500910017164
0.9509264257706441,-0.22911085106454934,0.928098848158741,-0.37016644857333925,-1.0198579053706303,0.21979842724912357,0.7178079971129242,-0.18434977416460796,0.4600435747026845,-0.9392371968001002,0.2346270797047013,-0.448735106877174,-0.5906816868285999,-0.5222562452446953,0.829167608720663,-0.13863373103261564,0.21659638684683558,0.8601605007676656,-0.25750048440378503,-0.8650058236951158,0.34292603786675885,0.509209399820254,-0.14868203173487438,0.4022029934352772,-0.34662982756057437,-0.3248671009146309,-0.5639511830054077,0.6321543834957921,-0.08982015287001488,0.09788788507276369,-0.25132912225221116,0.30701955732689107,0.015958773358605325,-0.03302743397657816,0.1327768205275528,0.6966449224238409,-0.4433961352326582,0.03417159318953887,0.05346552156059516,0.5858807060178433,-0.1332903298053193,0.30272391990437775,0.05609735849355279,-0.23764047984676742,0.025078766929001864,0.11870597032692144,0.012134511254951847,0.8001776477465117,0.0801001412829362,0.43206561675433663,-0.08005656180978091,0.7416052254977287,-0.9513995277450717,-0.11877998073228299,-0.14658170247472235,0.10801194280581636,-0.13153731283877765,-0.07031697298977023,-0.1556654453324087,0.17179671544403852,0.7856924803902021,0.09119141475423916,0.4188888266793158,-0.08729450541433317,0.7261549697946259,-0.9344310828819963,0.8270010103977338,-0.35314402281652896,-0.5728515337575893,-0.1335590225178163,-0.016763022537550146,-0.48189997411292446,0.025396071453329873,-0.7798347893539609,0.9816140859165089,-0.34464965162257477,0.25517732445013874,-0.4289344787018143,0.5442815957643913,-0.6794349858012322,-0.1743357071412713,-0.04127429676291829,-0.734325028315433,-0.005379584827921363,-0.3615602164850441,-0.024434114172751993,-0.7151831552218914,0.912666340619276,0.20315822623613763,0.027301056218966134,0.11327019132787301,-0.03033355705254885,0.18474922576626673,-0.23750773771819306,0.45924324473374734,0.23557528433082667,-0.659942956580671,-0.2333016322988401,0.2666986367768184,-0.22439217431797473,-0.020115644192722902,-0.44898115410937794,0.5727308253813806,-0.33277524559293253,-0.34430538803818667,0.4241027304411551,0.634977086785684,-0.811345324325919,-0.030215740457825047,0.6838161198045107,0.042938901467863465,0.31604986134080365,-3.8959967183019876e-17,0.6615038771400304,-0.8535013147072644,0.6748137557138773,-0.3672353528243553,-0.40481467777502866,-0.07982975120534398,-0.06423904413068063,-0.3349489284051358,-0.025419549288624683,-0.6578080050262046,0.8382312980014118,-0.1870994541867423,0.3183566774926475,-0.48805312973339965,0.3916059758110534,-0.5052672051553257,-0.16178205099107093,0.2409613743053297,0.32097102870733635,-0.5025542991729004,-0.19516881593383337,0.26612672819674815,-0.09121409068247358,-0.03155691846019273,-0.2453542890286241,0.3174655186328955,-0.23227328512704098,-0.4007022490663088,0.5236181191994721,0.48615645017450415,-0.6272603740000764,0.01384439654049033,0.44615093419356844,-0.353290666865889,-0.16446923648100056,0.285259589030818,0.4599035907801394,0.1422837565944159,-0.11276755346096322,0.05686969864787257,-0.20475623412467692,-0.0494025918698765,0.1921645562885463,0.5165431906595063,-0.6957846759363618,-0.3381921203737304,0.4281005264478427,-0.07377262122572262,0.47118173943595915,-0.6686614800831635,-0.09133578455711963,0.127093640617811
-0.9442869662008458,0.21970859125391323,-0.9204084535842412,0.38745526119293167,1.002061048666385,-0.2191077617261974,-0.6997208863841794,0.19484641242493403,-0.4393881429373258,0.9344224701788924,-0.238667032046517,0.47410715828895184,0.5948070784475743,0.5400611783163426,-0.8322189552733508,0.14832217423621147,-0.2227040464683427,-0.8552624067568168,0.27309652216654134,0.8531984067647937,-0.34247565433153365,-0.49877768270792816,0.15830061771566645,-0.382981206475518,0.3641895435005742,0.3264966454855104,0.5817836026847438,-0.6343210018690085,0.09532437837703639,-0.1060177960820279,0.25905597877745884,-0.33160481334990666,-0.009843478398607872,0.036969558394563874,-0.12922894597573603,-0.7111197573835821,0.44238168886626966,-0.03466303073825154,-0.04044123092409451,-0.5932918053536846,0.14585346152801518,-0.30297216164387536,-0.061814635433221854,0.22221684296126915,-0.023062819870131486,-0.11463056777880161,-0.018273468042323573,-0.7699410197266191,-0.06391832807934894,-0.4117291225199797,0.07436101253911251,-0.7338968690761083,0.9452519643739905,0.11598357857708463,0.13210861176577304,-0.10677201396273973,0.12239592068446303,0.0676400834385091,0.14710368491403217,-0.16659412954235883,-0.7579691346694448,-0.08169349235310565,-0.39707749835946693,0.08602134173341272,-0.7191091546876603,0.9298519151415621,-0.7908214768037883,0.34759207735415076,0.5400183053487954,0.1422575577469735,-0.02958834858551201,0.45175114488118,-0.0315468560842388,0.765609645374636,-0.9733431171860797,0.32234749866520657,-0.2552470290940656,0.41091421422416885,-0.5284770510332708,0.6658348761195603,0.14644555443918128,0.04705526829326785,0.7043441671955486,-0.008955276743581429,0.3418679233737867,0.027442007848229154,0.708224823755033,-0.9083425006377303,-0.20377610506351448,-0.027665727401215447,-0.11451493267653948,0.0348994001036311,-0.18836154098061297,0.24322061446357596,-0.45289434985306504,-0.23362763437525821,0.6412292495709289,0.24753749798725674,-0.2930059949619944,0.22279200754593684,0.009492440242276518,0.4522423399539735,-0.5803402023265911,0.32033618483958104,0.35506224402982384,-0.4435094023764364,-0.6351178403061148,0.8155318578289741,0.02461113698328184,-0.6584277854785618,-0.03476839377652962,-0.29566016224571906,3.9593816019821083e-17,-0.6561988446295214,0.8506778272623682,-0.6457368004897305,0.35806466681448534,0.3839863443979118,0.0876644367427795,0.023207276963459648,0.30886907420876875,0.02027646572833056,0.6481799575982373,-0.8330558199048996,0.17242508197358522,-0.3174877240695918,0.4730346241859943,-0.38268645568212795,0.4961040168033289,0.1363897194005499,-0.23654983101929578,-0.32199024234930945,0.4883350060093415,0.206037979598023,-0.28061902988491416,0.08921749533620511,0.025786614961056397,0.24662892271736048,-0.32043661260384465,0.2192817652767284,0.4134194417243211,-0.5420151389981457,-0.4866818712739666,0.6309207646609986,-0.013471397424573452,-0.4444239623025912,0.3409697835023583,0.170571929836558,-0.2835477421762294,-0.4533456422941502,-0.15491754144910744,0.1412565580539922,-0.055140682319470134,0.1808653945289578,0.044624316135646803,-0.177047937359787,-0.5276934795060887,0.7089716686026302,0.33690380315679774,-0.4309767017625585,0.06456814077575958,-0.4765713062125637,0.6669308124011665,0.07941062190160864,-0.1090122693438647
1.0101583208601221,-0.169226354235658,0.9224649620929026,-0.3497187956292335,-0.9878702668615159,0.2524673342202001,0.6661620626829,-0.18075953729460867,0.4151850738254743,-0.9873684592454521,0.24418009905259264,-0.479998505788687,-0.6207984127447476,-0.5595723135136113,0.8718915003424647,-0.14950704436759665,0.21534607640242187,0.8607473526027717,-0.26141734991756316,-0.8615842420426769,0.3405136187494287,0.5050697291812162,-0.15163537300885319,0.3697424527654327,-0.353793485545321,-0.3281134430337058,-0.5720225629176567,0.635173544692696,-0.09283408982270218,0.09629112164391306,-0.25448622603442683,0.31369033169551197,0.014690716272211257,-0.03413215889246596,0.12273090466996693,0.7023811578651071,-0.44326055503064943,0.035121553961875274,0.0445595981673425,0.5869277688138557,-0.13749693938466814,0.2838108801567136,0.05742345720824512,-0.21634326617683203,0.022914463650379722,0.07435444398052113,0.07499728174884691,0.7985349238371849,0.0014980785853008043,0.4435030940855086,-0.01086162964808928,0.7697980129632012,-0.9521125135903277,-0.08046351174602374,-0.10803257770459712,0.0724629283632501,-0.09288096531603385,-0.04721441659233164,-0.11565497598675625,0.12894184158462313,0.7551771158470053,0.07471057574050677,0.38625796869598816,-0.05937664962848903,0.7163908407727438,-0.9002828239265815,0.7803974741300295,-0.3531182628091432,-0.5228439394518886,-0.12361431673259818,0.0014174612248416913,-0.43409208909121333,0.009634052066489358,-0.7525451810922386,0.9304894525981795,-0.2951885229147968,0.2717556848541397,-0.42024419764428694,0.5057097273428761,-0.6234187616412545,-0.14602189022037557,-0.09127858883111449,-0.7451883134046297,0.04423065606288823,-0.39230907695950795,-0.05356049252032992,-0.7414261204093687,0.914781285977909,0.22866209702702905,0.046452118918594444,0.14874998185573723,-0.06735744774246478,0.19717896974418764,-0.24613696002766422,0.4900322331012295,0.23160449946111147,-0.6840732116430616,-0.24760009844919065,0.28218469843886484,-0.27172743904356245,0.005382047890628696,-0.47286192809200256,0.5848066779698405,-0.3767812460862097,-0.3607858399632554,0.43287189912867147,0.6628232827576207,-0.8194753055503269,-0.023189883623159987,0.6737917020950949,0.041091826746999696,0.3105197395428365,-7.800714791598315e-17,0.6603630357569974,-0.8316501623547381,0.66196683006904,-0.3608614040262548,-0.3953678062124363,-0.08185874577550754,-0.03685357264059879,-0.3270776729183553,-0.024111881080912872,-0.6537660667299103,0.8148073646073621,-0.18220691621307838,0.31594449021984455,-0.46238949820074277,0.387488127175215,-0.48799606644607113,-0.13715600241801448,0.23995670044777315,0.32014527199919457,-0.4972128726392649,-0.19875902055852476,0.2664571087569305,-0.0910606911348985,-0.030322999163303936,-0.2472958718206381,0.3124248006906058,-0.22914264338550702,-0.40536370831962587,0.5179479924739666,0.4873034217734879,-0.6137017790061038,0.01582158623747591,0.4430399807058732,-0.34768501036758354,-0.16611858516457795,0.27490547709000296,0.454146390091564,0.14534335960050734,-0.12519535203437454,0.05622167157547253,-0.18354727859372438,-0.043243074435823224,0.18792864804950848,0.5196305467728928,-0.6811635603656001,-0.33732691726390013,0.41794816034838655,-0.06702635823121195,0.4710052478628407,-0.6451340538085735,-0.07662349347308557,0.11049568519765346
-0.9993877346455321,0.16612949215374329,-0.9128396107424158,0.36013804755110707,0.9729842169467013,-0.25445709123345367,-0.6557346769054855,0.18737560640953294,-0.4113818121104418,0.9775870971960774,-0.24142032458000162,0.4913989122756048,0.6122635653432077,0.5665382371536342,-0.8637386561079692,0.15362671473973605,-0.22740759072747072,-0.8527953263860062,0.2705961333916302,0.8499821957381821,-0.3430827364771407,-0.4978501114090015,0.15775063230109307,-0.3646056794063907,0.3618452928039745,0.324198764864854,0.5789441248611065,-0.6305332337417516,0.09505847177380845,-0.10833705702014128,0.2577818117318932,-0.3292735152099963,-0.01116899215455029,0.03677185821337041,-0.1203281220184259,-0.7074607226428707,0.4391905299039503,-0.03477440306671009,-0.03062885139293971,-0.5916454379174337,0.14533583680691425,-0.29110723556580903,-0.061142625825147685,0.20633366146037393,-0.020601214493410097,-0.07460918182092283,-0.07697633314448078,-0.7728771946285324,0.008076026855499319,-0.42603910063461636,0.010226243482705549,-0.760078328069593,0.9493915981495723,0.08094381471778145,0.10159029098599627,-0.0739805182994491,0.08981748694700929,0.047253879012086386,0.11236028025867395,-0.12710690679339368,-0.733684233259841,-0.06756600834293991,-0.36954445222362253,0.05984761368438186,-0.70868699672618,0.898859260699438,-0.7553682823844837,0.35031145627678006,0.5034277495152208,0.1289937704498618,-0.02397909722435373,0.41272701687055824,-0.015255044503327528,0.7415114690668301,-0.9276333290128111,0.2821434988639408,-0.2734040511340392,0.4170995373516765,-0.49679774035030716,0.6187209236800479,0.1348721510691345,0.09332037979878335,0.7193323246541151,-0.05360832584018596,0.3744506364888021,0.05447914645175397,0.732028998881114,-0.911704487324443,-0.2245518348746398,-0.04520776630237476,-0.14655426413968836,0.06899850295603217,-0.19544364121274974,0.2468585731940378,-0.47746543311067213,-0.2286493268034918,0.6629446425374347,0.2549231599685135,-0.29094999649835535,0.2655862059806304,-0.013244842235676152,0.4668948240829199,-0.5834716740911619,0.3624147762876637,0.3653861619900495,-0.44125228043700515,-0.6553392509520265,0.8182016542391731,0.027012207764205494,-0.6533385929044182,-0.034374156218903405,-0.2939003003553717,1.5702384851841069e-16,-0.6536422788081385,0.8301280455133332,-0.6402763255163595,0.356096554217183,0.38141003028672577,0.08654889965472139,0.015925887246623974,0.30675965745787054,0.020067156765145557,0.6451275440518521,-0.812693297961801,0.17157492864686708,-0.31732859167042443,0.4596182789028699,-0.3815873179152136,0.48461726648286557,0.1259017958482397,-0.23378814595659703,-0.3188339467361219,0.4830604518649112,0.20451802229166813,-0.2692288972473733,0.08839330639636833,0.02541529861531956,0.24465713898615427,-0.31121475915858915,0.2173017382331019,0.41098330728012233,-0.5262194190677553,-0.4832849888071176,0.6137736743650043,-0.009494684483529447,-0.4398836746815226,0.33692028862675494,0.1694587496167067,-0.2695450331834834,-0.44941877130424945,-0.1537072681249844,0.1389689360240334,-0.05540293332422399,0.1689472646215384,0.04065058464840958,-0.17520680137211517,-0.5244051190408658,0.687478263373759,0.3341619774504202,-0.4192000350187899,0.05649581865357752,-0.4745503356547923,0.6470286351477375,0.07455240148106554,-0.09863116458958009
1.0087043076917437,-0.2949019663037614,0.7920815034181828,-0.35996986886739263,-0.7648952113492462,0.26224180478181425,0.6532533048677446,-0.18854712331991919,0.3895550811372582,-0.9894261784074372,0.2424135455473378,-0.49863798350888283,-0.634717083456725,-0.5729766216856159,0.8723111813114597,-0.15684450539425965,0.22682347949397327,0.7060720750796523,-0.20730980158427456,-0.5647125976818304,0.424743738911487,0.3857420211282788,-0.13908903289259117,0.3157965150670786,-0.3050451446379706,-0.31458842708861484,-0.5129502726127215,0.5279883292923556,-0.07784962785430209,0.08449379426038077,-0.1516071452425199,0.33410984917036585,0.011629938547961538,-0.037233370615068206,0.11162571736418096,0.5994982107469461,-0.25041591578551115,0.0002929807005701185,0.0731245728765297,0.5978514472953448,-0.1478771120294197,0.28024917790503895,0.06147745370378664,-0.18998636562802174,0.018174463343714614,0.1535505692378947,0.20164956093120684,0.7714808726419137,-0.1858553739356138,0.4245146745033491,-0.004657030686564775,0.7646355828124867,-0.9591119088073422,-0.17952874432545127,-0.17075137552341932,0.17077275175510762,-0.1640298245743415,-0.09808032795930825,-0.1948450276900632,0.22110303451054095,0.677764028816934,0.006967531979487108,0.28092402763707613,-0.13424845015384057,0.6381197559336298,-0.8310150034577001,0.6513349399872086,-0.3520625671978833,-0.4979616277434668,-0.1286653286336924,0.04433122151227641,-0.2735887919595926,0.12389436306474184,-0.6145592787723682,0.7990656977687575,-0.2761333327243573,0.27813942478728615,-0.41329365131538387,0.4943199389061633,-0.619337946150973,-0.11602001127888101,-0.23469721558066212,-0.6808310622690124,0.27892350582225917,-0.3291797637027297,-0.12822002382837613,-0.7261462986784595,0.9062532490768839,0.2850860672493019,0.08222088515673458,0.21656355574595074,-0.17550246655771282,0.21511323652913825,-0.2758395808541946,0.5773214547304495,0.22837352936887872,-0.6648620550827703,-0.2580278553957,0.3006427651383025,-0.3726934617988929,0.16365511326462076,-0.5100381323909183,0.6453041501875465,-0.3644680851333707,-0.3683294659022787,0.449347546454899,0.6605203663360444,-0.8283772676546727,-0.02280734830650591,0.5350281260613502,-0.0650918943430714,0.1341570183514081,8.241059066005555e-17,0.5511835491706938,-0.7216270303752714,0.4470242086352828,-0.36124061628255016,-0.29229711525427304,-0.0564378751084141,-0.027418817244561428,-0.06814146239806676,0.03556107056086627,-0.4536560413451601,0.6062662487041575,-0.0732928000325999,0.3579967829927272,-0.49410378084842743,0.30112316259749594,-0.3942400202788831,-0.10436815280939513,0.2665020039621642,0.3307295165654237,-0.40008466043878665,-0.17913769633095145,0.24773995690003184,-0.10706152105746027,0.04867457835773457,-0.25275513905791536,0.3293082700272439,-0.10032026825903453,-0.38563439550181633,0.5081964846266652,0.412165402841113,-0.5396200523821333,0.013605985422807186,0.45626657118736763,-0.1886812240980494,-0.12156011423570413,0.22064807843202422,0.4508138940268689,0.1558375698608677,-0.15032017686312857,0.05566343584856995,-0.15584885889243769,-0.03531339678024984,-0.007534968197232679,0.4815653521170328,-0.6524351469754732,-0.20115059377816827,0.27344724840350765,-0.05905841077993812,0.4783839021585953,-0.6471205773232555,-0.06418379242397453,0.08547791235447003
-1.0015364241437013,0.2998812392994131,-0.7850044999379759,0.3574033221838445,0.7619495395731857,-0.2651447627303336,-0.6569765107790432,0.1856156452422161,-0.4072257401575765,0.9835187847524887,-0.2346070533745515,0.4892658309678625,0.6202367753360204,0.5633350902716878,-0.860757481672727,0.15140706773504717,-0.2370970754868672,-0.7006359439097214,0.20447707385016048,0.5625300276408761,-0.42904927816573374,-0.38742846470494585,0.13694193383516778,-0.32890785827393904,0.29976597101650826,0.30765723136817585,0.503651589875401,-0.5207670540630985,0.07519296162226075,-0.09044527791401409,0.1508893605326165,-0.3305562308559328,-0.013777406987509892,0.036645700560344836,-0.11432670338327168,-0.5927746919425525,0.2479917538096134,-0.0002385298089410362,-0.07181004172592424,-0.5974053921844361,0.1444866046109004,-0.291821235724433,-0.060206665315687954,0.19445662534698485,-0.017620855464187797,-0.15508376464515986,-0.20000323774185735,-0.7792967208331958,0.1856682091985967,-0.42569577898182553,0.004675135412908215,-0.762557446997957,0.9613473596984191,0.1814399032636906,0.17799553708382332,-0.17357772672947774,0.16851890922496326,0.10033025534688127,0.1995840534431328,-0.2247905631310612,-0.682185128555446,-0.006631805927487401,-0.2807119983972078,0.13486022910109327,-0.6347594975611016,0.8348258233393269,-0.6591305083943034,0.35822115016568984,0.5095258837167274,0.12769470800809754,-0.026198803710654764,0.27470768200383183,-0.12534927985722707,0.6145490121498071,-0.8068673615117472,0.2804807777598399,-0.2807725243598073,0.42759353124141036,-0.4993473432068353,0.6287128289725666,0.13188927243163312,0.2327331096114225,0.689516387231905,-0.2783691325126054,0.3308074081735817,0.12869369909800052,0.7253942822282371,-0.9073392219955408,-0.2802526707195291,-0.08036681425458743,-0.21221402357939015,0.1729853241598771,-0.2088623582630758,0.27254031656225197,-0.5733087504114555,-0.23037283914383078,0.6674725779035627,0.2547109275505423,-0.28514733409693277,0.3680600981981122,-0.16246537536400593,0.5003089642888146,-0.6393021365313295,0.36322908490949357,0.3645618968988482,-0.4399535222008473,-0.654663338605184,0.8251107513332553,0.03519128702414828,-0.5395815090449865,0.06519047559094106,-0.13413225048586921,0.0,-0.5491590380444835,0.7241978820568558,-0.45224736418910594,0.36957000180536037,0.2983706980060581,0.054806063264624824,0.0419486538597058,0.06777198984797321,-0.03604817322195202,0.45365322948149106,-0.6120506920105114,0.07417069067734779,-0.3625058360909599,0.5064452271722718,-0.30366675423639666,0.40045743588629495,0.1162510506558939,-0.26482803373087804,-0.3304894683167804,0.4010588884781592,0.17704838248518207,-0.2401921900280345,0.10576112193770652,-0.0484546250039965,0.24813830301750067,-0.32641900265959956,0.09969750702567477,0.38036732736737455,-0.5032739029091858,-0.4081776519467296,0.538280116622277,-0.006830568398749441,-0.4583839210508093,0.18970423968785766,0.1214931965663449,-0.22190431353037313,-0.4574428577456666,-0.1548322104132394,0.138819137676103,-0.057165766674931666,0.16399782127637627,0.03816092532911508,0.008108989620160061,-0.4780153494072881,0.6536093217468482,0.19997805611979808,-0.27442472005039076,0.05817084967006274,-0.4797730246779178,0.6547232246881413,0.07601073212216759,-0.09018388844997818
1.0075410707008374,-0.30846792589693967,0.7825485206910032,-0.3430562199193632,-0.7662490424505768,0.264847166945152,0.6688516705617864,-0.17535801435120452,0.4346522353514682,-0.9917742165694904,0.23021199802832812,-0.46862046839302246,-0.6151936628888739,-0.5495404282427808,0.8614627542449805,-0.1422083975582506,0.23570972211207727,0.6998210286326926,-0.19421533823495238,-0.565910956027489,0.42894944947864005,0.39464020286202095,-0.12907546068763764,0.35568573979117857,-0.285588950019329,-0.30273621259941164,-0.48733799438501246,0.5162655296407667,-0.07038467646350914,0.08376049101884293,-0.14692599336612536,0.31029610059942414,0.01777339663092558,-0.033140961183231905,0.12190594649112439,0.5796459743932844,-0.2467608603110005,0.0010797666948171708,0.08613341372145787,0.5912582828485576,-0.1330266461676318,0.29903101365879636,0.05552932319498591,-0.21515933861783348,0.020324341753484774,0.16162368018410014,0.2035859608445852,0.8155925608549376,-0.18610398066212877,0.44768926404377807,-0.0044261744623761146,0.7713680636503002,-0.9752524549157,-0.18786143456018903,-0.1946701157443146,0.17989450193662007,-0.17954935812997175,-0.10593804931759933,-0.20803151867777708,0.2288581724570318,0.702782449996879,0.010284595926675499,0.29420081718457436,-0.13858740884334642,0.6345481941660199,-0.8452970143136793,0.6836358009938872,-0.3668237221220452,-0.5399204419204744,-0.12069177488384641,-0.019783520137102335,-0.2915537305581364,0.12691046948451878,-0.6190267402468537,0.8219781753941374,-0.2983600179255433,0.28068388966228935,-0.449492335617831,0.5112989115841026,-0.6455075688510901,-0.16302910515094435,-0.23732930013337247,-0.7276562015090504,0.28187733652002156,-0.35252947301094056,-0.13383376508809328,-0.7364848282868481,0.9221797440398801,0.28104436590731,0.08178467968373676,0.21333339387206246,-0.17508038744136734,0.2049840174372078,-0.2704624301768885,0.5845513663430942,0.23662036167646588,-0.6952852228433544,-0.24365731511157923,0.26279838514579523,-0.37486041055492875,0.16182427394630558,-0.49725644735574237,0.6390167768535041,-0.38036689102207477,-0.3575365547499889,0.4271944362520963,0.6589065565430611,-0.8328200188997158,-0.04280705209449279,0.5599279477644895,-0.0634785976566697,0.1461071112432407,8.098014852312833e-17,0.5505698270138528,-0.7358281880673899,0.4704029517141949,-0.38375101058998734,-0.31575227072787965,-0.04952144326611719,-0.08037664431425866,-0.07924098193493737,0.035796590316197974,-0.45692686175263697,0.6272913321957628,-0.08239212264494497,0.3644152668416826,-0.5252790314859417,0.31047507767374405,-0.41494521246077126,-0.14411180821962516,0.2681246270276548,0.33029528567462896,-0.4130648932886288,-0.16836634874081752,0.2332661539248272,-0.10740952741425328,0.04682884694691598,-0.24455587608519283,0.32591023698435995,-0.1077847936602434,-0.368708402512709,0.494925153481535,0.40616130655987753,-0.5428283999688177,0.008109258891664825,0.4612467995849765,-0.19582159752552694,-0.1177331997351035,0.2344588185745803,0.469356026521778,0.14460334772089758,-0.11245749718538929,0.058411957076688475,-0.19083721078561838,-0.04479933326220667,-0.0021130119268764577,0.4678655739279478,-0.6545768160420227,-0.1991709337640033,0.2789736258686497,-0.07074257581663629,0.47675360679232287,-0.666600175307958,-0.09114211202082273,0.11088577707314048
-1.0013901588079974,0.2958934197627488,-0.7885195979891509,0.36046764726928265,0.7607435675449793,-0.26494002757686347,-0.6527311184761443,0.19021561919977006,-0.4163103868429929,0.9829691228293885,-0.2409261943226324,0.5068809720759061,0.6309693408490589,0.5717943906287558,-0.866282116320475,0.1602140951121252,-0.22152644184991055,-0.7028249037901461,0.20406214401756925,0.560308842985238,-0.42902165592012415,-0.38475249003164824,0.13937602904192972,-0.34319494385891086,0.31240518907137066,0.31381238934863354,0.5139875512772561,-0.525090442711868,0.08039227061239816,-0.07427461020880097,0.1579428395931609,-0.33993387536072944,-0.018564499892842604,0.03861100461140886,-0.13098460885898258,-0.6013220061105949,0.24682210217414538,-0.0018590340683297259,-0.09402356700666002,-0.6019040576934115,0.15100143487090667,-0.296323229222912,-0.06012008719066,0.21574512081982078,-0.02452690631338182,-0.15178061082011732,-0.1998527268330234,-0.7565122743354195,0.1870051744871242,-0.4133422127866821,0.003990629567716783,-0.7586066977849326,0.9707478933344205,0.17856885395280395,0.16890020615292367,-0.1705626148304552,0.1622923878975615,0.09775523153765954,0.19532415559752336,-0.2237390362884278,-0.6676370751141583,-0.00457307408684679,-0.27260049052707747,0.13341132061624514,-0.6353081792913241,0.8474763778690911,-0.6420286399752003,0.3489417932775531,0.49167710086403515,0.12937287202076078,-0.034930732356565096,0.2645345284818531,-0.12492627511619935,0.6118259354818836,-0.8152091419253685,0.2704825886203948,-0.2792212624803381,0.42867270699458926,-0.49372076798013453,0.6310986902325114,0.13098234993160196,0.23269350360337593,0.6657679799369853,-0.2792010904379275,0.31907177002664827,0.1273850776242832,0.7203681409598877,-0.9193137943740632,-0.28317151428837345,-0.08093398721370568,-0.21356274829896696,0.17384861316717823,-0.214489274316315,0.27776512142699034,-0.5713311746441849,-0.22274452203024236,0.6524233078312993,0.2629538233490296,-0.3240157301434916,0.36722427327938384,-0.16428881568132583,0.5079123540441148,-0.6530309325966421,0.35529523046147177,0.3670335709420907,-0.4628585236048553,-0.6556166492472782,0.8388913173287701,0.012506561105152471,-0.5243320870613891,0.06699015281518737,-0.1265767468618141,8.297553639619317e-17,-0.5480584825788236,0.738554086927718,-0.4374603938973916,0.3568162443279075,0.28703888409821726,0.05514697131412316,0.041599537201061576,0.06001757203592127,-0.036672900980384074,0.4502100509528287,-0.6215048233313907,0.06929281855631281,-0.3596496377982026,0.5126400543725871,-0.3000275953769147,0.40431197363111115,0.12115985622045,-0.2638921520976976,-0.32718950582040635,0.39173593058294637,0.1836361605036977,-0.2728753160928108,0.1055077240063075,-0.05004929223390963,0.25237158139645643,-0.3368450504435311,0.0945672808238213,0.38632587414907293,-0.526740253645973,-0.40946225681160037,0.5517842216179194,-0.02656025669032134,-0.45256329446535415,0.1823684798160776,0.12545616754958702,-0.24860186488230537,-0.44569817473497525,-0.15937967076140835,0.15973734109667084,-0.05932818004489457,0.1804616997155623,0.043269193473143217,0.01291887354759489,-0.482965135544228,0.6770687240232158,0.19820071807562942,-0.2799335508128235,0.07761032879894261,-0.48018849041225725,0.6713578513623858,0.06797595850052718,-0.10506031735783596
0.9174839105184223,-0.25261948885441493,0.931922980873902,-0.38574956033124314,-1.0304876672743764,0.19651070453158714,0.7326076315931874,-0.2739441858342063,0.3975389576981949,-0.9099768216620167,0.23519405273960556,-0.4386631905139333,-0.5825618735130074,-0.5088793185733559,0.8098805649284825,-0.14264957431011674,0.20125348609877278,0.8595395534937977,-0.26181198944964496,-0.861653703625839,0.33501734052766213,0.5036212019413613,-0.23242565296887188,0.33887317353490565,-0.3466810720275715,-0.32756784451235293,-0.5672627874001401,0.6348245953964669,-0.07466983609769035,0.10251291495713609,-0.24775804647081756,0.30790947152596315,0.009762491881172959,-0.07100093992100615,0.10545390785662123,0.6963321087092634,-0.4444575594603452,-0.013723195496628659,0.026378451210804264,0.5798020724382349,-0.1824955152277776,0.263598974837468,0.12791058660947802,-0.19021503684177754,0.0017183306144519983,0.14128636384690296,-0.02435013325093526,0.7851827049341654,0.12422802876150826,0.4190171057028686,-0.11861618435707293,0.7624261622672723,-0.8841950805059783,-0.1368053321684186,-0.1567889084417514,0.12448331034667971,-0.14563325681501774,-0.08015694628431465,-0.16774041236397916,0.1822354305590687,0.7873018212484738,0.09883382348220097,0.43082688153190773,-0.10103943360009927,0.7671544714176776,-0.8875595301138869,0.8296605289635106,-0.34434660619853796,-0.577094262684849,-0.08611521045715502,0.031539680530965224,-0.4972338937262967,0.03403014792162029,-0.8192396647066922,0.9392716700267741,-0.3599893966273931,0.28841072757702674,-0.37093775462517237,0.5733779142302337,-0.6546311086381988,-0.06634884789134757,-0.012067411232320018,-0.7112069515748528,-0.03350094491779697,-0.3372246008505694,-0.007070534595457222,-0.7342207187619456,0.8459686834039882,0.18963688995364034,0.016384193912263024,0.09390797054183445,-0.008912550239138785,0.19165956030372544,-0.22131927640907154,0.43916110088623533,0.23516037382392432,-0.6363835398896295,-0.242448190869353,0.2505145603361474,-0.19715475490592974,-0.03434240008361294,-0.46479217040937726,0.5341750554668439,-0.3040843376275603,-0.3577286646633864,0.39850283215264537,0.6545657922972243,-0.7544769807531921,-0.029767139123440377,0.6752588460641047,0.04307067596093714,0.31409051749482314,1.968771650027218e-17,0.6966073306659405,-0.8035730679468247,0.663800594094579,-0.35886200323763034,-0.3956474955620468,-0.029588717335954032,-0.021455725290344802,-0.331650451488373,-0.025235959773700623,-0.6866741083154174,0.7885689619821248,-0.18403183808837756,0.35644459604738016,-0.43703371305832733,0.40815599436364475,-0.4708293326143102,-0.057345286350527394,0.2399671960872898,0.3189614448825994,-0.4987215794760088,-0.2223040324807923,0.24357322375296248,-0.09127394053926502,-0.03181043190998598,-0.2617332507255577,0.30110237066066264,-0.23197581178904617,-0.4324481952515958,0.4928670963103795,0.5144887923338707,-0.5934897884074178,-0.013272895615559211,0.44107812439862754,-0.34965741207419004,-0.2080168636281848,0.24706484312365973,0.45192821048697124,0.13211841796307203,-0.11931073001267249,0.1083991750519983,-0.1585607797565577,-0.017736477781648007,0.19146573461327107,0.5602071131249445,-0.6474228696120774,-0.35379779490779856,0.4059864761249943,-0.008462463986846422,0.51663693024014,-0.6115577431793465,-0.042391051894772186,0.03457628731733801
-0.9135164528295575,0.2500987712767009,-0.9276920793193055,0.3894542425780411,1.0259984075496107,-0.19658338054751182,-0.7271848167395037,0.273529360633664,-0.3932264211076735,0.9089897566630265,-0.23381894291558997,0.43950156926528405,0.5805083072361549,0.5120312853835857,-0.8089504985138525,0.14111547947989236,-0.2128492010385708,-0.8590811524887669,0.2671994729694373,0.8619851629606199,-0.3357910781216937,-0.50211030408303,0.23353994148187396,-0.33300491112875574,0.34663890766431743,0.32690718879852404,0.5702932710568596,-0.6353770455699741,0.07329410041353034,-0.11550392054376561,0.2461329365008934,-0.31286952717944905,-0.004980385856178546,0.07143665651517545,-0.09844223878073363,-0.7000000568252993,0.4464562132243158,0.015327374619796939,-0.01082439482434941,-0.5816727202604036,0.18368202083214455,-0.2662095954378195,-0.12988783966677342,0.1787816756092511,0.002988639016011771,-0.14049752635149163,0.024190075428970986,-0.7921213523909096,-0.12376769795450637,-0.42097254914287296,0.11805053461914762,-0.761882984836267,0.8840551489124976,0.13605505826784206,0.15696621421710744,-0.12391247992141194,0.14548637362680264,0.07952059765365856,0.16651675986729303,-0.18155531463988092,-0.7941003960264702,-0.09851966422781275,-0.4327106151507697,0.10062642010785187,-0.7664625112839942,0.8873609008677137,-0.8368906643209184,0.3499306854729411,0.5802230898918395,0.08762854076770794,-0.03592270706415966,0.49944129204895016,-0.03406361174768423,0.8186350969117004,-0.9396332637426771,0.3605097840893963,-0.2900023137312279,0.3714526187203661,-0.5711330647983575,0.6529175149105926,0.06324733353635957,0.01189081190850433,0.7206014845261365,0.03387304996794807,0.3401368470527147,0.006949866337861794,0.7364043100827479,-0.8469385374049861,-0.19110920293167916,-0.016306977851893403,-0.09419127674726187,0.008794453140970935,-0.19127086272585953,0.22064189598924738,-0.4438200611175518,-0.2414546750585524,0.6446556773644108,0.24418627851990504,-0.24076329178401346,0.19814107109133433,0.03458353141015607,0.46503143154403476,-0.5329488055377565,0.30661777972462356,0.3620100983327661,-0.39743151026876106,-0.6564379445377833,0.7553557347690004,0.04095418124757807,-0.6845317759918718,-0.04328915915391111,-0.3170688381324482,3.924585912264849e-17,-0.6990266262773958,0.8047930443676722,-0.6733815452625996,0.3661822734692153,0.40009079142528337,0.03132886240994666,0.015030205105844727,0.33506118333141993,0.02530137322102777,0.689621499614585,-0.7907334003708536,0.18531838379729593,-0.35942488259940275,0.4374764866023162,-0.40856264960005295,0.47038033492027165,0.052181308999302,-0.24301854497113423,-0.32648309086469823,0.5062801996859891,0.22365487227678574,-0.2326980138633834,0.09191747034089484,0.03201669361356411,0.2623081517514289,-0.30042861882352434,0.23450434342701226,0.4369912026447404,-0.49162452544344,-0.5170006015056718,0.5952255212958858,0.025322093996015566,-0.45116498949050693,0.3559955428786123,0.2088896000972249,-0.23424356962533036,-0.46164944247708073,-0.13458366239049294,0.11731052194417292,-0.10754953198749881,0.1471222101064259,0.01556062557826659,-0.19408815486621625,-0.5659850286981324,0.6463455331625073,0.3567323578912874,-0.4092343844233094,-0.005400477712044341,-0.5212407516503605,0.6108995128206531,0.04564084176131247,-0.023793237193455014
