STP_mass_gasteiger_charge_abs_gasteiger_charge,STP_mass_gasteiger_charge_mmff_charge,STP_mass_gasteiger_charge_abs_mmff_charge,STP_mass_gasteiger_charge_polarizability,STP_mass_gasteiger_charge_crippen_logP,STP_mass_gasteiger_charge_crippen_MR,STP_mass_gasteiger_charge_tpsa,STP_mass_gasteiger_charge_labute_asa,STP_mass_gasteiger_charge_estate,STP_mass_abs_gasteiger_charge_mmff_charge,STP_mass_abs_gasteiger_charge_abs_mmff_charge,STP_mass_abs_gasteiger_charge_polarizability,STP_mass_abs_gasteiger_charge_crippen_logP,STP_mass_abs_gasteiger_charge_crippen_MR,STP_mass_abs_gasteiger_charge_tpsa,STP_mass_abs_gasteiger_charge_labute_asa,STP_mass_abs_gasteiger_charge_estate,STP_mass_mmff_charge_abs_mmff_charge,STP_mass_mmff_charge_polarizability,STP_mass_mmff_charge_crippen_logP,STP_mass_mmff_charge_crippen_MR,STP_mass_mmff_charge_tpsa,STP_mass_mmff_charge_labute_asa,STP_mass_mmff_charge_estate,STP_mass_abs_mmff_charge_polarizability,STP_mass_abs_mmff_charge_crippen_logP,STP_mass_abs_mmff_charge_crippen_MR,STP_mass_abs_mmff_charge_tpsa,STP_mass_abs_mmff_charge_labute_asa,STP_mass_abs_mmff_charge_estate,STP_mass_polarizability_crippen_logP,STP_mass_polarizability_crippen_MR,STP_mass_polarizability_tpsa,STP_mass_polarizability_labute_asa,STP_mass_polarizability_estate,STP_mass_crippen_logP_crippen_MR,STP_mass_crippen_logP_tpsa,STP_mass_crippen_logP_labute_asa,STP_mass_crippen_logP_estate,STP_mass_crippen_MR_tpsa,STP_mass_crippen_MR_labute_asa,STP_mass_crippen_MR_estate,STP_mass_tpsa_labute_asa,STP_mass_tpsa_estate,STP_mass_labute_asa_estate,STP_gasteiger_charge_abs_gasteiger_charge_mmff_charge,STP_gasteiger_charge_abs_gasteiger_charge_abs_mmff_charge,STP_gasteiger_charge_abs_gasteiger_charge_polarizability,STP_gasteiger_charge_abs_gasteiger_charge_crippen_logP,STP_gasteiger_charge_abs_gasteiger_charge_crippen_MR,STP_gasteiger_charge_abs_gasteiger_charge_tpsa,STP_gasteiger_charge_abs_gasteiger_charge_labute_asa,STP_gasteiger_charge_abs_gasteiger_charge_estate,STP_gasteiger_charge_mmff_charge_abs_mmff_charge,STP_gasteiger_charge_mmff_charge_polarizability,STP_gasteiger_charge_mmff_charge_crippen_logP,STP_gasteiger_charge_mmff_charge_crippen_MR,STP_gasteiger_charge_mmff_charge_tpsa,STP_gasteiger_charge_mmff_charge_labute_asa,STP_gasteiger_charge_mmff_charge_estate,STP_gasteiger_charge_abs_mmff_charge_polarizability,STP_gasteiger_charge_abs_mmff_charge_crippen_logP,STP_gasteiger_charge_abs_mmff_charge_crippen_MR,STP_gasteiger_charge_abs_mmff_charge_tpsa,STP_gasteiger_charge_abs_mmff_charge_labute_asa,STP_gasteiger_charge_abs_mmff_charge_estate,STP_gasteiger_charge_polarizability_crippen_logP,STP_gasteiger_charge_polarizability_crippen_MR,STP_gasteiger_charge_polarizability_tpsa,STP_gasteiger_charge_polarizability_labute_asa,STP_gasteiger_charge_polarizability_estate,STP_gasteiger_charge_crippen_logP_crippen_MR,STP_gasteiger_charge_crippen_logP_tpsa,STP_gasteiger_charge_crippen_logP_labute_asa,STP_gasteiger_charge_crippen_logP_estate,STP_gasteiger_charge_crippen_MR_tpsa,STP_gasteiger_charge_crippen_MR_labute_asa,STP_gasteiger_charge_crippen_MR_estate,STP_gasteiger_charge_tpsa_labute_asa,STP_gasteiger_charge_tpsa_estate,STP_gasteiger_charge_labute_asa_estate,STP_abs_gasteiger_charge_mmff_charge_abs_mmff_charge,STP_abs_gasteiger_charge_mmff_charge_polarizability,STP_abs_gasteiger_charge_mmff_charge_crippen_logP,STP_abs_gasteiger_charge_mmff_charge_crippen_MR,STP_abs_gasteiger_charge_mmff_charge_tpsa,STP_abs_gasteiger_charge_mmff_charge_labute_asa,STP_abs_gasteiger_charge_mmff_charge_estate,STP_abs_gasteiger_charge_abs_mmff_charge_polarizability,STP_abs_gasteiger_charge_abs_mmff_charge_crippen_logP,STP_abs_gasteiger_charge_abs_mmff_charge_crippen_MR,STP_abs_gasteiger_charge_abs_mmff_charge_tpsa,STP_abs_gasteiger_charge_abs_mmff_charge_labute_asa,STP_abs_gasteiger_charge_abs_mmff_charge_estate,STP_abs_gasteiger_charge_polarizability_crippen_logP,STP_abs_gasteiger_charge_polarizability_crippen_MR,STP_abs_gasteiger_charge_polarizability_tpsa,STP_abs_gasteiger_charge_polarizability_labute_asa,STP_abs_gasteiger_charge_polarizability_estate,STP_abs_gasteiger_charge_crippen_logP_crippen_MR,STP_abs_gasteiger_charge_crippen_logP_tpsa,STP_abs_gasteiger_charge_crippen_logP_labute_asa,STP_abs_gasteiger_charge_crippen_logP_estate,STP_abs_gasteiger_charge_crippen_MR_tpsa,STP_abs_gasteiger_charge_crippen_MR_labute_asa,STP_abs_gasteiger_charge_crippen_MR_estate,STP_abs_gasteiger_charge_tpsa_labute_asa,STP_abs_gasteiger_charge_tpsa_estate,STP_abs_gasteiger_charge_labute_asa_estate,STP_mmff_charge_abs_mmff_charge_polarizability,STP_mmff_charge_abs_mmff_charge_crippen_logP,STP_mmff_charge_abs_mmff_charge_crippen_MR,STP_mmff_charge_abs_mmff_charge_tpsa,STP_mmff_charge_abs_mmff_charge_labute_asa,STP_mmff_charge_abs_mmff_charge_estate,STP_mmff_charge_polarizability_crippen_logP,STP_mmff_charge_polarizability_crippen_MR,STP_mmff_charge_polarizability_tpsa,STP_mmff_charge_polarizability_labute_asa,STP_mmff_charge_polarizability_estate,STP_mmff_charge_crippen_logP_crippen_MR,STP_mmff_charge_crippen_logP_tpsa,STP_mmff_charge_crippen_logP_labute_asa,STP_mmff_charge_crippen_logP_estate,STP_mmff_charge_crippen_MR_tpsa,STP_mmff_charge_crippen_MR_labute_asa,STP_mmff_charge_crippen_MR_estate,STP_mmff_charge_tpsa_labute_asa,STP_mmff_charge_tpsa_estate,STP_mmff_charge_labute_asa_estate,STP_abs_mmff_charge_polarizability_crippen_logP,STP_abs_mmff_charge_polarizability_crippen_MR,STP_abs_mmff_charge_polarizability_tpsa,STP_abs_mmff_charge_polarizability_labute_asa,STP_abs_mmff_charge_polarizability_estate,STP_abs_mmff_charge_crippen_logP_crippen_MR,STP_abs_mmff_charge_crippen_logP_tpsa,STP_abs_mmff_charge_crippen_logP_labute_asa,STP_abs_mmff_charge_crippen_logP_estate,STP_abs_mmff_charge_crippen_MR_tpsa,STP_abs_mmff_charge_crippen_MR_labute_asa,STP_abs_mmff_charge_crippen_MR_estate,STP_abs_mmff_charge_tpsa_labute_asa,STP_abs_mmff_charge_tpsa_estate,STP_abs_mmff_charge_labute_asa_estate,STP_polarizability_crippen_logP_crippen_MR,STP_polarizability_crippen_logP_tpsa,STP_polarizability_crippen_logP_labute_asa,STP_polarizability_crippen_logP_estate,STP_polarizability_crippen_MR_tpsa,STP_polarizability_crippen_MR_labute_asa,STP_polarizability_crippen_MR_estate,STP_polarizability_tpsa_labute_asa,STP_polarizability_tpsa_estate,STP_polarizability_labute_asa_estate,STP_crippen_logP_crippen_MR_tpsa,STP_crippen_logP_crippen_MR_labute_asa,STP_crippen_logP_crippen_MR_estate,STP_crippen_logP_tpsa_labute_asa,STP_crippen_logP_tpsa_estate,STP_crippen_logP_labute_asa_estate,STP_crippen_MR_tpsa_labute_asa,STP_crippen_MR_tpsa_estate,STP_crippen_MR_labute_asa_estate,STP_tpsa_labute_asa_estate
0.24677321661649668,-0.2823745324366681,0.3880745589772191,-0.10266099302631863,0.21411939338852448,0.16875397577491213,0.07114530150468447,-0.26292612972496454,0.30211031123164933,0.0015450270659848608,-0.10711212659930949,-0.07915482082031702,-0.6352520717524512,-0.2656229759314881,0.039082650531631104,0.10185149818009806,-0.2386394879642846,0.29118431621175633,0.15062985091554706,0.27357592646043144,0.393540572539283,-0.19950885645930344,-0.1616679491290532,0.01869946418044277,-0.16459944842230004,-0.5797670175093111,-0.20588425026270626,0.08362515332851728,-0.023456189896204974,-0.11123267189366218,0.4580188614261492,0.21041627342799887,0.007539514913969097,-0.14963565909017945,0.248903191459168,-0.3351905958207591,0.53450881434608,-0.3155859887636981,0.7010307498034953,0.22373600367607113,-0.21230301251007344,0.4369992683453743,0.1313370639086123,-0.2494503675885946,-0.009365550767456517,0.009568522458706402,-0.02205290764670096,0.18205130587655272,0.1800029899849166,0.18286689183306867,-0.02134191738033823,0.181838911133462,-0.23694196789520958,-0.1469759073316816,-0.22848498594890618,0.02511911755571261,-0.22784405651946077,0.0128427501140113,-0.1759878408099722,0.23544678733417457,0.2689612563106928,0.02597612458290678,0.16577541956955483,0.0009890226325171697,0.32914929493733114,-0.4334490069245953,-0.2877177893489703,-0.22097758863637593,-0.03881722276648171,0.1274314323356989,-0.1365568451190298,0.2652578734551261,-0.09785651980393184,0.20951131815389396,-0.25004830555711943,-0.05747212362431521,0.3052349653176999,-0.3717684989369948,0.03735470649701103,-0.05141103669118105,0.03190152295042446,0.1288512028147351,0.017846350280707968,-0.13234893045840412,0.00803854905816137,0.03279855530398557,-0.016357143280685327,0.07343239968389381,-0.08635666191583626,0.1234784559163254,-0.010166961857969795,0.023730834635070794,-0.11812488178617984,0.20798386554996975,0.4387971649473253,0.14744722294042809,-0.02071511083218902,-0.13877007901844912,0.26600606923593456,-0.3876561843769568,-0.058766147665621146,-0.45317931226893965,0.48793864739044607,-0.03193600396591963,-0.2598005339335242,0.3795423119384719,0.025470222826999865,-0.029039633357275406,0.08973362774509484,0.08101671580333203,-0.06974369995402252,-0.0010926550023334647,0.09620138869152578,0.2170556410075864,-0.2836320741916217,-0.3163987795782249,-0.20414799471564965,0.18067767162921167,0.21233565990471287,-0.09598635662311823,0.29857029725528555,-0.0699436138842342,0.22414597139964346,-0.25099141328137625,0.1532368769836817,0.3752811978819377,-0.321940240806969,-0.1474214452513472,0.15326109308436323,0.15671215593892932,0.5190735728707422,0.11274335657124893,-0.04515090179458964,-0.14367854637250446,0.33484619920064423,-0.4281308469617886,0.10341143670275844,-0.4909891019109728,0.6739259533478477,0.018549122601529522,-0.19564645529730637,0.3953521811377395,0.08841191871705469,-0.15482859135546567,0.11801727558012459,0.05913502361398458,0.4274315855144216,0.09709832146470651,0.17659307248320286,0.17305333835732303,0.08777072672074679,-0.0033613000861403876,0.1054380460429956,-0.20415663685203367,-0.05346518314404043,-0.38217200439318944,-0.0368595094695012,-0.21890688595078794,0.3981599329308902,-0.4455333726531611,-0.24527553336787047,0.2515807544206291,-0.3629272388197949,-0.14091631791566175,0.06693090736853145
-0.23470879302766462,0.250298248723008,-0.4254633361221778,0.12424612953292563,-0.18474528010259839,-0.13406714139320403,-0.06898642776384992,0.25434746609226516,-0.16493199868464734,0.005580955857302228,0.14215686083852958,0.027215509854857205,0.6035730490935511,0.2197892312610044,-0.03503003134353722,-0.12580176680588473,0.16463192509604208,-0.34014191221769347,-0.11149268562589895,-0.22023149038516215,-0.33944601164766125,0.18190012364851724,0.15511811663833647,0.11696030183692684,0.135666540993324,0.6036655527934306,0.18205113091389633,-0.10609375588530215,0.006471029980132242,0.06126756299331554,-0.4956021565233715,-0.2029323131971991,0.01923374581117538,0.13553670362553683,-0.15358623431840637,0.3684644752499598,-0.5131807351920394,0.33048099420427784,-0.5943610242912534,-0.19581443296680076,0.20096379565320321,-0.3633561165688618,-0.14092871859125508,0.18412347833504367,0.0551560045084742,-0.000685687266268234,0.03579705453499093,-0.18935570091747272,-0.2043590218539553,-0.19271600447716525,0.02497292754634156,-0.16734762737184153,0.19430661724645235,0.14092400338986777,0.19059500730840456,-0.0283166886870442,0.19195056447739312,-0.0150848330455077,0.1564938179158832,-0.23816109010397404,-0.3142095695727688,-0.06078532164818461,-0.20965933744211399,0.0010217611894553918,-0.3433716636615628,0.405839619975347,0.25038250617855506,0.20108878624726648,0.04387372195058248,-0.11054465483244993,0.027126011193314564,-0.23064143736691733,0.10496950476871376,-0.20351017922881548,0.24695219062240864,0.06334055971607663,-0.2791359381624582,0.2685288675386827,-0.031177002787615968,0.038627241358142966,-0.11629555519161101,-0.14369582069751882,0.03233830759863915,0.16497890696406242,0.03809954696152329,-0.04082813674884055,0.022610557029664857,-0.032474612494829025,0.13401084801268173,-0.09817911703830413,0.04995114423735088,-0.031454547170725704,0.14682053522851657,-0.21953768879436186,-0.38445904232256245,-0.13167709836364583,0.023221812911550344,0.11017227704606244,-0.13338305783702475,0.3428986820629718,0.06769627368090507,0.4261377119493807,-0.4383687378622637,0.036415628983240925,0.23163824845904982,-0.2674075870214381,-0.0214614836321428,0.012672484405105704,-0.00938087047040713,-0.15562609755372758,0.030647846428216906,-0.06875175755935503,-0.0898276947894482,-0.244326051527951,0.25747921532894386,0.252229092428212,0.18245660151516044,-0.1416610296400606,-0.19345771507040185,0.009436496360443358,-0.23981077190101388,0.0799010276218748,-0.20046374402774836,0.24797873460668368,-0.11743078046401109,-0.3443238142546934,0.23318117622992474,0.13770520690451526,-0.16462934385835806,-0.23117046082330006,-0.5212353281730078,-0.10395964651056083,0.07587922564444127,0.12094237041031373,-0.21840234233727263,0.43035281293506217,-0.0850920659089742,0.5000784895833887,-0.6436808811154214,0.010346980034925263,0.17623762009328525,-0.29983588169567754,-0.1022103520754027,0.14559959894101807,-0.051873224988357475,-0.05580568922301561,-0.38478742159270973,-0.12643985154451756,-0.028792435656802746,-0.15830249014309736,-0.08611250709795137,0.005879248640023242,-0.08941372187287855,0.12114139430930275,0.03371849272369452,0.34506500172816734,0.06283986223131736,0.0923398839868544,-0.3842015333721472,0.43132479931863765,0.158168693356943,-0.2335190211460758,0.29075533193205727,0.12664833017300328,-0.012325808708235825
-0.0057753176655850275,-0.14728918726364737,0.14728918726364737,-0.042178798072843054,-0.06938517204054004,0.2141803818879108,0.05774246400825529,-0.16261229960630277,0.18663008331006498,0.17068836831415143,-0.17068836831415143,0.051596964694575795,0.08583161170483049,-0.23607718488228285,-0.07242797408346435,0.18295879273238955,-0.2105895222793158,0.0,0.0693026423489359,0.1383173316157444,0.3093307277612942,-0.14057936219444866,-0.13993623383452483,0.14510454044159662,-0.0693026423489359,-0.1383173316157444,-0.3093307277612942,0.14057936219444866,0.13993623383452483,-0.14510454044159662,0.006962378277737389,0.18935853490848392,-0.013088287304129177,-0.11658564019636203,0.12936654332827013,0.34685387039900417,-0.01199911359078682,-0.21862839782744342,0.2436178737333021,0.3256916599648428,-0.13802360753835347,0.1809492882820758,0.21006427480575732,-0.23501407282496717,-0.017112783503914503,-0.036956420696717,0.036956420696717,-0.015642632098105957,-0.01885290386410859,0.048192818802782714,0.01573022685495745,-0.0442782677922926,0.05123937710999335,-1.2418194086588569e-18,-0.12903414244607148,-0.03681204947856516,-0.14147432780986047,0.03167575319284785,-0.08867763671419161,0.11251785175881492,0.12903414244607148,0.03681204947856516,0.14147432780986047,-0.03167575319284785,0.08867763671419161,-0.11251785175881492,0.05024379799091213,-0.2281484448054646,-0.04151495599847878,0.1170637357613669,-0.1312776950219499,-0.12017609519508429,0.0004902542002898174,-0.0011326090104198084,0.006360511985456007,-0.10152409334921363,0.2851429670910134,-0.3428797658710729,-0.00020640905628672526,-0.003974558886874987,0.011860150266331634,1.055657792823975e-17,0.13214445667389565,0.007954929922045356,0.08633536445466532,-0.001435085500854975,0.1378769468572899,-0.16680133430645114,-0.13214445667389565,-0.007954929922045356,-0.08633536445466532,0.001435085500854975,-0.1378769468572899,0.16680133430645114,-0.06404491157665887,0.2088656329259492,0.05563887757043904,-0.09996555986016394,0.11261338798563982,0.054416601622818916,0.002653864239438649,0.06080540984369931,-0.07406247180665025,0.03861942409680675,-0.2832379031006374,0.3372187171422037,-0.05696689539551147,0.06900803414150003,-0.008684425268653925,0.0,0.0,0.0,0.0,0.0,0.0,-0.10385342098426721,-0.2044255997776582,0.10825182994036726,0.16431719748851314,-0.18006226303463482,0.055545512954438735,0.005388778314003648,0.11825032082553055,-0.1419300691726692,0.06850527978545051,0.3206488093005578,-0.3756813199924706,-0.11473232713018007,0.1385979773884716,0.019538411100531346,0.10385342098426721,0.2044255997776582,-0.10825182994036726,-0.16431719748851314,0.18006226303463482,-0.055545512954438735,-0.005388778314003648,-0.11825032082553055,0.1419300691726692,-0.06850527978545051,-0.3206488093005578,0.3756813199924706,0.11473232713018007,-0.1385979773884716,-0.019538411100531346,0.2632257973030884,-0.00873809715663642,-0.15820145832792654,0.17577246817551892,0.25717384406101307,0.10507210269741067,-0.11039251679583278,0.1510761761949933,-0.16806658479876743,-0.0038162128948476533,0.018331871391051306,0.38432933412619885,-0.4537455490702995,-0.001740628306534196,0.0028212827887505185,0.01606488408217221,0.368175478855585,-0.43562518124891564,-0.019940737235971014,-0.0152993447439959
0.010411270809706675,0.14215950243153797,-0.14215950243153797,0.045466439386506276,0.0669850029105149,-0.20671428249607868,-0.053754738404736685,0.15747109975095355,-0.17069158874068788,-0.17255108823200874,0.17255108823200874,-0.05971388826735426,-0.09127239243934175,0.22893656960188383,0.07550312236636397,-0.18101223559592558,0.19791611260629674,5.532378308308478e-17,-0.061818875133203575,-0.1360931603237404,-0.29998889010728663,0.14004512272471045,0.13823483291197491,-0.12653242068514592,0.061818875133203575,0.1360931603237404,0.29998889010728663,-0.14004512272471045,-0.13823483291197491,0.12653242068514592,-0.014397446945487861,-0.18583542186556098,0.021414647423548237,0.11268843538618495,-0.11469469410959743,-0.33924680264782187,0.014527841516863739,0.21588708306351517,-0.2230292859637606,-0.31707448747484074,0.13129242729227134,-0.17620715656774288,-0.20739969026004498,0.2159985167484758,0.02581835014072206,0.036560473290843915,-0.036560473290843915,0.02120719504789972,0.019931272288934335,-0.042888674016366715,-0.016134004914358555,0.04683838490663146,-0.05214122006760903,0.0,0.12991015005554127,0.03692309504302051,0.14028445447380342,-0.031533463988319396,0.08656998487242602,-0.11255154642279545,-0.12991015005554127,-0.03692309504302051,-0.14028445447380342,0.031533463988319396,-0.08656998487242602,0.11255154642279545,-0.04940415516875115,0.23376923480648595,0.03903764228463596,-0.11621499052531417,0.11998671598788452,0.1197913990925888,-0.0008967241705617753,-0.00010853790092692327,-0.008700114233960155,0.09889857023256443,-0.28127560204291674,0.33210153218637484,0.002195156548390122,0.004696709378706429,-0.020729163287241757,0.0,-0.14178447508984876,-0.009816367204552314,-0.09312426711360057,0.0022581505458928617,-0.14062848893366012,0.16915490412548814,0.14178447508984876,0.009816367204552314,0.09312426711360057,-0.0022581505458928617,0.14062848893366012,-0.16915490412548814,0.07160102508974464,-0.220343226002452,-0.061259118857358776,0.10007036820422542,-0.1040882168690434,-0.06228300381931571,-0.00310087625009468,-0.06408893835609386,0.07821657744164978,-0.04374441362333458,0.2842731165930392,-0.331244137628431,0.059165880865403614,-0.07142695635024172,0.01614862899372042,0.0,0.0,0.0,0.0,0.0,0.0,0.10831030225791068,0.21313647020661883,-0.11426545082855359,-0.16396910915494245,0.16457328108421712,-0.05638199568270324,-0.006186083881196904,-0.11877954280589613,0.14061293058204222,-0.07165518031384835,-0.3190939123092615,0.36237285738325803,0.11594530790675904,-0.13894463841542135,-0.03239062032713934,-0.10831030225791068,-0.21313647020661883,0.11426545082855359,0.16396910915494245,-0.16457328108421712,0.05638199568270324,0.006186083881196904,0.11877954280589613,-0.14061293058204222,0.07165518031384835,0.3190939123092615,-0.36237285738325803,-0.11594530790675904,0.13894463841542135,0.03239062032713934,-0.27595567945515986,0.010907609815478019,0.159248804296083,-0.1626231774950973,-0.2696640121789372,-0.10438969016349389,0.09928881512178805,-0.1514918249722451,0.1549908845749107,0.004220090799710122,-0.021439122056901082,-0.38552800579616103,0.4429122169390034,0.0028665273677512797,-0.00487257771224467,-0.028401124612538173,-0.36862805557139977,0.425100221412982,0.028833797586017812,0.026941748241128372
-0.008641580250530693,-0.1680325044841605,0.1680325044841605,-0.04243488854413215,-0.06198896166805202,0.2259055484325113,0.04063602051334746,-0.17652271722831234,0.18876155136247788,0.19481692561784242,-0.19481692561784242,0.053756246736336936,0.07977074395730176,-0.24685863685745393,-0.05398720623324874,0.19927238502241307,-0.21368153073510396,-2.7543671487206178e-18,0.08861368215894547,0.1536268736515433,0.2927646735416494,-0.13365852705595216,-0.10476962731717689,0.10050272226661532,-0.08861368215894547,-0.1536268736515433,-0.2927646735416494,0.13365852705595216,0.10476962731717689,-0.10050272226661532,0.006106372795673091,0.19306835220799823,-0.01232426606373205,-0.119549580469482,0.12492629326969606,0.31454236449317025,-0.01215579406760972,-0.20003982974121626,0.20965530751149172,0.2504931665816249,-0.1667033152297959,0.19376364989144193,0.16574880667872516,-0.17445209004988624,-0.012113512031271733,-0.0434499383022398,0.0434499383022398,-0.018613080831945676,-0.018078311257049524,0.051084370169940836,0.011937736143301203,-0.05165858682468207,0.056563582890004904,0.0,-0.14856186739388882,-0.03984541570950628,-0.1425372959765689,0.027806849084313003,-0.11692543729925275,0.15076440851083797,0.14856186739388882,0.03984541570950628,0.1425372959765689,-0.027806849084313003,0.11692543729925275,-0.15076440851083797,0.0447434866942378,-0.2357252516084227,-0.028905017896229637,0.1265399612675422,-0.12881494421240453,-0.10615231570638253,0.0006222520588109673,-0.001276332821963475,0.010857700786383215,-0.07185437134831776,0.3069357085957185,-0.3628112173382537,-0.0009352719569254374,-0.005222808693865636,0.02703236571551262,-1.4796373398201755e-17,0.14932888921826337,0.006471862156097703,0.08955452298810475,0.00232222869987025,0.16265476818277497,-0.2007843407675081,-0.14932888921826337,-0.006471862156097703,-0.08955452298810475,-0.00232222869987025,-0.16265476818277497,0.2007843407675081,-0.05935918314939524,0.21393028833499217,0.0420224465190256,-0.10786236354646378,0.10838592694692685,0.04487015676673538,0.002744338903134234,0.059981587440112616,-0.07511564397892707,0.02187456904395118,-0.29770759164488797,0.35264644487464264,-0.04744984316418533,0.05818797807622013,-0.026971242855678222,0.0,0.0,0.0,0.0,0.0,0.0,-0.11481258514601038,-0.18367227258554467,0.1035067181754069,0.15429136819166545,-0.16836421953959127,0.06089434344094176,0.006271407344528158,0.1317452168243644,-0.16167132406608445,0.06493066308729663,0.29259348962764603,-0.34793196286051836,-0.11034409679924434,0.1365546081401995,0.024067998950566095,0.11481258514601038,0.18367227258554467,-0.1035067181754069,-0.15429136819166545,0.16836421953959127,-0.06089434344094176,-0.006271407344528158,-0.1317452168243644,0.16167132406608445,-0.06493066308729663,-0.29259348962764603,0.34793196286051836,0.11034409679924434,-0.1365546081401995,-0.024067998950566095,0.23749272962719803,-0.0088353200058235,-0.14426255022965392,0.1502591436067192,0.1999718907168791,0.08837051902614887,-0.10788747306102253,0.11818329410944436,-0.12250642258014184,0.009624056686929549,0.017658644800332163,0.34903233288697116,-0.41411571641176675,-0.002258305851222761,0.004233696040143994,0.030721319008556538,0.2873189087916083,-0.340668770569305,0.004465802457365744,-0.025318287646602978
0.003963485719671561,0.17013971329901736,-0.17013971329901736,0.039126849883859297,0.06296280037623592,-0.22905358577002494,-0.04303212362927058,0.1777384951124757,-0.20379981008427678,-0.1923065875712044,0.1923065875712044,-0.046415526271019976,-0.0747747433618023,0.25200276714908165,0.05174281675701857,-0.19847946171944023,0.22769084678821633,0.0,-0.0940518965284633,-0.15491215478749024,-0.2959099590688297,0.1332532004881988,0.10370789539935624,-0.11424051040777045,0.0940518965284633,0.15491215478749024,0.2959099590688297,-0.1332532004881988,-0.10370789539935624,0.11424051040777045,-0.0008196430846347202,-0.1946691225330296,0.006856277763999835,0.12210203839943182,-0.13893070285362757,-0.318059218311491,0.010131647878772907,0.20020953439696065,-0.22783610848687277,-0.2542366887201407,0.16950731220004606,-0.2006538876151563,-0.1654345934531006,0.1885097141523182,0.004882534299388658,0.04351766547305061,-0.04351766547305061,0.01349147107393126,0.017033782120260455,-0.05525742931406988,-0.0116550834229243,0.04822495540026766,-0.05564743504346385,-2.7870877836461366e-17,0.1495466107771698,0.039896377457528755,0.14290303532442636,-0.02783786776657262,0.11863691379976699,-0.15111614567680623,-0.1495466107771698,-0.039896377457528755,-0.14290303532442636,0.02783786776657262,-0.11863691379976699,0.15111614567680623,-0.0461670804382415,0.23419301864770337,0.03142182425520196,-0.12894285764559452,0.14438058964539546,0.1065946524213177,-0.0002111456712708041,0.0022251726169399107,-0.008133442440613012,0.07362058082929858,-0.3090024071199497,0.3746174556118218,-0.0009247553942885984,0.0048753843713528425,-0.015757495804075983,1.4814151149482627e-17,-0.14497426234529484,-0.005471508429795982,-0.08583466014333899,-0.002618217922043144,-0.16061967557032122,0.20002449726481397,0.14497426234529484,0.005471508429795982,0.08583466014333899,0.002618217922043144,0.16061967557032122,-0.20002449726481397,0.05504985789293842,-0.21069468659910595,-0.039639321512779074,0.11086030411982813,-0.12337107401206474,-0.04054515264936939,-0.002490231027973229,-0.056806753786541715,0.07129744349701068,-0.01966406339794983,0.29906942123412517,-0.3637446545311529,0.04591926379624705,-0.05691939783696286,0.016271541427088657,0.0,0.0,0.0,0.0,0.0,0.0,0.11410773755120462,0.18109840074707712,-0.10173615503304176,-0.1567370162549397,0.18394906535963923,-0.06072469211917664,-0.005900420802564923,-0.13233752930256237,0.16437967204629708,-0.06350536447712676,-0.2934412923246992,0.3587762491927139,0.10988472224283637,-0.1370457362780055,-0.01245327032844063,-0.11410773755120462,-0.18109840074707712,0.10173615503304176,0.1567370162549397,-0.18394906535963923,0.06072469211917664,0.005900420802564923,0.13233752930256237,-0.16437967204629708,0.06350536447712676,0.2934412923246992,-0.3587762491927139,-0.10988472224283637,0.1370457362780055,0.01245327032844063,-0.23460257481181063,0.007431716249666116,0.14677342456876644,-0.1669535243760559,-0.1973721719307438,-0.08930573279994496,0.11322552161029283,-0.12065210599635737,0.136871983585535,-0.007282915452914216,-0.016086048442676984,-0.3501909423004616,0.4268080037330967,0.001029465677702734,-0.002072839551876182,-0.017810803325509758,-0.28849372425932934,0.3513118793976106,-0.00653935945986318,0.014692090537083162
-0.009138715389658615,-0.16961278154895407,0.16961278154895407,-0.04263038797968824,-0.06224382647860084,0.22649766197959637,0.04071837312658679,-0.17730577178202891,0.1886594600705312,0.19587022076534935,-0.19587022076534935,0.054018390021532615,0.08020843898663686,-0.2457151217809934,-0.05427083804984808,0.19910211492569688,-0.21239702724203693,0.0,0.08887309067239937,0.15458019495584555,0.29410279960202723,-0.1345387193596639,-0.10490064480774729,0.1014934233847848,-0.08887309067239937,-0.15458019495584555,-0.29410279960202723,0.1345387193596639,0.10490064480774729,-0.1014934233847848,0.0062378108586609365,0.19259906832975046,-0.012479425892029246,-0.11926970912837133,0.12436240432296848,0.3143521135862021,-0.012262935772226065,-0.20008738723487257,0.20918444251566334,0.2502647060251801,-0.16735987004253583,0.19159671799740843,0.16582403053754918,-0.17401194041342127,-0.010583690863666104,-0.04348815241566783,0.04348815241566783,-0.0188940479806226,-0.018111047560929416,0.05038763641693049,0.01194162563594123,-0.05177149047151815,0.05646708206735465,0.0,-0.14780580914485952,-0.03993954567749151,-0.1426434265677295,0.027868853862048685,-0.11712872441417321,0.1502495091100039,0.14780580914485952,0.03993954567749151,0.1426434265677295,-0.027868853862048685,0.11712872441417321,-0.1502495091100039,0.04420280559348044,-0.2332289728072768,-0.028478703021298887,0.12507064565079176,-0.12664003906592647,-0.1056812242826192,0.0006390484228518777,-0.0012323836990085968,0.010713409885538157,-0.07145946430544525,0.3055246461643013,-0.3593018981785104,-0.0010141779209251747,-0.0050715084309889335,0.026782552732213475,-2.999854885132469e-17,0.14790058700588915,0.006488665184215007,0.08931881158500418,0.0023121003694636056,0.16215738040314343,-0.199531931942519,-0.14790058700588915,-0.006488665184215007,-0.08931881158500418,-0.0023121003694636056,-0.16215738040314343,0.199531931942519,-0.058775488776832925,0.2101711479531531,0.04161727450221348,-0.10562013445076664,0.10535165174854752,0.04471575909337834,0.00274465029286588,0.05980737319487835,-0.07467174711934861,0.021847571916552653,-0.2942156522696083,0.34716386568717694,-0.047280086619300846,0.057792595347845734,-0.02698462319248573,0.0,0.0,0.0,0.0,0.0,0.0,-0.1137785711228302,-0.1815484647003621,0.10263856851510944,0.15278634189104648,-0.16717169280490257,0.0607472880011247,0.006281616599498677,0.13144920415879593,-0.1608322166546905,0.06482268548726661,0.2913180995991319,-0.3458829601048967,-0.11014387684989213,0.13585581059347815,0.022837165541568952,0.1137785711228302,0.1815484647003621,-0.10263856851510944,-0.15278634189104648,0.16717169280490257,-0.0607472880011247,-0.006281616599498677,-0.13144920415879593,0.1608322166546905,-0.06482268548726661,-0.2913180995991319,0.3458829601048967,0.11014387684989213,-0.13585581059347815,-0.022837165541568952,0.2338298539236022,-0.008772635938827628,-0.14196968604217863,0.147479863313659,0.196937812415981,0.08746488352548974,-0.10823645989210846,0.11628926487211269,-0.12015079395139236,0.010550351551436993,0.01759332459544458,0.3459440668292988,-0.4092719305411721,-0.002297065901657619,0.004258363606450273,0.030297345166904494,0.28478258244492644,-0.3365561676218309,0.007042896155528565,-0.02498766425940631
-0.009468047247799323,0.1770778016643865,-0.1770778016643865,0.0280332537914282,0.06628828790604467,-0.22733474737115492,-0.05002650661225556,0.17035107245785458,-0.24498980447355703,-0.1866704560493437,0.1866704560493437,-0.02407353664784324,-0.06131948688960222,0.25522842866814566,0.04560509782416558,-0.18470887884286327,0.2660744903160846,-3.432423126057257e-17,-0.10245949312634178,-0.16009056111384926,-0.29135977366571425,0.1333770632340519,0.09593634309295919,-0.14612593911035843,0.10245949312634178,0.16009056111384926,0.29135977366571425,-0.1333770632340519,-0.09593634309295919,0.14612593911035843,0.01301125848691312,-0.17766408420330407,-0.007831006674715436,0.11375503988627944,-0.1648875039651338,-0.3145955467297859,0.004701694090249835,0.1899224769655976,-0.2761892971786798,-0.25354365254853095,0.15712746223841204,-0.21550228301412155,-0.1554135278766011,0.2258114259735356,-0.007845616401663126,0.043037337316719146,-0.043037337316719146,-0.0015101369786466583,0.013829546846304176,-0.06303948615130571,-0.010634656500920537,0.03470877709073649,-0.05147146094205521,2.7401939311891286e-17,0.1556697275924898,0.042666205884845175,0.14564897947913738,-0.028500707500436328,0.12518976626592387,-0.1509557002415981,-0.1556697275924898,-0.042666205884845175,-0.14564897947913738,0.028500707500436328,-0.12518976626592387,0.1509557002415981,-0.05151976734108124,0.22290853303333558,0.039466522762600244,-0.12993739666132315,0.19147355767077795,0.10929846902963963,0.0013845785536001852,0.0058188057975096415,0.002519742816373911,0.07773707740387374,-0.3008363738620699,0.39530641517504633,-0.007949503371687323,0.003215555948018952,0.027980644006339254,1.4451771113570267e-17,-0.1392007075088179,-0.006068793606193738,-0.0827264198280589,-0.002371576730310909,-0.15528810083328073,0.1946480045245225,0.1392007075088179,0.006068793606193738,0.0827264198280589,0.002371576730310909,0.15528810083328073,-0.1946480045245225,0.044943473173953856,-0.2009932162833932,-0.03431370050743247,0.11771157202238154,-0.17331018585578795,-0.03547251349908396,-0.0022616958421932715,-0.04500565744591131,0.0552897593671651,-0.01696815197002117,0.2941774686035361,-0.38405163755885763,0.04028479100296628,-0.05093445186028338,-0.028740421543860414,0.0,0.0,0.0,0.0,0.0,0.0,0.1160489684025103,0.17186104469395178,-0.1007613765745251,-0.1567743903006429,0.21580474405944663,-0.061474734034269916,-0.00637007560389423,-0.13629568170949746,0.17168285280517243,-0.06281009451655661,-0.28489337430655043,0.3685697018449139,0.10973536401524178,-0.13722059115872803,0.021523501402067984,-0.1160489684025103,-0.17186104469395178,0.1007613765745251,0.1567743903006429,-0.21580474405944663,0.061474734034269916,0.00637007560389423,0.13629568170949746,-0.17168285280517243,0.06281009451655661,0.28489337430655043,-0.3685697018449139,-0.10973536401524178,0.13722059115872803,-0.021523501402067984,-0.22305265693763715,0.00392596193559563,0.14875134241514842,-0.21416186412537302,-0.1878549472869755,-0.08103805935286496,0.09762895780959398,-0.12385202503834968,0.1786487490042365,0.012700244696637737,-0.014323347954256216,-0.3407661756154512,0.44343229254508887,-0.0035542378761790616,0.005947548955782396,0.031463290824339345,-0.2817894056888516,0.36718942303915764,0.011953436900300025,-0.02589322912782788
0.0011198656332821247,-0.170301813436014,0.170301813436014,-0.034394934573509374,-0.06414040098625082,0.2226686621308882,0.04532118514117561,-0.16742688316899593,0.21741913978029714,0.19079883722568433,-0.19079883722568433,0.03790738855317094,0.07082504055980506,-0.25136238542349615,-0.04989878535256349,0.18822095713146209,-0.2443843516509357,-4.1262324555405683e-17,0.09538332695986781,0.15741270926860784,0.2880240597312846,-0.133387246104244,-0.09779360481342679,0.12124597524413004,-0.09538332695986781,-0.15741270926860784,-0.2880240597312846,0.133387246104244,0.09779360481342679,-0.12124597524413004,-0.004132222599851346,0.1828838217597896,-0.0015558271331394939,-0.11352396893712065,0.14626038196697821,0.31429410515468303,-0.008346246481840002,-0.19158715724958125,0.24662862046137304,0.2510528250341501,-0.15529722741128657,0.20918311724158126,0.1571605868375425,-0.20255774675159277,-0.00565094219035567,-0.043042143340527424,0.043042143340527424,-0.0076514583675256105,-0.015930379679278468,0.05724175298695003,0.01126759635391922,-0.04151071658825035,0.05395646251568452,-6.815753625551222e-18,-0.1583890633034457,-0.04265492541615357,-0.14665854560734404,0.028422030398694845,-0.12239110509043169,0.151180964352063,0.1583890633034457,0.04265492541615357,0.14665854560734404,-0.028422030398694845,0.12239110509043169,-0.151180964352063,0.05103894367195872,-0.23671264027907565,-0.036410687949798085,0.1309965683563889,-0.17167729413156177,-0.11100676333153668,-0.0006469182161364782,-0.004161044026018654,0.0024827127505334624,-0.0761908186421159,0.30420842716280333,-0.38490275926473294,0.0046288289862795855,-0.003947151598477759,-0.007624176768149682,1.4590699282523094e-17,0.15334508628747898,0.008004200001677354,0.09151462801347265,0.001869519816197799,0.1618381292489447,-0.2000204118070042,-0.15334508628747898,-0.008004200001677354,-0.09151462801347265,-0.001869519816197799,-0.1618381292489447,0.2000204118070042,-0.055331855214343355,0.22020190403415335,0.04047510074956646,-0.11911968854083975,0.15667227566450265,0.04451537635238114,0.002787274190687081,0.05217869263540742,-0.06399594844848427,0.021470475810198168,-0.30348711731520706,0.3807274296589317,-0.044169078831786744,0.054705034552821004,0.00997214113265059,0.0,0.0,0.0,0.0,0.0,0.0,-0.12251121966786142,-0.18573543278477392,0.10813797444156222,0.15950216682508844,-0.19743876546426078,0.06341843341326416,0.007138116744282921,0.13762210683072462,-0.1701070742293104,0.06679994009138057,0.2912115250811137,-0.3600990045820106,-0.11218262964446395,0.13864602387974578,-0.00032235367099255015,0.12251121966786142,0.18573543278477392,-0.10813797444156222,-0.15950216682508844,0.19743876546426078,-0.06341843341326416,-0.007138116744282921,-0.13762210683072462,0.1701070742293104,-0.06679994009138057,-0.2912115250811137,0.3600990045820106,0.11218262964446395,-0.13864602387974578,0.00032235367099255015,0.24294413869635623,-0.006683101563767565,-0.15272122307740424,0.19641167182690522,0.20430943686335,0.08476263728313935,-0.09375454739063879,0.1261026914855551,-0.16259781822289296,-0.009590937913445109,0.017614676122891013,0.35196633453651466,-0.4390017282657771,0.0013908881386436006,-0.0021644269836615855,-0.008583929336395105,0.28984843009099664,-0.36239087869792885,-0.01733937641407879,0.007000445972837026
0.00871033505702557,0.16840141040449028,-0.16840141040449028,0.04241087454619831,0.06210355042147321,-0.22569569130562717,-0.04069464773859238,0.17631239237291582,-0.18900823835826647,-0.19521192827249573,0.19521192827249573,-0.053739474660542734,-0.0799533238953487,0.24649633448113512,0.054101547081503214,-0.19896965699014504,0.21395319419488654,-2.036782293442711e-17,-0.08848049154249873,-0.15394340991260339,-0.29254451174642315,0.13394389200085563,0.10464709137457377,-0.0994959436882966,0.08848049154249873,0.15394340991260339,0.29254451174642315,-0.13394389200085563,-0.10464709137457377,0.0994959436882966,-0.006139627778102854,-0.19225928224018643,0.012351411783442397,0.11899176947491172,-0.12436506185332236,-0.3142041211581739,0.0121953753684097,0.19976725091893832,-0.20947344790814934,-0.2502090395411266,0.16603676325222352,-0.19499549876014102,-0.16552441274579524,0.17437770488508147,0.0132825165868124,0.043567542398874205,-0.043567542398874205,0.018664681700368276,0.018136498527946583,-0.05100735254238905,-0.0119714097246911,0.05166991960455043,-0.056688189522754784,0.0,0.1487223097213933,0.04001141902295792,0.1427380787218908,-0.027902082964490635,0.11707812616420714,-0.15059657543720184,-0.1487223097213933,-0.04001141902295792,-0.1427380787218908,0.027902082964490635,-0.11707812616420714,0.15059657543720184,-0.044769602403409846,0.23526899899243686,0.028912170350014366,-0.12622341139717486,0.12899422424599583,0.10626363699978618,-0.0006209438112051601,0.0012853710714038357,-0.010629923988890889,0.07188808993303832,-0.3063544458425316,0.36203776952334726,0.0009205973818014169,0.005075676256853463,-0.026266479071007483,0.0,-0.14950879111182414,-0.006554400104753387,-0.08977793077758114,-0.0023086907322586807,-0.16279117432317572,0.2003132963462814,0.14950879111182414,0.006554400104753387,0.08977793077758114,0.0023086907322586807,0.16279117432317572,-0.2003132963462814,0.059430255544767566,-0.21350123523030806,-0.04207081401847592,0.10757232348894986,-0.10871852090818299,-0.04504683528551365,-0.0027620785703020086,-0.059994124595695544,0.07485904757048017,-0.02196608160083971,0.29706438721149153,-0.35133492590435017,0.04746950592208219,-0.058045689575316924,0.025749328823740016,0.0,0.0,0.0,0.0,0.0,0.0,0.11493127889865558,0.18336164787416312,-0.10363128749197863,-0.15393272077990183,0.1669945964525243,-0.060976125412515715,-0.0063179007268316665,-0.13189013403788963,0.16130698770701163,-0.0650605748304786,-0.29208596236450163,0.345947586393226,0.11046090212336554,-0.13626747814262097,-0.024410098066494038,-0.11493127889865558,-0.18336164787416312,0.10363128749197863,0.15393272077990183,-0.1669945964525243,0.060976125412515715,0.0063179007268316665,0.13189013403788963,-0.16130698770701163,0.0650605748304786,0.29208596236450163,-0.345947586393226,-0.11046090212336554,0.13626747814262097,0.024410098066494038,-0.23701080945286807,0.008852866970482466,0.14388241310336247,-0.14995566496787396,-0.19958412780932383,-0.08788906278064045,0.10513592782298632,-0.11787890944667608,0.12234891854420543,-0.008217971791473882,-0.017725586206676486,-0.34831927284576497,0.41220471584602825,0.0022497879733899286,-0.004181840692038106,-0.029857545502398813,-0.28674267333225734,0.3392500237630046,-0.0016563960973174957,0.02458996565575888
-0.012968245470738736,-0.17007913952179826,0.17007913952179826,-0.042885633446714325,-0.06252794079631677,0.21379157777903152,0.039354360037828516,-0.16703766415987398,0.17660754231366677,0.20011614073390244,-0.20011614073390244,0.056568911373997874,0.08547766985571723,-0.23033378300550686,-0.056730471822320556,0.18889618236179,-0.2009058076568902,-4.1478020963360084e-17,0.0801252809590746,0.15615977826463373,0.2782314583970447,-0.1367360900427296,-0.10021652942691447,0.09038484841602737,-0.0801252809590746,-0.15615977826463373,-0.2782314583970447,0.1367360900427296,0.10021652942691447,-0.09038484841602737,0.00991857196845586,0.17087482131025464,-0.015938078527063637,-0.10396212708728908,0.1059914841782837,0.2985838573850169,-0.014136113414129955,-0.19021085070647623,0.19538300341616271,0.23625851782974383,-0.14728251231250025,0.17529636377215455,0.1574798328778432,-0.16289865266518871,-0.015294768151750487,-0.04242150070878044,0.04242150070878044,-0.02222103627943008,-0.018865382984980205,0.042339529683189,0.011978364732799323,-0.05072850807166266,0.055382488525937607,2.7870340079780416e-17,-0.1511431754167898,-0.04288005044936882,-0.14406642719908572,0.02836150466339579,-0.11889600771214007,0.14862835654840312,0.1511431754167898,0.04288005044936882,0.14406642719908572,-0.02836150466339579,0.11889600771214007,-0.14862835654840312,0.04475406813487875,-0.2263153379065212,-0.027821412213899995,0.11846057327755855,-0.1194679346700015,-0.10686537292321407,0.0005048799100465457,-0.0015977213066048774,0.010115789388403159,-0.06898607853097345,0.29094387884798795,-0.33642402382565784,-0.0003431531734761558,-0.00494074830622592,0.022510707683393714,-1.4760162657740765e-17,0.15785095323955173,0.011503221803493545,0.10011234451609637,0.0007346890533989433,0.16488997924723628,-0.19742100131526671,-0.15785095323955173,-0.011503221803493545,-0.10011234451609637,-0.0007346890533989433,-0.16488997924723628,0.19742100131526671,-0.06417276930090121,0.20998632794414307,0.044956491674476275,-0.10238952116245888,0.10266679163352604,0.056002231937307176,0.0035748376223849565,0.059572888430437475,-0.0727778531632302,0.027534994480838685,-0.2842877749763455,0.32773906826597404,-0.04743778409909227,0.05670402101641891,-0.020811509736437653,0.0,0.0,0.0,0.0,0.0,0.0,-0.11857249940354309,-0.17938368722148137,0.10815114284606331,0.14507140957471285,-0.15034143456971508,0.062128738326349395,0.008433275026127429,0.13443191271340083,-0.15925220540583646,0.06942660452067938,0.2793902126843273,-0.3197012093236583,-0.1122987030428332,0.13456271420531024,0.02439229434626032,0.11857249940354309,0.17938368722148137,-0.10815114284606331,-0.14507140957471285,0.15034143456971508,-0.062128738326349395,-0.008433275026127429,-0.13443191271340083,0.15925220540583646,-0.06942660452067938,-0.2793902126843273,0.3197012093236583,0.1122987030428332,-0.13456271420531024,-0.02439229434626032,0.2306615891388559,-0.01019794131232812,-0.13588904656918255,0.13823980051373658,0.19496063823962806,0.07662926640014839,-0.0833247938944473,0.11146873037395404,-0.1131596226217216,0.003163562255613857,0.02174886975820653,0.3327153752481667,-0.38223054581092974,-0.001897059223096787,0.0038645587265450296,0.025779920098123747,0.2739936120784746,-0.3152136918304644,-0.006791795109889752,-0.021191232848694837
-0.005483423781100915,0.17505672020357482,-0.17505672020357482,0.03183434276039607,0.06517308051755907,-0.2318561991753658,-0.047897600093069495,0.17523511065566982,-0.23247777127891422,-0.1887421473381602,0.1887421473381602,-0.03110961830144016,-0.06529370771486258,0.25934521224244933,0.04745777779456125,-0.1920649795221395,0.25496369063977864,0.0,-0.10258817985211494,-0.15880677434297893,-0.2989164097237442,0.13358313971082478,0.09994017037494761,-0.1376427803059702,0.10258817985211494,0.15880677434297893,0.2989164097237442,-0.13358313971082478,-0.09994017037494761,0.1376427803059702,0.00931400072301341,-0.19023270209767598,-0.003777039553233399,0.12086700049556567,-0.16126909509959925,-0.32161940584705767,0.006281171892932196,0.1961760245805499,-0.2621416013816862,-0.2587130482554468,0.16685393198669987,-0.2146623608730863,-0.16106408568618255,0.21506097797002563,-0.005061101149602509,0.0438084148941416,-0.0438084148941416,0.003145755779488836,0.01501717215335443,-0.0625805986726308,-0.011098230460906959,0.04000601295193632,-0.053426831493053925,-6.954310560845814e-18,0.15390501261632394,0.04126481125236204,0.1455116027150439,-0.028357850672971925,0.12281578858774228,-0.15168566191722505,-0.15390501261632394,-0.04126481125236204,-0.1455116027150439,0.028357850672971925,-0.12281578858774228,0.15168566191722505,-0.04979429309432976,0.23030305519730385,0.0369533211911043,-0.13172760222616323,0.176803729284959,0.10882725138739985,0.0007330020916528912,0.004417079855970356,-0.0016718610114254172,0.07737263678774238,-0.30832488853536494,0.3941435327687268,-0.005217111489312604,0.0038433785967690974,0.011260847658431807,-1.8439867211356953e-17,-0.14026389271180878,-0.004748952373210094,-0.08208264296566095,-0.0028547546008009846,-0.15742746740261454,0.19798948327826943,0.14026389271180878,0.004748952373210094,0.08208264296566095,0.0028547546008009846,0.15742746740261454,-0.19798948327826943,0.04774032533320459,-0.20626197839840033,-0.03573882714604782,0.11678511435413148,-0.1568426708835755,-0.03492117819139672,-0.002181665541027061,-0.04962810763079275,0.06207758676735644,-0.016716419397078176,0.2998443213918177,-0.382933643438288,0.042488952593769704,-0.053639315938440235,-0.011186913338552177,0.0,0.0,0.0,0.0,0.0,0.0,0.11543616667211115,0.1775251090259149,-0.10082409002601636,-0.1598381447922335,0.20990379439621912,-0.06154290458909876,-0.005763070693986111,-0.13497334728756796,0.17005067842075597,-0.0626155330205888,-0.29278572618810467,0.3734215684797692,0.10990841740300543,-0.13804611642468953,0.009969429960834397,-0.11543616667211115,-0.1775251090259149,0.10082409002601636,0.1598381447922335,-0.20990379439621912,0.06154290458909876,0.005763070693986111,0.13497334728756796,-0.17005067842075597,0.0626155330205888,0.29278572618810467,-0.3734215684797692,-0.10990841740300543,0.13804611642468953,-0.009969429960834397,-0.2301746939432321,0.004903768452958936,0.15051593500131602,-0.2005233961982944,-0.19349752056510594,-0.08723728946547891,0.11016134914150959,-0.12467343072635209,0.16622406909964227,0.003962551556322391,-0.014105676185645033,-0.34937609149731236,0.4459794238202818,-0.0017806891677963027,0.0027871798338459587,0.012734112511048216,-0.2883586607888078,0.36816389743528916,0.0018172914109713964,-0.010500877673588158
0.004947425233226919,-0.1747524489769559,0.1747524489769559,-0.03220149558820494,-0.06505583446574836,0.23138558927916972,0.04761523465004781,-0.17495101560748827,0.229472592829918,0.18901726269799946,-0.18901726269799946,0.03194401720508631,0.06587465070794003,-0.2587220270874768,-0.04771928386845767,0.19206294566775306,-0.25207471690897676,0.0,0.10194056308848715,0.1586520623423102,0.298425353573996,-0.13361285227635347,-0.09999302940103078,0.13671611236290288,-0.10194056308848715,-0.1586520623423102,-0.298425353573996,0.13361285227635347,0.09999302940103078,-0.13671611236290288,-0.00871515518649543,0.18996769523143642,0.003155264272059283,-0.12048203193887708,0.1590537287360863,0.32116351825961675,-0.006512300289387576,-0.19605716317011287,0.25922658677109006,0.25822631991345996,-0.16636603852608262,0.21084855544783368,0.16101002261759934,-0.21270235487663516,0.005567664384222119,-0.04377893471429218,0.04377893471429218,-0.003709389937064333,-0.015128875850797387,0.06208642773863918,0.011125849234672362,-0.040356377139733626,0.05317975826587519,-2.433833636168394e-17,-0.15392293191855205,-0.04128754150598643,-0.14551825540325095,0.028353101225395232,-0.12264831197407794,0.1521544301873408,0.15392293191855205,0.04128754150598643,0.14551825540325095,-0.028353101225395232,0.12264831197407794,-0.1521544301873408,0.04969351928720758,-0.2306202516809203,-0.03671516075949105,0.1314975230506163,-0.17408336334640542,-0.10884055569955053,-0.0006945900771737923,-0.004324351202540584,0.0024272862842812616,-0.0771913926860059,0.3080793363848395,-0.39254839782445783,0.0050329726663180885,-0.00422660310500924,-0.008725795108321907,0.0,0.14094933802475193,0.004912319137415891,0.08263528392445924,0.002805126663706897,0.15771015897772503,-0.19882467949558802,-0.14094933802475193,-0.004912319137415891,-0.08263528392445924,-0.002805126663706897,-0.15771015897772503,0.19882467949558802,-0.0482922515783,0.20689327960649717,0.03605812712234541,-0.11656739021956823,0.15436952732255924,0.035523187320388165,0.0022177820403832525,0.04997229891774922,-0.06274154375469561,0.01702251142855293,-0.2998364660490233,0.38234915099546796,-0.042665821206423066,0.05393619971548085,0.008294956980280224,0.0,0.0,0.0,0.0,0.0,0.0,-0.1156568361663358,-0.17796770613257298,0.10114737140242251,0.15962041393189794,-0.2091784885368328,0.06160441366675985,0.0058269180594900764,0.13497306691424527,-0.17043701808945005,0.06284218028925885,0.29271221866417024,-0.37367962603878946,-0.10999847719852418,0.13851658914361648,-0.00889039323250588,0.1156568361663358,0.17796770613257298,-0.10114737140242251,-0.15962041393189794,0.2091784885368328,-0.06160441366675985,-0.0058269180594900764,-0.13497306691424527,0.17043701808945005,-0.06284218028925885,-0.29271221866417024,0.37367962603878946,0.10999847719852418,-0.13851658914361648,0.00889039323250588,0.23074307291191656,-0.005067532882418233,-0.15033944136631805,0.19833786887952576,0.19399802757230622,0.08711754205701602,-0.11213130237883433,0.12448514150344078,-0.16429063639990976,-0.0018243246438001026,0.014324301316944635,0.34935828002754765,-0.4456774983712107,0.0016603873794894754,-0.0025247389275400924,-0.009916096602769564,0.2883159978734323,-0.3677438806036482,0.0015067439455983456,0.00819064905358081
0.010796890468589075,0.17023586505400082,-0.17023586505400082,0.0414797906873566,0.06285866276549729,-0.2144268931220317,-0.04032772478334012,0.1665730843610538,-0.18235804319830617,-0.19873866918273841,0.19873866918273841,-0.05363730292312588,-0.08331083809307056,0.2326489174108451,0.05572421217580143,-0.18815596031515958,0.2067499674677308,-2.0622148147382413e-17,-0.08218609475381543,-0.15653077258151002,-0.27875856252371267,0.1362967526504684,0.09943792996565365,-0.09681817753779647,0.08218609475381543,0.15653077258151002,0.27875856252371267,-0.1362967526504684,-0.09943792996565365,0.09681817753779647,-0.007793631901521484,-0.17144304916256928,0.01374083281637772,0.10464690158234981,-0.11162919840885137,-0.300094211646365,0.013245749909293003,0.18987978168923036,-0.2034266195828736,-0.2377136438968431,0.1475100864476562,-0.17665751555872392,-0.15692037598299427,0.16893776124243273,0.011783673627784813,0.04231714390313032,-0.04231714390313032,0.01998521682043655,0.018355184108958294,-0.0441371058966691,-0.011822834507097396,0.049000646937538764,-0.05479857751711972,-6.936277801937623e-18,0.15253413998423215,0.04304124123144919,0.14450598477271961,-0.028352267502772702,0.11973543142663245,-0.14928480529915436,-0.15253413998423215,-0.04304124123144919,-0.14450598477271961,0.028352267502772702,-0.11973543142663245,0.14928480529915436,-0.04583493840040312,0.22734045919774987,0.029225972413289093,-0.12007740864484086,0.12702097061033618,0.10757223568600553,-0.0002727409460045103,0.002096484183072423,-0.009016470789115104,0.06994463953448943,-0.2922140063369282,0.3428331954944347,-0.0006222712163950057,0.004993380919635294,-0.017811237893331264,0.0,-0.1576433448871273,-0.011337351110468196,-0.09940714251228777,-0.0007812536070644913,-0.16450111425493524,0.1983467600963699,0.1576433448871273,0.011337351110468196,0.09940714251228777,0.0007812536070644913,0.16450111425493524,-0.1983467600963699,0.06302394143017347,-0.21137046309816565,-0.04441237113678861,0.10485195927767418,-0.11046653005219538,-0.054943081093357105,-0.003506372737749992,-0.05822488173935798,0.07135218275199105,-0.026958150204335417,0.2866832747757096,-0.335604453643175,0.04686401773185277,-0.05642707153043349,0.016652647994118544,0.0,0.0,0.0,0.0,0.0,0.0,0.11947479598477455,0.18000798498630477,-0.1084362910181046,-0.14690363064098483,0.15882207072295346,-0.06239295638930921,-0.00839058839212419,-0.13523714001450826,0.1617452376114524,-0.06927012193334456,-0.2804735225796652,0.32663636304362326,0.11242543552670271,-0.1356473798496554,-0.01910294141492233,-0.11947479598477455,-0.18000798498630477,0.1084362910181046,0.14690363064098483,-0.15882207072295346,0.06239295638930921,0.00839058839212419,0.13523714001450826,-0.1617452376114524,0.06927012193334456,0.2804735225796652,-0.32663636304362326,-0.11242543552670271,0.1356473798496554,0.01910294141492233,-0.23215858357233823,0.00969228021871999,0.13819557224124981,-0.14721559632479828,-0.19610602977294408,-0.07724334025432732,0.08681265400448285,-0.11351000036337493,0.12072977494729151,-0.0026951404968237206,-0.021365821237969915,-0.33495678192483397,0.3911767428397301,0.0012656568396883484,-0.0027826345345132626,-0.02045167297734421,-0.27583161588832755,0.3224403473664074,0.004898854108914599,0.016823118804668438
-0.003251008235459556,-0.1619843327495472,0.1619843327495472,-0.0414304930052384,-0.05984782518779426,0.24160672590722612,0.04100622270855492,-0.18822188016749253,0.19697474034502951,0.18611538875547767,-0.18611538875547767,0.049525468411711744,0.07171398107234758,-0.2713558380940642,-0.04968284383423578,0.2139852862162399,-0.22437155423249266,0.0,0.09581570399646712,0.14701289175729365,0.3110836003949437,-0.12794591605623737,-0.11341853572670335,0.09700186869895432,-0.09581570399646712,-0.14701289175729365,-0.3110836003949437,0.12794591605623737,0.11341853572670335,-0.09700186869895432,0.002200552822324835,0.22247871045041026,-0.008468857820229483,-0.14034442356858165,0.14132298025206017,0.3342112132693938,-0.010055549259298269,-0.21272980546781622,0.21460826779956846,0.2695875368258079,-0.1923029132061275,0.23359856393432418,0.17738188704688088,-0.1801396056587527,-0.025204366678572104,-0.04570952198220192,0.04570952198220192,-0.014478435342706394,-0.017590396984718978,0.06541131928314017,0.012117794554240755,-0.05530099423576927,0.058665184873012144,0.0,-0.1388835785048472,-0.03499014124915359,-0.13784002011111232,0.027227869187022902,-0.10900079512415653,0.1535583940080344,0.1388835785048472,0.03499014124915359,0.13784002011111232,-0.027227869187022902,0.10900079512415653,-0.1535583940080344,0.0423634879315649,-0.24240607722601157,-0.028194250822341366,0.13350038996703856,-0.12960856453812797,-0.10311663239405454,0.0012020621214988143,0.00038552889813905147,0.014186322186333608,-0.07550566578216805,0.32274623163527194,-0.3966540584004264,-0.0040446495037161825,-0.005763811995588394,0.04588497043230947,0.0,0.13253554101623374,-0.001282131813160639,0.070591186594367,0.004820350156868312,0.1572438024025423,-0.20380668109505135,-0.13253554101623374,0.001282131813160639,-0.070591186594367,-0.004820350156868312,-0.1572438024025423,0.20380668109505135,-0.051409770693570674,0.21202091162584494,0.03666259266281136,-0.1105393962687727,0.10554518953828163,0.02533085038330539,0.0015151167625050942,0.062063306476080146,-0.0800764648091446,0.011816007035327735,-0.3104230092960463,0.3822509653002432,-0.04751785086544388,0.06021664861138929,-0.0447603752925882,0.0,0.0,0.0,0.0,0.0,0.0,-0.10535013594963193,-0.18518559518696484,0.09359379987651983,0.16171909706849957,-0.1739999899656566,0.05790313593355847,0.002926195894632716,0.12342584212331463,-0.16031903952148027,0.0565852506162849,0.3058442270171615,-0.37744537742237266,-0.10516048896843966,0.1375955513906131,0.04224536573423339,0.10535013594963193,0.18518559518696484,-0.09359379987651983,-0.16171909706849957,0.1739999899656566,-0.05790313593355847,-0.002926195894632716,-0.12342584212331463,0.16031903952148027,-0.0565852506162849,-0.3058442270171615,0.37744537742237266,0.10516048896843966,-0.1375955513906131,-0.04224536573423339,0.24036406086998152,-0.007162053751170051,-0.15059569658619779,0.15138957820414403,0.20095158333751711,0.1042552540411699,-0.13087951819289,0.12279606956504936,-0.12266646348867352,0.01633660731996737,0.01061277890127248,0.3643763662331636,-0.44898723929935225,-0.004207968053146797,0.006694039925063027,0.0518079184713827,0.3000264245156819,-0.36958811947478515,0.0036616312600537444,-0.04270077318345435
-0.005582496852153424,0.17639763694157784,-0.17639763694157784,0.03126854024235856,0.06569827277757571,-0.22892519252042404,-0.04827991644932808,0.1724717335471993,-0.23259355557208505,-0.18977852112042762,0.18977852112042762,-0.03043120962728477,-0.06561337936701202,0.25562812506116955,0.047686091653919245,-0.18865752181071413,0.25465930290603034,-3.916331563812151e-17,-0.10140692816408688,-0.1601570049175548,-0.295049465585605,0.13448771772273066,0.09804045134196385,-0.1397292788261999,0.10140692816408688,0.1601570049175548,0.295049465585605,-0.13448771772273066,-0.09804045134196385,0.1397292788261999,0.00937872129912909,-0.18390476881366838,-0.003915491258296781,0.11652883138751702,-0.15848130986357584,-0.3177378928025531,0.006254301174979893,0.19310714805460075,-0.26322041668996676,-0.25529021249369166,0.16124798555490924,-0.20770716008121062,-0.1583281675430837,0.21557598510094023,-0.007345754747068689,0.043504577362079425,-0.043504577362079425,0.002782447504605782,0.014862075213662057,-0.06109418539510527,-0.011003001787424083,0.038602049159127926,-0.052558327225108975,-2.782269852510755e-17,0.15575601496508384,0.042371836318691396,0.14645349707956282,-0.0285703422434416,0.12431706465460819,-0.15185312784699284,-0.15575601496508384,-0.042371836318691396,-0.14645349707956282,0.0285703422434416,-0.12431706465460819,0.15185312784699284,-0.05049951826622771,0.2280975157988556,0.03756589151481782,-0.13025286036046324,0.17845828452839177,0.10953504209051619,0.0009562859352167747,0.004872357566829178,-0.0006863592508162446,0.07716222244901988,-0.30453013666381146,0.3901817922974681,-0.0060910171962388435,0.003889954823690667,0.015447916022068164,0.0,-0.14256132372480826,-0.006086825434963066,-0.08479549979696782,-0.0024308376715682888,-0.15792681559237792,0.19783329219037882,0.14256132372480826,0.006086825434963066,0.08479549979696782,0.0024308376715682888,0.15792681559237792,-0.19783329219037882,0.04831263676053745,-0.20562450001926308,-0.03621150401861222,0.116395479733446,-0.15957686231521337,-0.037515747452738085,-0.002369880359705668,-0.04855020793204251,0.0602304415813234,-0.018032470053212356,0.2970190951345237,-0.38026282426015523,0.04209911831340511,-0.05297191626931797,-0.01525353931278371,0.0,0.0,0.0,0.0,0.0,0.0,0.1170572318935907,0.17633076190111652,-0.10232586243043415,-0.15803500622083305,0.2106753554940988,-0.062097009802245084,-0.006364887526325914,-0.13642134389853766,0.17143613031905364,-0.06387008669480743,-0.2893352276635439,0.37000510255631475,0.1106600285943388,-0.1384060145815893,0.014076064970148704,-0.1170572318935907,-0.17633076190111652,0.10232586243043415,0.15803500622083305,-0.2106753554940988,0.062097009802245084,0.006364887526325914,0.13642134389853766,-0.17143613031905364,0.06387008669480743,0.2893352276635439,-0.37000510255631475,-0.1106600285943388,0.1384060145815893,-0.014076064970148704,-0.22859523172009466,0.004943934170030842,0.14912894997074497,-0.20242452123250881,-0.19237971195768677,-0.08397625108732143,0.10649245201545163,-0.12368679420803973,0.16805197171632955,0.0048896246171328,-0.015052350368002728,-0.3455209894673697,0.4421720775160778,-0.002346978870225707,0.0037660241953594354,0.017503703871036606,-0.28525174381132007,0.3651081196268627,0.0014723667312518368,-0.014440530650407492
0.29435654482395557,-0.4602077573889221,0.361776725580251,-0.11122395138972208,0.13998301277068315,0.25411125676592766,0.2574014341974275,-0.22986458498868845,0.32668830203476723,0.041729107428224,0.0850859596304543,-0.06357969309598044,-0.9664377495913155,-0.18323075845338566,0.1588984888444286,0.09718158830271997,-0.2000641473019121,0.3338871895480694,0.2466055274984973,0.0132591522924842,0.5025189706886596,-0.06719560510572764,-0.04615188560568584,-0.11225557172127137,-0.05775076389871306,-0.5855609056169842,0.015179072012092204,0.18095978202873653,0.032212636376084805,-0.09795541464765553,0.5248855287454013,0.20944054449574112,0.0157336439913946,-0.12368617930847876,0.1990369511345334,-0.460480228568638,0.4793263851322315,-0.36100785094109983,0.7559680523000972,0.1947651131257938,-0.17827357662255205,0.3779060791215715,0.13601494762562213,-0.20556645626811504,-0.02970155238665778,0.017518343071806566,-0.1068934386896997,0.25777300656162216,0.261207639884799,0.19792519783633628,-0.04807441054131442,0.24948991845978147,-0.32955942927249227,-0.23587103728780645,-0.39362844657155877,0.10469877211371054,-0.3782492219439195,-0.028267590822047765,-0.33346646487265413,0.39248211155287704,0.27306767967579476,-0.03285973592292629,0.08860042858330669,-0.018541762727986105,0.324598016687513,-0.4186958104538664,-0.2229389572986063,-0.29505496483257965,-0.2060869507353571,0.10591286904154096,-0.1596934298610953,0.26311938376354055,-0.08544359023665028,0.1384388875366917,-0.15617839089917618,-0.16498946320030566,0.3564342206709989,-0.45589887552192554,0.19810148558478585,-0.2510494490653891,-0.032131236930446776,0.21944730124735812,0.024996254119930006,-0.15566469718401243,0.05467696628527191,0.02922856901293169,-0.010600397892629287,0.08229820470437493,0.01208456669586637,0.2147604442636973,0.09089502156689513,0.047007540200678134,0.0033615589978794463,0.07434319288682352,0.7174799045661004,0.1138756497864988,-0.12150262689980337,-0.138932751599152,0.25010902859456563,-0.6240089638638389,-0.07957391622706378,-0.7145481761917105,0.7670937981843864,-0.09573531780003794,-0.21066424712048623,0.3065771656660978,0.1313339819520502,-0.16614772483098134,0.0709877872383155,0.10280409245779171,-0.07350651811785985,-0.023491891001728937,0.13475122215764848,0.2376864108936611,-0.23956622541110978,-0.11306731190218877,-0.22237740318921675,0.0728648992246489,0.20929985698696676,-0.07579847169635232,0.1570989547381648,-0.07908275168012958,0.023138648770574255,-0.03316990618946819,0.09299699528251784,0.3933597944544087,-0.30978570353971313,-0.033428195046750486,0.009658935107375033,0.14169406515527938,0.630163917338828,0.03881476864975348,-0.14169850397337522,-0.11184918182065434,0.2265369775364032,-0.5263719682919373,0.12650206019996876,-0.549973321327904,0.7540308213650453,-0.0338632865799984,-0.07900220781230126,0.2166209390110545,0.1808587199363399,-0.25574179335601627,0.046864010666373274,0.027387480305586416,0.4053756606680613,0.09448056449654187,0.20572327250701597,0.156049727575768,0.09601207695536447,-0.0036120180619647058,0.1259548563321354,-0.1894627044231202,-0.06487672606480392,-0.3773401551580358,-0.07827236357450644,-0.20493946866461668,0.36492129204051404,-0.39951819051038756,-0.26156085639014276,0.24324962781532164,-0.3178243865768452,-0.15339369635060754,0.033209515915242134
-0.29431695203732394,0.4602400633141804,-0.36173794935045417,0.11120755357236382,-0.14003702472057478,-0.2541486496076796,-0.2573875842777075,0.22986019961396117,-0.32674472720243475,-0.041768514617066654,-0.08509438081838759,0.06356475729528821,0.9664704115627133,0.18321410999607074,-0.15887985212375255,-0.09719343064997496,0.20004561889011352,-0.3338585916320421,-0.2466287804522522,-0.013303516465713872,-0.5025580835199351,0.0672225782101093,0.04614616063790308,0.11219879423974816,0.057745377956501504,0.5855538951879153,-0.01519394859609019,-0.1809376498624214,-0.032218335769600676,0.09793232883926103,-0.5248819719383941,-0.20944778582192075,-0.01574050730266336,0.12368753270129546,-0.19903657962140225,0.46047971169364854,-0.47936387445683415,0.3610124286094313,-0.7560334990206973,-0.19477694104661386,0.1782735558698221,-0.37789449629915645,-0.13601635251543714,0.2055838953514279,0.029714476579941,-0.017523440835833543,0.10689701035206547,-0.2577520100706212,-0.2612013665487427,-0.1978871582974523,0.048071121599667595,-0.2494697849164213,0.32957925532809096,0.23588507552900156,0.3936557403818665,-0.10470149030172028,0.37827608236922405,0.028270482375774633,0.33348785129063263,-0.3924912612415804,-0.2730545378770804,0.0328841309017663,-0.08856235970006648,0.018538579098342202,-0.3245830350651949,0.4187116060646053,0.2229608545488978,0.2950715192013972,0.2060865308657698,-0.10592346531115829,0.1597453914196028,-0.26315719678641836,0.08544191527807694,-0.13846260045429037,0.15619270550451858,0.16497744404688602,-0.3564561453387363,0.4559530159723866,-0.19809864945181493,0.25106394554434197,0.032171961511125606,-0.2194554284537253,-0.02502076315581081,0.15565507831333655,-0.054716624753963605,-0.029223785616193945,0.010582420704450313,-0.08231274749943696,-0.012083398211395882,-0.21478505857204153,-0.09089983451393278,-0.04700802517523784,-0.003360476954079525,-0.07434147011754597,-0.7175139629016694,-0.11387950281381129,0.12149294964080856,0.13893563911507045,-0.25010131040698724,0.6240337313057951,0.0795720443174598,0.7145721079695153,-0.767142005119063,0.09571859213155107,0.2106629409059173,-0.3065650085136656,-0.13132437982765943,0.16615543540348965,-0.07096456137121479,-0.10279154593529272,0.07352699648059063,0.023525187720717322,-0.13476150174651128,-0.23767676365451756,0.23958138211987556,0.11308820376590578,0.22238870096492136,-0.07287954240917083,-0.20931184611500506,0.07585216482062027,-0.1571322511977492,0.0790800019365629,-0.023158242176038235,0.03317283753379474,-0.09302136417976486,-0.39337980151944835,0.3098388195093262,0.03343949520540174,-0.009650600828380151,-0.14164925310555293,-0.6301793224414223,-0.03881543586064569,0.14169229893455115,0.11185465360307639,-0.2265215475784293,0.5263756570845299,-0.1265211542793277,0.5499798911141913,-0.754071062118037,0.03384398269362232,0.07900005125820922,-0.21659920626852494,-0.18085185743972731,0.2557479688394798,-0.046836012239982336,-0.02739242347124353,-0.40540283522843934,-0.0944654342388631,-0.20578672766277775,-0.15605729906834398,-0.09601661610837109,0.0036236392415924905,-0.12596476722037242,0.18948857251523027,0.0648843735976577,0.3773676927366734,0.07826123592939484,0.2049923006266554,-0.3649438914186309,0.39954688854065934,0.261599497211254,-0.24326016401723993,0.3178464856460039,0.15339260176246908,-0.03321918601881428
-0.06939372876810991,-0.1745655073048142,0.1451715401159857,-0.014907716173006218,0.0009699463161262865,0.1976683219689399,0.0,-0.18514352079815657,0.18164716215978619,-0.09371900686426911,0.18341733957750286,-0.01286951512702354,-0.058818442363399705,0.2103619565065145,0.0,-0.16663312149874834,0.16535992106987848,0.2653411006165922,-0.012240833539956184,-0.14927247489639392,0.2622234480660974,0.0,-0.16913529075339281,0.17065442486441998,-0.012480181184489401,0.12561176626036466,0.08238825939926821,0.0,-0.14076409087547762,0.13418625825822944,-0.01281573132136358,0.008532772225908565,0.0,-0.001461399186113887,0.001836302368619065,-0.17048489564670036,0.0,0.15925759986606083,-0.1562762741931059,0.0,-0.0865937580408878,0.07962152207518546,0.0,0.0,0.004998785190910439,0.023869472683184373,-0.04099782037222455,-0.04968806723346601,0.006196446549439397,-0.07216126483648015,0.0,-0.015097555012117837,0.02604580017781946,-0.053198426803535474,-0.13012216158235265,0.015921293784038778,-0.11353517576057016,0.0,-0.10166322933139346,0.12800177269669719,0.11275481595226929,-0.013535997997839395,0.03417875992214547,0.0,0.14096686106244305,-0.16180491883120274,0.0006366585202438571,-0.15703892441350498,0.0,0.12932513936845266,-0.12446964823690725,0.01865923286699233,0.0,-0.01632118828084594,0.015855955902359185,0.0,0.23553279658412593,-0.26308311882045776,0.0,0.0,0.02997076479885111,0.007721161224430522,-0.07153247046982382,-0.011863325421100059,-0.025098133953155324,0.0,-0.07770691529723008,0.09205501358585419,0.138935828083019,0.018371864666857567,0.06645046451186112,0.0,0.13835181259388454,-0.1665373503013415,0.04326500441206845,-0.16400847352776393,0.0,0.11651455650641236,-0.11357248264887461,-0.042380149176793204,0.0,-0.027676101776567645,0.03684219531479648,0.0,0.21904584595257814,-0.25091066370032483,0.0,0.0,0.026566701532516238,0.20151719087629277,0.02128992875535236,0.0926624843397506,0.0,0.20607258045115504,-0.2465703496791474,0.11238501413088933,-0.20342419081306023,0.0,0.11894564559684105,-0.11823111319759995,-0.07316875090077525,0.0,-0.10235913599122326,0.12502000522512383,0.0,0.26271677725963466,-0.303269226170557,0.0,0.0,0.02463451787808253,-0.09639905912288348,-0.0669293040076519,0.0,0.09721283648991837,-0.09031241343310382,0.03725566121543173,0.0,0.10884856589211533,-0.12749232188412457,0.0,0.11314308831112618,-0.12342051008266966,0.0,0.0,0.026592723828605815,-0.1346374036671595,0.0,0.11111466087609581,-0.10692452508630489,0.0,-0.058627719420321106,0.05189931171211464,0.0,0.0,0.0037282851692349035,0.0,-0.19496806957749666,0.21938781644386682,0.0,0.0,-0.02622105359865194,0.0,0.0,0.02037694321986816,0.0
0.06873073698961345,0.17501147171739653,-0.14180171660542681,0.01077938405007409,-0.005049940683961192,-0.1994605183335573,0.0,0.18974768427222607,-0.1929296688117624,0.0952528357996644,-0.18053509960868236,0.009011209636415838,0.05450395288167033,-0.2132439185109122,0.0,0.1717249454855623,-0.17696674403221496,-0.2631820731671854,0.008006580251904732,0.14578394787936522,-0.26656126231857064,0.0,0.1743009161749485,-0.18323842876596153,0.009722755892552372,-0.12571443291965237,-0.08396928503335037,0.0,0.14411638024882428,-0.14165989362272824,0.009210218633461897,-0.0072930623333155795,0.0,0.0020548736060661903,-0.002459784583611789,0.1738415206359119,0.0,-0.16308859940396045,0.16599707261269628,0.0,0.09035539785012363,-0.08501582171086249,0.0,0.0,-0.006520998227166206,-0.0229157058975925,0.039142448485043085,0.049686243335988665,-0.006034216093133601,0.0698357999523341,0.0,0.015071381201396148,-0.025562314848210255,0.052391277035632754,0.13011179796224473,-0.017048849553455696,0.11132264670845574,0.0,0.10164108575552622,-0.12941543014216753,-0.10864900346881412,0.015325446657266177,-0.03048800786756536,0.0,-0.13915661466280974,0.16261312242693438,0.0027042842414838507,0.15514500826006472,0.0,-0.13480707195756453,0.13546201990766002,-0.022642773600471806,0.0,0.015551542087194654,-0.015060090783183223,0.0,-0.23653648336615016,0.27021491604614273,0.0,0.0,-0.028264988103617043,-0.0059458118213435865,0.07186382722101718,0.009809590138623675,0.025686077904539778,0.0,0.07814247860734592,-0.0944293793877616,-0.1356428303720086,-0.015190152327707205,-0.061994446621872416,0.0,-0.13738610339835142,0.167927876590951,-0.04019267612794631,0.16331258400803209,0.0,-0.12216595398952004,0.12457985616780048,0.03665852245400935,0.0,0.0270283043929063,-0.03580789158704697,0.0,-0.2212464174043501,0.25912165501125195,0.0,0.0,-0.025062351139557675,-0.1980588321162808,-0.01800370912365142,-0.08760934274553157,0.0,-0.2050263271480313,0.2494688837323247,-0.10916264155312344,0.20326712565176552,0.0,-0.12493357072788547,0.13030749453997656,0.06676414953162452,0.0,0.10164630164248603,-0.12565288727234863,0.0,-0.2656809578163507,0.3136693083740627,0.0,0.0,-0.022470956620467938,0.09527206443604753,0.0664280152913775,0.0,-0.10088111515724422,0.09739063045162247,-0.03610428379223397,0.0,-0.10779380791238663,0.12885468360619035,0.0,-0.11338863280836632,0.12675047953425622,0.0,0.0,-0.026250058491560008,0.13439004981881464,0.0,-0.11569859303496599,0.11635978185211819,0.0,0.06163181431198591,-0.05624715221430512,0.0,0.0,-0.004938967549823306,0.0,0.19589824323928814,-0.2258571183755438,0.0,0.0,0.02482828140136825,0.0,0.0,-0.021588396452550087,0.0
-0.004878858420024376,-0.1694695593323012,0.1694695593323012,-0.03961031973894841,-0.06275198278503087,0.2270938128583287,0.04248610488587254,-0.17578658723969703,0.1995696545461198,0.19309209967914703,-0.19309209967914703,0.04779262780306562,0.07595820357127697,-0.250290015105446,-0.05225127301776181,0.1973166614024608,-0.2241761480257347,4.3972163265758604e-17,0.09243059071184055,0.1548909820388791,0.293815163375012,-0.1334879919034433,-0.10326874145002114,0.11156105854279522,-0.09243059071184055,-0.1548909820388791,-0.293815163375012,0.1334879919034433,0.10326874145002114,-0.11156105854279522,0.0019772193153759334,0.19253326652579567,-0.0080279094034313,-0.12001309288694928,0.13492281650603966,0.3163533791785293,-0.01059731121169746,-0.1989034228054341,0.223711075619346,0.25253714631101853,-0.16638429175773958,0.1965058777244425,0.16435332235832079,-0.18516568632318692,-0.005891142400091032,-0.04349161967030221,0.04349161967030221,-0.014503831339560192,-0.017264145700615255,0.05415055302850362,0.0117076851279031,-0.048529314555540666,0.0555641840561631,3.4804762912603e-18,-0.15069938115486253,-0.04028848110886795,-0.14343670562360683,0.027938241433424577,-0.11867492499483069,0.15102513948328455,0.15069938115486253,0.04028848110886795,0.14343670562360683,-0.027938241433424577,0.11867492499483069,-0.15102513948328455,0.04638499907828335,-0.23546689441526694,-0.03125037356989365,0.12857871510469776,-0.14216635405651656,-0.10710007474397336,0.0002447602481169295,-0.002153261343979841,0.008478034058376495,-0.07339765761054101,0.3078109743115885,-0.3712908017296271,0.0007722165332147333,-0.0049616269040209235,0.016901442854668703,0.0,0.14798471140899272,0.006154071168353115,0.08802759256484861,0.0024249503941190386,0.16171939893791018,-0.20070703286970767,-0.14798471140899272,-0.006154071168353115,-0.08802759256484861,-0.0024249503941190386,-0.16171939893791018,0.20070703286970767,-0.05669073783965091,0.21360876851160956,0.040645289594727886,-0.11119488672779088,0.12212993742444211,0.042605162900436026,0.002619231596297756,0.05732815722327151,-0.0718089953692913,0.020677246288494155,-0.29957756726104023,0.36235896251663774,-0.046239735322384394,0.0571272156027953,-0.017345141186367166,0.0,0.0,0.0,0.0,0.0,0.0,-0.1157617161999269,-0.1830406828588852,0.10346524580223365,0.15655749005100683,-0.18157553167304202,0.06124808240621048,0.006199619519515098,0.13301631575428785,-0.16455496713736978,0.06454491810130984,0.29315601420750986,-0.3562611892197708,-0.11050258543062685,0.13735128878842556,0.013906189619703403,0.1157617161999269,0.1830406828588852,-0.10346524580223365,-0.15655749005100683,0.18157553167304202,-0.06124808240621048,-0.006199619519515098,-0.13301631575428785,0.16455496713736978,-0.06454491810130984,-0.29315601420750986,0.3562611892197708,0.11050258543062685,-0.13735128878842556,-0.013906189619703403,0.23721659264638972,-0.007841030572096053,-0.14695754945574316,0.16509558174757571,0.19962079204478625,0.08844741142089028,-0.1110342981541129,0.12074308648821344,-0.13525987835512612,0.007229896950017719,0.016852727903441535,0.35032778210413384,-0.42455276248896284,-0.001139444978884271,0.0023043087618511756,0.01919623138678247,0.28852167724415767,-0.34937829168489776,0.005681754977788648,-0.015828042213374565
0.007119242315541725,0.17147456382504547,-0.17147456382504547,0.039351089614522265,0.06342102712046918,-0.2181356319234818,-0.042002774182753395,0.16783640369677216,-0.19189465419759943,-0.19708351984189795,0.19708351984189795,-0.04877441109955628,-0.07941534596201921,0.23897791245597655,0.05392169605399222,-0.18875606276178228,0.21627651973212586,-5.007777616054165e-17,-0.08541914874119398,-0.15710556030943135,-0.28265716364436944,0.1359898553235141,0.09985973720884318,-0.10300983853867027,0.08541914874119398,0.15710556030943135,0.28265716364436944,-0.1359898553235141,-0.09985973720884318,0.10300983853867027,-0.004460748094008509,-0.17352910368760116,0.010284369463924825,0.10652327547534232,-0.11923067154098353,-0.30439924822512443,0.011813687609761928,0.19070606517612237,-0.21391339982739196,-0.2422319504148103,0.14962682728626173,-0.1852769398641359,-0.1575652600944467,0.17741654837780374,0.01092727021688364,0.043152196573205404,-0.043152196573205404,0.016245168469895356,0.017737887144728678,-0.04887250165914958,-0.011757775169777187,0.04722106541429917,-0.05453552319372633,-3.508739020593422e-18,0.1527616528587338,0.04281913982302106,0.1450492506887503,-0.028605207072637945,0.12005520713096833,-0.15040634464642474,-0.1527616528587338,-0.04281913982302106,-0.1450492506887503,0.028605207072637945,-0.12005520713096833,0.15040634464642474,-0.04667351787927416,0.22761746623954368,0.03085453039700026,-0.12196947907342663,0.13643709295027892,0.10811838311112656,-9.126107397640987e-05,0.0024925802438995367,-0.007710536210392429,0.07191903899946148,-0.2946959708804861,0.3536568776414056,-0.0014092858271346122,0.004830438940364851,-0.012863176161015408,3.708394749636095e-18,-0.15407988074328335,-0.009677801387501371,-0.09558000336705565,-0.001345074558320661,-0.16311497858680496,0.19879165662054318,0.15407988074328335,0.009677801387501371,0.09558000336705565,0.001345074558320661,0.16311497858680496,-0.19879165662054318,0.05969184019565956,-0.2104871409943147,-0.0424888581432855,0.10720163022645303,-0.11988782422640216,-0.05024925379422303,-0.0031898305184818116,-0.05645874794041355,0.06948336924934823,-0.02451951733066974,0.28933003750411457,-0.34593722322266074,0.045916204877101074,-0.05586510398966252,0.011392076468152273,0.0,0.0,0.0,0.0,0.0,0.0,0.11863060117422762,0.1795554472015361,-0.10689983531453913,-0.14876697474013797,0.16669256642643762,-0.06231190767602265,-0.007750021432051937,-0.1349310831792989,0.16352551132839546,-0.06788038796944584,-0.28236866917414455,0.33506386827203205,0.11186964574655615,-0.13646545754738768,-0.015469761167338576,-0.11863060117422762,-0.1795554472015361,0.10689983531453913,0.14876697474013797,-0.16669256642643762,0.06231190767602265,0.007750021432051937,0.1349310831792989,-0.16352551132839546,0.06788038796944584,0.28236866917414455,-0.33506386827203205,-0.11186964574655615,0.13646545754738768,0.015469761167338576,-0.23162148727045903,0.008700481174611762,0.14017124246861085,-0.15688323862772222,-0.19554887041560812,-0.0783028807731377,0.08800714131981865,-0.11539972264401237,0.12914447608904522,-0.00022303982220370515,-0.019701620383147343,-0.337073868704527,0.4016814847953718,0.0007387235242420499,-0.001744087690182318,-0.014778217088576717,-0.2779177415639537,0.33163795913120814,0.007719101692512288,0.012167737746493967
0.00172212769988964,-0.17462124895812237,0.17462124895812237,-0.03440272571221427,-0.0647778091802621,0.229576135710799,0.04628987385862579,-0.1748567327763043,0.21992476354451043,0.1915389638797488,-0.1915389638797488,0.03676688523076462,0.06949067277088744,-0.2547374163041498,-0.04944806003178995,0.19278999909411218,-0.2425058996358543,4.430913142486616e-17,0.09824069276135183,0.15848208156248803,0.29602370710686304,-0.1345036583018317,-0.10066210832611291,0.12921325946148265,-0.09824069276135183,-0.15848208156248803,-0.29602370710686304,0.1345036583018317,0.10066210832611291,-0.12921325946148265,-0.005220448671485393,0.1874785640862325,-0.00045666371427369775,-0.1182049583738651,0.14918487644004474,0.31817130737420235,-0.007884130684882376,-0.19603759585207095,0.24753165171206437,0.25530529897728155,-0.1640815225980672,0.202945879786836,0.16136928754092006,-0.20365190915433404,0.0026097511730015133,-0.04403637089733953,0.04403637089733953,-0.007167521992808484,-0.015926742822753772,0.059327950736162614,0.011392279915697627,-0.042893879527255645,0.05396714472601061,-1.4104520258747188e-17,-0.15293264665585538,-0.04147886793738377,-0.1452975841176039,0.0285135107419734,-0.12186850181851028,0.15148600316501507,0.15293264665585538,0.04147886793738377,0.1452975841176039,-0.0285135107419734,0.12186850181851028,-0.15148600316501507,0.04856027394487407,-0.2296875049034864,-0.034922957370894986,0.12912915479984224,-0.16276452555161663,-0.10843249321614494,-0.0004180980674046978,-0.0036737523807712246,0.003955424596959879,-0.07600351349932453,0.30571514560782437,-0.38215342319281176,0.0037538286554817894,-0.00424599454263083,-0.0017956226579240806,0.0,0.1429745649464874,0.005531077512765449,0.08472244382527151,0.002643462251535658,0.1590605992751358,-0.19874760554103255,-0.1429745649464874,-0.005531077512765449,-0.08472244382527151,-0.002643462251535658,-0.1590605992751358,0.19874760554103255,-0.05080970481417022,0.2064120575753611,0.03741800936234883,-0.11337590539469773,0.14286829447274482,0.03809351302418279,0.002386966150043509,0.05214026130246865,-0.06510312909643395,0.01835643084331196,-0.2968185940441635,0.37159094186203706,-0.0437241121967547,0.054655922269695505,0.001339586611648319,0.0,0.0,0.0,0.0,0.0,0.0,-0.115462302440584,-0.17751306822859772,0.10175630690229194,0.15672187005873794,-0.19838946207149036,0.06155227606988355,0.006071305474447815,0.13451584090026772,-0.16817791081758826,0.06357978493458193,0.29035370633503466,-0.3643189076186317,-0.11030724810609263,0.1377824601096958,-0.0028526075041999735,0.115462302440584,0.17751306822859772,-0.10175630690229194,-0.15672187005873794,0.19838946207149036,-0.06155227606988355,-0.006071305474447815,-0.13451584090026772,0.16817791081758826,-0.06357978493458193,-0.29035370633503466,0.3643189076186317,0.11030724810609263,-0.1377824601096958,0.0028526075041999735,0.22977652024189205,-0.005943983136325813,-0.14725440879394744,0.18587930127029112,0.1933624651226339,0.08549477902345433,-0.10903329392074944,0.12170649956041885,-0.15360136802219065,0.0007134038231864195,0.01525094423881057,0.34619460219613724,-0.4337747311288538,0.0008181597488583423,-0.001116237515295752,-0.00206796228409781,0.2856565393021902,-0.35779500249492807,0.0028778529264546376,0.0017131448299542965
-0.00542234099843104,0.17621687194492947,-0.17621687194492947,0.03144718755653681,0.0656406102568313,-0.22913095480418602,-0.0481818786730218,0.17281610446664894,-0.23157249419732456,-0.1898215023828199,0.1898215023828199,-0.030756468053435383,-0.06578511227318852,0.2559053117391859,0.047765047946697864,-0.1891833547223363,0.25375670116388677,0.0,-0.10134807003185982,-0.1599959410890276,-0.29523253257108273,0.13443441865496927,0.09831296253162561,-0.13993464359967933,0.10134807003185982,0.1599959410890276,0.29523253257108273,-0.13443441865496927,-0.09831296253162561,0.13993464359967933,0.00919961170368921,-0.1844670860385858,-0.003720166118531705,0.1169368438030708,-0.1581572526778762,-0.31801305819156767,0.006329996929327206,0.19352969865945574,-0.2623815417393118,-0.2555257295890463,0.16170070948236434,-0.20602099581501013,-0.15872110009769877,0.21492622832283037,-0.008037720939067959,0.04360544825710731,-0.04360544825710731,0.002994446703404321,0.0149421866690399,-0.061202028156344276,-0.011043411770507312,0.038944050890977855,-0.052644988512893086,-2.7871801499669577e-17,0.15557794664564645,0.04227377794020956,0.14633383713981732,-0.02857749810513536,0.1241391628888387,-0.15138981749939506,-0.15557794664564645,-0.04227377794020956,-0.14633383713981732,0.02857749810513536,-0.1241391628888387,0.15138981749939506,-0.05040856666376323,0.22840895221641344,0.037438843022542155,-0.1304219447779461,0.17743357271458454,0.10947688073665654,0.0009135653286436283,0.00478376885695609,-0.0008391694219759473,0.0771698445414618,-0.30492522091905405,0.3891510746180492,-0.005916608185360419,0.0038389247152943564,0.014667250831587063,-7.393900959101001e-18,-0.14251025607824302,-0.005945953403547808,-0.08457511319992962,-0.0024824493656390614,-0.1580510588877361,0.19770499316856777,0.14251025607824302,0.005945953403547808,0.08457511319992962,0.0024824493656390614,0.1580510588877361,-0.19770499316856777,0.04842537096638517,-0.2058268572555532,-0.036262280630358176,0.11642240581975866,-0.15847638323594163,-0.037326563575538554,-0.0023565136405792543,-0.04884868745385824,0.06056858420822558,-0.017935072241897682,0.2973652006121059,-0.37959482319371785,0.04224471097350654,-0.05306736335651752,-0.01424507461947898,0.0,0.0,0.0,0.0,0.0,0.0,0.11694382014403956,0.17649285725401814,-0.1022532992140381,-0.1581948034021796,0.21061439765805334,-0.06203847192982991,-0.006303409237609424,-0.13629695201158645,0.1710240457633674,-0.0637583510665714,-0.2896228490238528,0.36984184234595713,0.11064839864951644,-0.13818758583874852,0.014117763144166996,-0.11694382014403956,-0.17649285725401814,0.1022532992140381,0.1581948034021796,-0.21061439765805334,0.06203847192982991,0.006303409237609424,0.13629695201158645,-0.1710240457633674,0.0637583510665714,0.2896228490238528,-0.36984184234595713,-0.11064839864951644,0.13818758583874852,-0.014117763144166996,-0.22887413129930537,0.004989144939413487,0.14929117041896386,-0.20161295605208968,-0.19259321746757002,-0.08429580086024911,0.10792310884411092,-0.12378813945190426,0.16730088122895084,0.00385870764253222,-0.014983316259049344,-0.3459493842938678,0.4416713902153427,-0.0022321666421090975,0.0035708190193190297,0.016647749592481692,-0.2855913597024333,0.3645928334484938,-0.00045828464686200433,-0.013746162374332268
-0.5772096999038379,0.20080592660259172,-0.3363172342599204,0.15824155799634557,0.405456311337957,-0.015279917299097686,-0.2745082075711096,0.1639566896152282,-0.2126785456139305,0.45249365505639133,-0.09276158778841732,0.20495312439399554,0.11576395961294125,0.15051979141054647,-0.300896871429574,0.002637427448252486,-0.17795156424059747,-0.2313792336164778,0.0527494581442833,0.27757731571805727,-0.06434287542298593,-0.11051676213726307,0.12761350113246367,-0.10481799546904802,0.09398755735446247,0.0022914436567474,0.09015751008201153,-0.1312053252293327,-0.024812248572173713,-0.06950641741576521,0.11223108082867184,-0.046690402287958115,-0.014980560935987493,0.057493983865746744,-0.026731705382632368,-0.10879592485753921,0.1563078003424313,0.031030168053798855,0.08234628468083713,-0.07954924780844318,0.042825036375268265,-0.060171226356616696,-0.08421559700374337,0.026238547383706852,0.049575440529933325,-0.11988145575069649,-0.1346027696130471,-0.4953459420129112,0.15337151357505718,-0.36711228180022426,0.0036875527032313683,-0.4450899792701781,0.5761409431490223,0.11667723796701661,0.13946087973796514,-0.1375662982753268,0.13088848066177403,0.05573011178957983,0.1207903108512439,-0.1562626239694485,-0.32551970146231346,-0.005187125586865017,-0.21033857904711173,0.06616270058054359,-0.29757028575985983,0.38529021577035405,-0.38999844559552316,0.11375634274857288,0.23456466966371187,-0.01868220353936547,0.02456648607264466,0.2538150131685636,-0.07553040222320709,0.35621512751721257,-0.4612168023338419,0.17468812456107277,-0.11606085713064705,0.15051772717731257,-0.2106275301741634,0.2726412156493324,0.0003446367378095061,0.12478531354677883,0.3457509756662366,-0.14427614223192484,0.25652972657763085,0.059602880517497854,0.34837289279875794,-0.4146968227643079,-0.12739968556002637,-0.002347785327872146,-0.09409803572411217,0.07076044548962239,-0.0721440721317422,0.1340873552420762,-0.1538040309105186,0.0011805783766877847,0.25691229513958375,0.15577725550872804,-0.05186035711675095,0.1136221716410854,-0.0806914615452929,0.08996710317358154,-0.16283346873823004,0.19041240542503757,0.1143893091905092,-0.03706176419271083,-0.23200659420076344,0.2992028747144013,0.13458701077678034,-0.19134401660277484,-0.002773672387582684,-0.11343055328548575,0.0,-0.21333015970824762,0.24095802945735442,-0.22891617352138569,0.07906943142679175,0.09139420525667866,-0.05689806013795748,0.031748271705686296,0.1368498549475817,0.0013248262893517562,0.2543947187011259,-0.2878121393906641,0.05417935430337345,-0.12188451612287818,0.11839219649797275,-0.10189574124123875,0.11509201068036386,-0.03625501701343917,-0.0007682769871441397,-0.028481551132858142,0.10850305594264022,0.10717494191750036,-0.04039869689054974,4.2580854840357764e-05,0.0015728316755323948,0.0024101345711914626,-0.0015530940775444007,0.06432164374541101,0.09528851299178126,-0.0598153272852541,-0.12097046285554296,0.13663705306403887,0.08992391117043015,-0.03439164204178163,0.12944166615111097,0.1284481820112041,-0.04845882687420058,-0.05844093727233275,-0.035818819073212216,0.01196829673701163,-0.08345587348732164,0.037299265602319186,0.005769773784754564,-0.07758139547446448,-0.11500789469968657,0.07220946972680005,0.14310524335803929,-0.16246420146444943,-0.10764323051178042,-0.11462945523888808,0.09570557650209771,0.03518323781057027,0.0635102406124988
0.5850755976131313,-0.2015883992233154,0.34167687180783934,-0.15904629926658867,-0.4120378867355315,0.012882469525060839,0.27764161594303843,-0.16582044448207825,0.20642579934635363,-0.4553582238007435,0.09672196244829988,-0.2114491646125672,-0.12432315303772327,-0.15692282331358717,0.30538239143451185,-0.007171714434324731,0.15790378042718897,0.23259788724004596,-0.050929045488004455,-0.2778491112916399,0.0640942116667873,0.11086575121803238,-0.1265852975903441,0.106253132523369,-0.09719089149843316,-0.00448699796370842,-0.09377064663524386,0.13244110432110437,0.02322446860947628,0.05808849568996752,-0.11511662733827967,0.04731351273347054,0.0173262200224283,-0.05797876370101841,0.031678899247777316,0.11324987403214934,-0.1560684370992515,-0.030184650510781227,-0.06733973167301856,0.08119016719901469,-0.04463252579737773,0.05884215649719029,0.08314733634167032,-0.03281309898271477,-0.04222231840094991,0.12049269973803622,0.13598715133149078,0.49503633612826337,-0.15241477560216493,0.370476361022299,-0.0037913866632016276,0.45038724899662524,-0.5725685028175751,-0.11722075088042977,-0.13781067763624522,0.13737132146106917,-0.13030107632576615,-0.05587224698773282,-0.12103169542073271,0.1547669505261703,0.32606165887769817,0.006760245562978031,0.21335935781509913,-0.06674542868883077,0.301561639105669,-0.3823517375625765,0.39006024647017296,-0.11160982438289581,-0.23388376280527004,0.0178690072606792,-0.019011850752960958,-0.2575510221140216,0.07499694008653134,-0.3603809439077074,0.45700463134843244,-0.17588923275197,0.11491618371845508,-0.14331818929655443,0.21265209948498923,-0.2703688292301202,0.0033705315213278584,-0.12575666865880544,-0.34173496014933724,0.1442264114123038,-0.2560205957910321,-0.059940817635833074,-0.3490547192957836,0.4131047759140438,0.13098351011949344,0.0036995137596245197,0.09771846344871031,-0.07160577540296716,0.07612281179120535,-0.13135539206710284,0.16027408344144028,-0.0011185179171336037,-0.25701583734586386,-0.15670410574153923,0.07332560588030977,-0.11960188822761814,0.08035909547331078,-0.09757138797503623,0.16280014283537983,-0.1923546332450154,-0.11625692185515905,0.05358187585695133,0.23503483137690076,-0.2978310240150364,-0.11453485968283743,0.18862401585378183,0.003062687735142464,0.11307487696529504,-1.1454691577978275e-17,0.213257015004531,-0.24035876008461796,0.22464965623840166,-0.07673544829608754,-0.0899059895320975,0.05595945481784234,-0.03353706441779341,-0.13591720460279963,-0.001459803356478468,-0.2530787426997865,0.2857207711705725,-0.053896152400156876,0.12030271444767202,-0.11788656147073678,0.1016470934088604,-0.11456490346842717,0.033390927961987914,0.0023589647790582227,0.028794534286981383,-0.10740240703637542,-0.10794307824414294,0.05332721198509545,-0.0009465973054884124,-0.0017438926494390537,-0.0044197008813600825,0.0038718423217112712,-0.0643847704463514,-0.097263790292858,0.06866032638489222,0.12142842270219774,-0.1368601408920171,-0.07725772529050742,0.035253721106784666,-0.12679100616596553,-0.12925915978128807,0.06393169257782437,0.05741778373861807,0.03537054403646371,-0.01657478954969061,0.08331340701993005,-0.044513935131259605,-0.0033714278428906455,0.07693999143676315,0.11791921485008264,-0.08351732041849012,-0.1419962799184833,0.16084376430772995,0.09237616822917444,0.11486023303313712,-0.0998508856848287,-0.028353514417302578,-0.05583699525145368
0.5497385281787284,-0.5113221244859576,-0.17924740994998262,-0.2190673736486954,0.2766132819635018,-0.15230135464568195,0.3362200469021242,-0.192808718094698,0.620647268880662,-0.3830212882234901,0.1507117073825959,-0.28403084133558554,-0.4829661223230897,-0.27133847390826743,0.43592462540151133,-0.1371542349800627,0.47712107273414156,-0.2650674762714943,0.11155082353741869,0.6419416162944321,0.14626354122452875,-0.17120588290736058,-0.006766578259345987,-0.011353477641554652,0.15266859837491312,0.08164166091699844,0.13022612058927,-0.23431258818307646,0.097579248563617,-0.3257212600483519,0.3353754807583064,0.02943785840512423,-1.0790142384614694e-16,-0.04496247417346445,0.13053715895488505,-0.27033255420692737,0.5147273096504386,-0.23840199528220316,0.7853363162210182,0.04518061256141722,-0.057168355373031755,0.17415424271459465,0.06900746981921847,-0.20034571545402263,-0.012494487291622747,0.3067118646635317,0.4197662464359151,0.4790389182509628,-0.2491163507405938,0.34474207984899585,-1.320439509680657e-16,0.45087010358995044,-0.24138296290824868,-0.2904261815197591,-0.323340325666629,0.07737883379589999,-0.23567862456934216,-0.18758495582300508,-0.3117902948379151,-0.12175866943419608,0.011079092112278302,-0.12998808483451094,0.003887017088105022,-0.256729008119888,0.00021336249205869306,-0.39520516095380354,-0.1417678745096386,-0.004663063819771436,-0.2929801702199736,-0.011656541021340505,-0.44463877287619674,0.1044487106370415,0.15235954337706076,0.13949332440746406,0.1597916912092114,-0.21084423287552706,-0.003999808898765501,-0.3223355631890389,0.2757521250657077,-0.1476298038983352,-0.4243663974902594,-0.37655079033002303,-0.17529510789236807,0.44302571684778475,-0.0888073579324852,-0.24321245074927705,-0.23761481148866745,-0.09801728952625681,0.34820796360402356,0.30048489836341036,0.30169870159231443,-0.33286086812944493,0.2283342263385439,-0.43049294917368164,0.549563619784339,0.058326466845651126,-0.37986215316421124,-0.11343356032170776,-0.2910462853103459,-0.42582715953593947,0.19754109692431582,-0.4582584905295114,0.42827351917942563,-0.2733691642755892,-0.13652957863530568,-0.18006237710701178,0.357525206871238,-0.1914087739724058,-0.33109000469130995,-0.23097823890438152,-0.3245039325351166,-0.20525123982193832,0.0,-0.15778756918434605,-0.056670569637138,-0.4228201236612811,-0.04107539139428355,0.14918779882111324,0.07229957400207301,0.03374255910326411,0.31801796097201834,0.20959562092665485,0.39041450842629094,0.15114432662719338,0.13257084658531673,0.09230637251827555,0.04006207668300351,-0.10191427659854825,-0.03660326436900049,0.005311748593992768,0.11575963192111349,0.004738488187750473,0.20417861041624452,0.005849544664368722,0.31647164199569283,-0.09620884645822808,0.2868528322577406,-0.070860487814851,0.41621292350960665,0.1814366285405935,0.0019610148737393006,0.28005956045954944,-0.13948000802947363,-0.050095273974263506,0.21475527007791365,-0.011911702333329995,0.4485303484659697,0.04694241901018392,0.5962319466934226,0.039370119898710615,0.0025234542298020963,0.05697110403265069,0.06013270309241796,-0.17458007741474474,-0.09820572882127998,-0.343260264538244,-0.046305822954124075,-0.45270516579129033,0.39088449390544117,-0.13522248444014234,-0.533755394872384,0.08032976382921556,-0.14547539359391384,-0.12556669479411692,0.13401401243763894
-0.5560792997059788,0.5213435426638475,0.17887075178357828,0.22311050227571907,-0.27708542156510985,0.15535106879791757,-0.33901448621777386,0.19546479788000173,-0.6300390056150481,0.3900036159900996,-0.1501930166343309,0.28888441951099947,0.4831406979321547,0.2764000799879132,-0.43895738684596947,0.13885688443138217,-0.48369042908806276,0.26626130381810975,-0.11436161005989706,-0.6472936496717021,-0.15017987247234513,0.1737714813154844,0.0069051984515224,0.011601567352179423,-0.1531842899405274,-0.08057024339837394,-0.1308671907029872,0.23276220895529795,-0.09745891094424661,0.32575485120179876,-0.33779251457229204,-0.030192199842593748,1.0192612337346287e-16,0.0458321420235344,-0.13324005742664793,0.27270005657069524,-0.5132728159717752,0.2390166605717472,-0.7884146228424981,-0.04587678756947147,0.05836383476178634,-0.17803397190597897,-0.06964154498279547,0.2024571194604748,0.012694589732022477,-0.3139341276030014,-0.42050629052684313,-0.4897694027518061,0.25050789653612876,-0.3530069993236503,3.3208254426685336e-17,-0.4588511941952444,0.2459845001284372,0.29325782471501977,0.33321886775134657,-0.07843144705785991,0.2432529271073023,0.191390359309957,0.31983934023757044,0.12506905918461717,-0.011174572443209647,0.1289521603091239,-0.003926552052667221,0.256362220477683,-0.0002142122942997741,0.39731011888078044,0.14353531745053114,0.004807531489387943,0.29858856916069487,0.011944057427664365,0.4562156912671693,-0.10591371371846288,-0.15272247300446995,-0.14058336869723276,-0.16125582657578097,0.2152111876314439,0.004104777260393792,0.3312373323800063,-0.2797392421058687,0.14996477835566055,0.4334145141605954,0.37971146851331666,0.180408009991155,-0.4484492393977867,0.09153836197921258,0.24781304459138276,0.2434215949657811,0.1005469694477706,-0.3507371337094965,-0.29768985485711386,-0.30435795496789764,0.3319388845072136,-0.22893576239237098,0.4322045836732522,-0.5556677968564218,-0.0600527299450922,0.38661373890867107,0.11607536471006219,0.29822308280599946,0.43121988319856847,-0.19774570228728341,0.46121916853327766,-0.4316172084897929,0.27865635358729834,0.139924386163453,0.18478654306497325,-0.3622075507244985,0.194175027623007,0.33769516290376494,0.23451086889201575,0.32404864446462,0.20871125340961547,-7.063418570692926e-18,0.15946459381096614,0.05734951699611587,0.4309250719078384,0.04262826495356095,-0.15305003200835082,-0.07457325379159133,-0.034850264034014485,-0.3246130158874925,-0.21148553003916373,-0.3960697165042504,-0.1535388347883667,-0.13621229653775,-0.09535582009914921,-0.041440947874101935,0.10407219632197598,0.037428309627562134,-0.005460911550339304,-0.11546763754793217,-0.004812965821763571,-0.20500638690111916,-0.005905088964248056,-0.3199041581302884,0.09611392604944836,-0.2832791592806165,0.07035692598615864,-0.4138080934890214,-0.1824526947056393,-0.001982683709402014,-0.28353302711841666,0.13940189796019198,0.05013421051845466,-0.21608692541282926,0.01214509765614765,-0.4520673951721478,-0.04756900342753367,-0.604998824456067,-0.04040619181464198,-0.0026038973014087673,-0.05886589567221946,-0.06133711129144912,0.17831503983952673,0.10085033659816087,0.34649985039244935,0.04699615866233986,0.4600689309625225,-0.3921564563304928,0.13584402435312054,0.5391146597733757,-0.08206486306694381,0.14881647084144684,0.12914665401830686,-0.13625206053716452
-0.007147707628828163,-0.1714574885281962,0.1714574885281962,-0.03936977801102849,-0.06341127169636199,0.2181279828688133,0.04198581905703413,-0.16782334654180484,0.1922859027765617,0.19709138914421567,-0.19709138914421567,0.04881575272178392,0.0794405914592382,-0.23895568143748325,-0.053932036099443,0.18875087547065011,-0.21673693417356424,-1.0543729504534e-17,0.08539550797177656,0.15709493603647617,0.2826649117371275,-0.13598878255647454,-0.09986214771580618,0.10307154750013625,-0.08539550797177656,-0.15709493603647617,-0.2826649117371275,0.13598878255647454,0.09986214771580618,-0.10307154750013625,0.004489480205112395,0.1735450867848543,-0.010314205873609797,-0.10651567727666444,0.11943634812067147,0.30439582127175585,-0.011824867473250279,-0.19069790390650948,0.21429824859503444,0.2422225883879505,-0.14962917520661909,0.18587516510845153,0.1575602610146329,-0.17774825367055724,-0.011106375162561237,-0.04314886364781615,0.04314886364781615,-0.01627555884056644,-0.017742907695156223,0.04884708394327417,0.011758514757718485,-0.04723838484262017,0.054633265288308794,0.0,-0.15274900942370312,-0.04281513631081724,-0.14505017686486038,0.02860288055456102,-0.12003682508376455,0.1497493058904672,0.15274900942370312,0.04281513631081724,0.14505017686486038,-0.02860288055456102,0.12003682508376455,-0.1497493058904672,0.046661050471015854,-0.2276332571383331,-0.030836817092572133,0.12194875222552072,-0.13691956208251804,-0.10811423667544542,9.399685154600024e-05,-0.0024863788353010775,0.007366530298426064,-0.07190784856046287,0.29468643835367175,-0.3531815306293475,0.001397508413325732,-0.004592488542489043,0.011956552010556124,-1.483501152672668e-17,0.15409531280848923,0.009681856017765148,0.09560078862724405,0.001343656530344217,0.16311426838022636,-0.19807661457027592,-0.15409531280848923,-0.009681856017765148,-0.09560078862724405,-0.001343656530344217,-0.16311426838022636,0.19807661457027592,-0.059712378873843674,0.2105052641632741,0.042499398956194936,-0.10717403484545956,0.12039534925817957,0.05027169242575372,0.0031909211279045418,0.056473472556874585,-0.06919078344578315,0.024531111392267085,-0.289316615757,0.3452801999042131,-0.04592134134499583,0.05567922156355021,-0.010321343669760282,0.0,0.0,0.0,0.0,0.0,0.0,-0.11862926329732014,-0.1795789265095322,0.10690460049990612,0.14875086538822163,-0.16640856617154565,0.06231463916839958,0.007751254157098264,0.13491850967766086,-0.1629434807786797,0.06788951800234057,0.2823744892765528,-0.3340736005090557,-0.11186450328163182,0.1359658837800378,0.015058578128898084,0.11862926329732014,0.1795789265095322,-0.10690460049990612,-0.14875086538822163,0.16640856617154565,-0.06231463916839958,-0.007751254157098264,-0.13491850967766086,0.1629434807786797,-0.06788951800234057,-0.2823744892765528,0.3340736005090557,0.11186450328163182,-0.1359658837800378,-0.015058578128898084,0.2316434462205511,-0.008707958699059588,-0.1401486160518832,0.1571693680787647,0.19556712700151396,0.07830635381373932,-0.08702024325109824,0.11537806976923624,-0.12942042424567868,-0.0004817467842870541,0.019709812441865357,0.3370694369034417,-0.400733685479888,-0.0007463358092860471,0.0016913649940642674,0.013750792783341802,0.2779111556096235,-0.33091885023986756,-0.008841732420409492,-0.011317845505341229
-0.006091765159829412,0.17663876720923147,-0.17663876720923147,0.03087866983351489,0.06582393491822805,-0.22894962928373136,-0.04854581073990439,0.17227907707363274,-0.23386328624354819,-0.18956385202609163,0.18956385202609163,-0.029626368190522806,-0.06510999737193536,0.25587632115957826,0.04745994343059301,-0.18825702554281626,0.2558752356799131,-2.1564569813786378e-17,-0.10182835824215955,-0.1603622208355882,-0.2950055088370867,0.13448728942942567,0.09777189716860087,-0.14207061161368725,0.10182835824215955,0.1603622208355882,0.2950055088370867,-0.13448728942942567,-0.09777189716860087,0.14207061161368725,0.009912722911706789,-0.1835550773412972,-0.004475527159601632,0.11640684564556603,-0.15965275599414094,-0.3177858140231704,0.00604379537449814,0.19283867826558695,-0.2652559423214077,-0.2553918223627506,0.16099771093446688,-0.20643228251436108,-0.15803870553284374,0.21710167644925146,-0.00911768520253315,0.043481284517845574,-0.043481284517845574,0.0022188973860358765,0.014738523081313007,-0.061413315751836534,-0.010964040080691389,0.03811100648187719,-0.05235596785144695,-1.3897992480567536e-17,0.15606329278739461,0.04246957784940873,0.14658286885102,-0.028589362996752857,0.124600069886789,-0.15111916594862748,-0.15606329278739461,-0.04246957784940873,-0.14658286885102,0.028589362996752857,-0.124600069886789,0.15111916594862748,-0.05073232845067573,0.22790533287229922,0.03789325344672183,-0.13042978045655976,0.18020458467478342,0.1096704626617377,0.0010182120384486936,0.005010492483699166,-8.59556670391501e-05,0.07734150596927661,-0.304464880611756,0.3899428733926974,-0.006360225206783249,0.0036809589285334244,0.017576613679917582,2.2123979606283828e-17,-0.14241681778804396,-0.006102518931833698,-0.08469032609720199,-0.0024239883794639956,-0.1577848245288299,0.1971489296918683,0.14241681778804396,0.006102518931833698,0.08469032609720199,0.0024239883794639956,0.1577848245288299,-0.1971489296918683,0.04796253643275504,-0.20547249791394154,-0.036034866431522934,0.1167752974055169,-0.1614238669969018,-0.037326087901651,-0.0023604240762308965,-0.04813432176257824,0.059478021277186655,-0.01793146119521246,0.297086964189805,-0.3804306529396112,0.04191090022542394,-0.052630897409098445,-0.01718976500772215,0.0,0.0,0.0,0.0,0.0,0.0,0.11719991687972127,0.17614048552069717,-0.1023406221344727,-0.15821229512165616,0.21263862184756757,-0.06214714434027442,-0.006380052825040269,-0.13662615236107695,0.17135244114635362,-0.06385638503135976,-0.28923091462449435,0.3702817071746753,0.11069122724155728,-0.13805188793565384,0.01656941241626482,-0.11719991687972127,-0.17614048552069717,0.1023406221344727,0.15821229512165616,-0.21263862184756757,0.06214714434027442,0.006380052825040269,0.13662615236107695,-0.17135244114635362,0.06385638503135976,0.28923091462449435,-0.3702817071746753,-0.11069122724155728,0.13805188793565384,-0.01656941241626482,-0.22841055316279593,0.004811457507419794,0.14938065917239957,-0.20445304068758158,-0.19222015041581017,-0.08383432576960137,0.10713699908140986,-0.12394614472585233,0.16980173892289893,0.004973444778818284,-0.014985417958772434,-0.34548178448014255,0.44236275825741445,-0.002522916209702705,0.00409527773770622,0.019939362933364076,-0.2852419350401464,0.36524382111648374,0.000312165776104999,-0.016460361020309486
0.25567581455513927,-0.3075977014135128,0.39503869631018407,-0.0994712334209776,0.16324849541980752,0.21345929140853978,0.1811209436204655,-0.22591072929277367,0.28858923430040606,0.005146192294977536,-0.08709476226884219,-0.06825306835551,-0.6786428999145133,-0.2321065425596734,0.08790164468198727,0.11330541990717179,-0.22115458599598548,0.2965796276544388,0.160563229502941,0.23426127049618523,0.44358471042112063,-0.10846816518928093,-0.12366951781194487,0.0029096002834376467,-0.12998549636233803,-0.6515785112668364,-0.12321327671807787,0.19328884314883263,0.02763459965065805,-0.11464768257858757,0.46536682320326034,0.20165295513982986,0.012492084720060678,-0.13174041572144576,0.22440621691981008,-0.34133568346450643,0.5475288357059129,-0.3368801078065717,0.6914672442193052,0.2334885828207645,-0.17658411296183243,0.39565161906319624,0.15777720255987474,-0.26072597451969554,-0.01806057929004292,0.011691243909737789,-0.03495826494667606,0.21576828066392253,0.19331375877785734,0.20211784857038584,-0.035968482056683466,0.1996695404823274,-0.23977907728821926,-0.15408634865096732,-0.2524656729489656,0.03623115983481013,-0.25662635341164625,-0.008380080828907323,-0.20292860237019367,0.25254693254061383,0.3053270503411336,0.03739275916897197,0.1837582345895926,-0.02336834639184298,0.3374933693719133,-0.4240121792802416,-0.23129963996882746,-0.2561975513376494,-0.13544479498228795,0.10991487631467631,-0.14707039183000334,0.21822806605371325,-0.10238052198916243,0.1624704883188564,-0.19083115964947928,-0.13464409171706082,0.32265716986793547,-0.41012713659459776,0.12537434581547607,-0.15285903988391808,-0.007073015605670092,0.14306590290457757,-0.007166732873836346,-0.13916831398654778,-0.008561806111124198,0.036887421384647456,-0.028419042952203266,0.0680939765708124,-0.08805130323525782,0.12015018181218291,-0.011124587154462254,0.028392235534358157,-0.10752982820268112,0.18348751734146707,0.4854316592113411,0.13169100598003688,-0.06345665819771232,-0.1441825714261513,0.23916907834320988,-0.4260492050234318,-0.05915110222805731,-0.49278861004818947,0.513946135420319,-0.06416395941624549,-0.24424363289046713,0.330351002553541,0.06900846124235979,-0.07607448593757474,0.06541659458030569,0.12239435860964504,-0.07344633846820639,0.031515971765029904,0.10015058949908184,0.23531054164647386,-0.2749626444418895,-0.26818915317562214,-0.24030966550228233,0.10113299801889977,0.20193109738900258,-0.10746714472261847,0.25864365864179734,-0.07439445827555868,0.18197196515612413,-0.20180630312845332,0.09191208655529673,0.40226630696329485,-0.36323819456864986,-0.0673245996309716,0.058398897427997365,0.11837424774037804,0.6003507429473471,0.06857237206653786,-0.14226165759128906,-0.15329275496920688,0.28616844337339653,-0.49676933699102865,0.10394170560786369,-0.5585311439644536,0.7235336296797814,-0.05772627356895857,-0.1572120479275805,0.2989954710408878,0.1827913677936427,-0.2588593542133306,0.06533786677972088,0.060172153707391984,0.43968120619605533,0.07821483242574044,0.18233818006590832,0.17937465637078231,0.09698589263717866,-0.005264815257235097,0.13384174941916083,-0.22096807051755377,-0.06461299383404462,-0.3923839584811776,-0.020472776964990794,-0.22197581964806784,0.4076168095719631,-0.4410466438061488,-0.228032930059216,0.27875887260582743,-0.3760137421641453,-0.15545234499726152,0.05477018763775009
-0.2392767135711117,0.2990991189972818,-0.39705948969191873,0.1263847879431351,-0.20220014923669555,-0.1735830209116721,-0.16743664722033313,0.23397325765553306,-0.2200431261300455,-0.020248101294478127,0.10595799812973769,0.04478653212095074,0.677945528804023,0.20792812287486584,-0.08114682359699199,-0.12330645501002707,0.1729557440350319,-0.3030403374794652,-0.11876673978322336,-0.2539855636036071,-0.3931945623044343,0.11854794507499339,0.13618207345109962,0.07080745396219838,0.12301838440453147,0.6711541951993005,0.11207209963918983,-0.20302991584941893,-0.03032508859625295,0.05978424118672071,-0.5093781743042247,-0.17687056006408777,0.012888991777310815,0.12688857555749625,-0.1751993817594295,0.3884930434393707,-0.5645174797496323,0.35591958039042293,-0.5898067263062785,-0.20243640367054638,0.1636761237421107,-0.3649649927437856,-0.1666004107564521,0.20510949754139451,0.038348938231232386,-0.0060559883513917195,0.03218157128717045,-0.19032007752470415,-0.18078920984178076,-0.186785762111991,0.031845659268677454,-0.17960879005149127,0.21313702242485982,0.15287278178797845,0.2376199342241917,-0.033471415069707695,0.24064888277994287,0.005061437622977311,0.1936634727823031,-0.25098235038784555,-0.28885077386478697,-0.02051799330458602,-0.1831098909922634,0.02173570638718368,-0.3281042361784504,0.42065920637894283,0.27561903479277333,0.238968436151907,0.11400784588319678,-0.09085547709966507,0.06344440392338233,-0.24841538375293395,0.09776323446817932,-0.19786585356707737,0.19024547516076157,0.12034036728180385,-0.293420746736477,0.3197529481173362,-0.10937025007442958,0.1417581244425914,-0.05307434326260228,-0.1452335203499365,-0.012005581387632802,0.13405934083955842,-0.0008766810614551646,-0.034957437194712095,0.011717956793365791,-0.03735726602801076,0.09194100326094626,-0.12715837374772848,0.01982062178645619,-0.02763985044959085,0.11685896443514476,-0.202412776858295,-0.49276950678785914,-0.1269231801252624,0.05822990667216166,0.13002235483114197,-0.17330834125276184,0.43478745803127317,0.05564744846653583,0.4913866896701632,-0.47928672113270054,0.06086972524829701,0.2299585257635737,-0.27007187119409604,-0.0630183854860956,0.06033807903124571,-0.017415319195289727,-0.11193700732568468,0.08522503935615613,-0.0367613255906194,-0.10401900204023716,-0.22952641822132192,0.2651445214870295,0.2914668756985519,0.22887642541924058,-0.11384309475478116,-0.17524237230487094,0.01152775794073757,-0.2690857998106486,0.07227291848043321,-0.20127155622413723,0.2050249517942458,-0.09683282955872638,-0.36970346067976917,0.26178896751756175,0.07832260234269034,-0.07055583616957051,-0.18391043033175797,-0.615440464966715,-0.057650088567808865,0.1394402746662854,0.1460376459944992,-0.24172494206213713,0.5190247237715957,-0.11500123879651429,0.5697778669026765,-0.7115904051667971,0.06320479580411364,0.14592995420166383,-0.25514871812513523,-0.18411019351800112,0.26352524633271324,-0.024620811045916652,-0.04926608730786325,-0.45793051874900487,-0.09989019170445881,-0.09030801283146833,-0.1699994695873674,-0.08515820298885023,-0.02812753437154319,-0.11718566989689856,0.1550201257698232,0.04609803937919208,0.40671510987359416,0.045556013702943016,0.13384247765785875,-0.42012769667467526,0.42688396851340576,0.1452288468176734,-0.25801853625284404,0.30699549445625274,0.15769083318769408,-0.006142946582040218
-0.07248507909107228,-0.17627835737232395,0.14444474304031807,-0.0167132577916828,0.0004320752780252825,0.19488836422061587,0.0,-0.18607143231804518,0.18904781805004936,-0.09276379729746152,0.18513899546855117,-0.014408839586093779,-0.06183004579934291,0.2094512139498894,0.0,-0.1678956372369251,0.17167531189211238,0.2653891722807223,-0.01365220716206576,-0.15091905796953292,0.25995875933108376,0.0,-0.17018225911302914,0.175565077229366,-0.013975215861513544,0.12431550290889379,0.08039322402501504,0.0,-0.14068324149397635,0.14075347567554156,-0.014342361367640413,0.009553648350224868,0.0,-0.0017246259365614875,0.00200446852729058,-0.16748902435170476,0.0,0.15972044014418957,-0.1622818386062171,0.0,-0.08625197568829059,0.08469017831559361,0.0,0.0,0.00280840278029377,0.023846154528661328,-0.041297664028150716,-0.051796762873782584,0.006311679549210756,-0.07300082077324621,0.0,-0.017467473562558823,0.02789241669471655,-0.052913410082444344,-0.131464231315789,0.015491682579697625,-0.11341819346526723,0.0,-0.10369341897294776,0.13002528242778133,0.1127402868451462,-0.012823778934385202,0.03443675086025309,0.0,0.1408207089708754,-0.163290795647149,0.001146561854206296,-0.15609651071451877,0.0,0.1289363215979925,-0.1286594699162189,0.017405164877821958,0.0,-0.016098154340041807,0.01629518292760925,0.0,0.2343596067543929,-0.26538638831681033,0.0,0.0,0.02604390013808382,0.00805579531374309,-0.07102785692995188,-0.012263399246884472,-0.024518526419209753,0.0,-0.07758858178287399,0.09217348712755086,0.1405068766006393,0.019105979660533064,0.06712350767024217,0.0,0.1402717394344504,-0.16905221756194186,0.04543749196643621,-0.16418209275609352,0.0,0.11650348721225982,-0.11713207973282708,-0.04403189164137449,0.0,-0.02951942906254448,0.0387410621892855,0.0,0.21956384768321902,-0.253494090669964,0.0,0.0,0.02323624564307352,0.2020189483289717,0.02197840531468851,0.09272071904885554,0.0,0.2071952271500325,-0.2484539206033339,0.11375164771011671,-0.20265498087748168,0.0,0.1188871745409602,-0.1208622326043443,-0.07425624181060314,0.0,-0.10373209122484801,0.12674892095544665,0.0,0.262413251547045,-0.30470833627689414,0.0,0.0,0.02225487719357903,-0.09578853537519826,-0.06607935991940742,0.0,0.09617981867861208,-0.09406062705205075,0.03677507967858162,0.0,0.10870666620679315,-0.12803917633608117,0.0,0.11191618470106367,-0.12443904507636101,0.0,0.0,0.02181646861421041,-0.13329769359730578,0.0,0.11052745972603581,-0.11027068371273915,0.0,-0.057595245471098414,0.05482335047896767,0.0,0.0,0.002187445459270228,0.0,-0.19370798341821382,0.22051219378926937,0.0,0.0,-0.022598596905218992,0.0,0.0,0.015609671923045649,0.0
0.07247430593360348,0.17622851230971145,-0.14443561871099406,0.016786164780798248,-0.0003781292148601246,-0.19491864667304584,0.0,0.18623014921194364,-0.18893256641358333,0.0927465319523154,-0.18514367958482095,0.014462467593067388,0.06186451250606519,-0.20952234467019132,0.0,0.16805760953555463,-0.17162899317331634,-0.26535876740325276,0.01368540984667309,0.1509136380973097,-0.2600339853184943,0.0,0.17032715066931878,-0.1755529999844762,0.014059560082924354,-0.12425710406272147,-0.0803797415302059,0.0,0.1408199793140618,-0.14060611675008283,0.014404230148583469,-0.009631992788438704,0.0,0.0017619379289817035,-0.002049849800209144,0.16747692051822663,0.0,-0.15984402661940242,0.16216945995867102,0.0,0.08640049210164545,-0.08460796059155143,0.0,0.0,-0.0029105147011878295,-0.02381080546969433,0.041265145595256875,0.05177101490012316,-0.006334146688781816,0.07294932883394226,0.0,0.01745847634859312,-0.027953483109165584,0.052887250855287525,0.13140134173226875,-0.015526341292924442,0.11334474487517404,0.0,0.10363633114976877,-0.1300438439051943,-0.1127332231307752,0.01283875631672649,-0.034400261973844784,0.0,-0.1408283932234974,0.1632828122504975,-0.0011969745101997494,0.15613361825146707,0.0,-0.12898727139876076,0.128486900526919,-0.01741620780747919,0.0,0.016185150142761794,-0.01636658048740271,0.0,-0.23440510064437214,0.26535140646672645,0.0,0.0,-0.026317003848926365,-0.008019683480689491,0.07100371674925378,0.01221914060562298,0.024517674839534084,0.0,0.07755576421809264,-0.09215973989307524,-0.14048940371601493,-0.019042899038118122,-0.0670601400410328,0.0,-0.14028762533184094,0.16913174888403973,-0.0454560543563497,0.16422663975464882,0.0,-0.11656572974521431,0.11702258766105486,0.04395805326037412,0.0,0.029590648047506884,-0.03886138387835039,0.0,-0.21963136472896325,0.2535670945232038,0.0,0.0,-0.023476110734035965,-0.20196664724874627,-0.021911077822513336,-0.09263279230652265,0.0,-0.20716820086893883,0.24850002477849512,-0.11373153307038965,0.20269128636600384,0.0,-0.11895300136082149,0.12079882058921872,0.0741531051544236,0.0,0.10375558986435779,-0.12683013149067793,0.0,-0.26246976181300863,0.30479647298909696,0.0,0.0,-0.022449991218094417,0.09573397957832958,0.06608563713295329,0.0,-0.0962027581380669,0.09385009282867697,-0.036739226054720894,0.0,-0.10863646414126464,0.12797287738873683,0.0,-0.1119114119579957,0.1243565656217236,0.0,0.0,-0.022100841694281226,0.13329163335358432,0.0,-0.11055850892152068,0.11010860982501366,0.0,0.057625237006689145,-0.05466015883240897,0.0,0.0,-0.0022648764376532607,0.0,0.19368426843173994,-0.2204339467761127,0.0,0.0,0.02284121555614011,0.0,0.0,-0.015873055931898576,0.0
-0.0030457476941899973,-0.016336825268142636,0.05111207974068241,-0.0057639135472856064,0.007923840828761396,0.03841028375103501,0.0,-0.014043083647618672,0.0020973243351263527,0.04006948222524422,-0.09229082549434091,0.010146698633800081,-0.025314019874057615,-0.07610129215125737,0.0,0.027881862075136616,-0.009741978169776,0.17739338085735185,-0.02140433001928303,-0.03153462791953069,0.09712776604510925,0.0,-0.03519594940132575,-0.02466202144782298,0.004379046139306718,0.18470157336440451,0.11319996026159306,0.0,-0.042371262604731445,0.09993243084711176,-0.02150768998418872,-0.016056384194056243,0.0,0.005981357192373004,-0.011449077693069958,-0.12125238117285159,0.0,0.0441781378387602,0.00791338511683549,0.0,-0.0007398585396749478,0.07045332554742542,0.0,0.0,-0.02571785793092394,-0.016087826273696315,0.03541262766173192,-0.006332176805259542,0.01055862125961258,0.02822529229616672,0.0,-0.013159582028720593,0.006371526500751327,-0.0800303811851779,-0.003519275824987669,0.014780270868504598,-0.051490247870649784,0.0,0.003590874544775967,0.023097489567242203,0.03924665253990317,-0.08505926717023216,-0.027068661611773383,0.0,0.05755930273041324,-0.0825380924658002,0.003507782025040261,-0.026440983067438858,0.0,0.0042920808708969745,0.00769738722984111,0.05972487985408003,0.0,-0.014446754164039656,-0.0093054682661617,0.0,0.03581817997686576,-0.0609159283863902,0.0,0.0,0.020315526496884687,0.021601629279248986,0.029709854577231767,-0.0051977164400701485,0.030643220890456357,0.0,0.025852136435892084,-0.03236529266691129,-0.07389993736129702,0.02561863934392923,-0.029553070948252044,0.0,-0.07457567442038107,0.07979794099886774,0.017453087688801654,0.06418565221382858,0.0,-0.014126766773722974,-0.0009725135939671531,-0.029230625775678653,0.0,-0.012715399709266138,0.019183168312161762,0.0,-0.07042194930759274,0.06891943764704288,0.0,0.0,-0.01623563972458479,0.14306897997975623,-0.00601058803084295,0.08329996730493722,0.0,0.13342542600859586,-0.12999042050877269,0.026158133059327144,-0.08838520541634264,0.0,0.012286629402300226,0.035574766556643496,-0.011516993907793505,0.0,-0.024911129688346308,0.022272343386329073,0.0,0.08958133003286751,-0.059592604413492234,0.0,0.0,0.044340307077848654,-0.14911146186160895,-0.08924024319077584,0.0,0.03746638902669162,-0.08380507167414683,0.09056726508631595,0.0,0.1374865837094119,-0.13195972929988858,0.0,0.105039306549357,-0.12987676624064587,0.0,0.0,-0.04411477404935782,-0.10843444431067863,0.0,0.019655749704369386,0.021754689459505455,0.0,-0.015482131030709464,0.07396312810308722,0.0,0.0,-0.016513292408827412,0.0,-0.11191928903586373,0.08274828129794011,0.0,0.0,-0.037453494680407214,0.0,0.0,-0.0645254469004207,0.0
0.017164640995593637,0.006127192768410058,-0.06021295409215228,0.010258475539190475,0.008433346404726337,-0.033728331860754315,0.0,0.01418439047604872,0.015531393367615798,-0.05630016958382613,0.07733178827952593,-0.01457370251567152,0.03731951128896498,0.07049702680758914,0.0,-0.0298090377007866,-0.00083243162038235,-0.16989418848698318,0.02844557180020921,0.040983244136371604,-0.08546417784483532,0.0,0.03588411019894601,0.05064595360243451,0.00490656472704917,-0.1689102486551559,-0.09534496065145058,0.0,0.040664173379446736,-0.0670533835774965,0.029464430717561187,0.013495496367345738,0.0,-0.0057721100582122,0.012689483411489963,0.1079690923732577,0.0,-0.045485627204244684,-0.034177481164891506,0.0,0.0003176157534521152,-0.062153384095027304,0.0,0.0,0.026284753372279344,0.02346382743050078,-0.021751937212673333,0.01862786062257771,-0.017984985021490967,-0.015427667665931987,0.0,0.02316280879754047,-0.013852789158677603,0.07454557609675617,-0.007373682146131729,-0.017948295856864242,0.04059901192935893,0.0,-0.011121531515019526,-0.02617617481214217,-0.05234579627425495,0.07377787273619689,0.011377394263272925,0.0,-0.06327910802302159,0.06827729466164112,-0.01990101222696834,0.027383171816824935,0.0,-0.0015502649512081695,-0.02513452683169925,-0.04292023405257741,0.0,0.026242671819495193,0.009467515660502683,0.0,-0.03276566284064628,0.04118027550863611,0.0,0.0,-0.03240639088725049,-0.03436494718322379,-0.04117749222749695,0.007975647963319439,-0.04576558086495595,0.0,-0.03522566810537653,0.046575189713324604,0.06545546230632232,-0.03373443043031387,0.019831336483965636,0.0,0.06657972687842377,-0.0634658166704346,-0.025230637416344067,-0.06340770837463817,0.0,0.012683674234525065,0.012665155564220876,0.04032329914448374,0.0,0.019127088526612535,-0.030991070058003042,0.0,0.06833963063669264,-0.05764308891325172,0.0,0.0,0.02518082195036696,-0.1416220813786148,-0.0009479684013756761,-0.08593818277559213,0.0,-0.12820195572647142,0.10963392446253145,-0.034004499414986324,0.0856308013109873,0.0,-0.008447637032385553,-0.06057408510714105,0.021207569826031607,0.0,0.030725683404515883,-0.026729370180293276,0.0,-0.08264255587739022,0.029532216759417116,0.0,0.0,-0.06137364804105425,0.14082925650441686,0.08196050233820003,0.0,-0.0301947566501071,0.052728783008102825,-0.0849084712086827,0.0,-0.12768637211466144,0.10937312274379092,0.0,-0.0925164994074236,0.09544463110809313,0.0,0.0,0.024357525333574482,0.10483074243644691,0.0,-0.015650328012118464,-0.047574413767508435,0.0,0.013368174045772176,-0.06693793999433949,0.0,0.0,0.016060019433299454,0.0,0.10448327981308558,-0.05273190459500072,0.0,0.0,0.055289147577518946,0.0,0.0,0.05999162163677064,0.0
-0.5564522386458192,0.5122359408537983,0.17739021244347872,0.21782578803417138,-0.2728859305985052,0.15149330216586168,-0.336586222232251,0.19156213911828096,-0.6189539447999205,0.3913680266075271,-0.15212760790161128,0.2880590414119628,0.4859734179690043,0.27528586113837744,-0.4451112304181641,0.13898868731709854,-0.4933413270292088,0.2648027548696805,-0.11196674389083273,-0.6392855566477599,-0.14686197969107187,0.17301194538063297,0.006786378203311381,0.018812710505136655,-0.15138077408090178,-0.08031856267164149,-0.12917430476433456,0.23391483316241443,-0.09667877855954114,0.32648607232609583,-0.3315015908008349,-0.029338266792907294,5.3448956209300825e-17,0.04475835317540639,-0.12729361438033823,0.2673066004951178,-0.5122390196248515,0.23545985743684178,-0.7824949582528816,-0.045333734245999596,0.05692940206407049,-0.1718950097235221,-0.06916098017872706,0.19669515333898713,0.015235671698109578,-0.3120449789607596,-0.4218896506376486,-0.48374093417283953,0.2495891052613808,-0.34825188462726486,-6.62974340739885e-17,-0.45493152528025393,0.24093887537931044,0.28888969413133303,0.3231509132551802,-0.07672864393901571,0.23562562675314755,0.18874942598945277,0.3113587513400582,0.12530081527620976,-0.010939912018136157,0.12733003948491023,-0.0038403664832534277,0.2551921509967983,-0.0002114899054024128,0.39246866141553777,0.13952527469560363,0.004627045258983823,0.2926046878139547,0.011554216912093998,0.4437589462679532,-0.10283355498358716,-0.1509711853342492,-0.1371772533721391,-0.1594662145152294,0.21065021953584256,0.003966563344695348,0.3217729024838687,-0.27517848403499623,0.14573884373287094,0.4230855399100893,0.38203597983638343,0.1786916295307468,-0.44806497891224656,0.09056137904026015,0.24960763006192185,0.24202424202404563,0.10719502534166539,-0.35064910508574126,-0.30021940857127505,-0.3039236257693842,0.3374733866701896,-0.22975113505848602,0.43991027057981424,-0.5516765182705107,-0.059034600446495465,0.3869487935519917,0.11467762587023886,0.3041496846780793,0.4276189292331161,-0.19964860598318762,0.4596525499002008,-0.431703733955638,0.2785698647544674,0.13807679987540705,0.18955801376345963,-0.363903884125433,0.1927292080568205,0.34315387937201325,0.23020112619896124,0.32087762595517866,0.2046346597622331,5.606005957486523e-17,0.15713098977408518,0.054164889021065435,0.4200735456553915,0.041145782585495276,-0.15040457072319927,-0.07233941808494265,-0.03925704401055213,-0.31606642094930215,-0.20964911155454533,-0.38756835910396675,-0.15356112565097094,-0.1337004239068119,-0.09239064161448197,-0.04457844651432858,0.10266335119427984,0.035389257281226265,-0.009775111293845916,-0.11361392307058665,-0.004689085528895835,-0.20334931203842752,-0.005781839999762905,-0.3147889620966402,0.09445967627714973,-0.283448849985704,0.06949142845459126,-0.4120520644982253,-0.1807650465006959,-0.0019390183629015476,-0.278724737005909,0.1388024428814528,0.04784682464825032,-0.21350863600813755,0.011750476802641723,-0.44530503188580683,-0.04625330590773752,-0.5938053582811998,-0.03941000041094518,-0.002506955806925185,-0.05706452461212348,-0.06012375337258965,0.17099310707245444,0.0979346746149981,0.340915171074258,0.04564255489716012,0.4510789901839042,-0.3877634707145556,0.13357000083881826,0.5309485944132416,-0.08034685360579563,0.14272944069127705,0.12541921729800476,-0.13086344574074923
0.5614879009693133,-0.5146027358805887,-0.18210923622369077,-0.2235417764206844,0.2765257730567537,-0.15520326775649054,0.338288464793132,-0.19710166649759778,0.6197890893172683,-0.3920153489716865,0.15571341922404666,-0.29474510475212373,-0.4910013323356671,-0.28119462883992347,0.4460413198302775,-0.14258562947742554,0.49254824390480423,-0.2698547325305482,0.11406270676355756,0.6430645713685481,0.14935577774707537,-0.17261246903835004,-0.006931446860918876,-0.018700024899758038,0.15758889924468567,0.08256118058856733,0.13424219908430501,-0.23848118077758756,0.10090606477521108,-0.33163147856742636,0.3406376658719237,0.03047856135195347,-2.2286116957427196e-16,-0.04669896962684591,0.1292542377393799,-0.2742046143912678,0.5154910857542346,-0.24258008416351212,0.7845575154423255,0.04612357427746369,-0.05929633437698849,0.17424465563542735,0.07067011363798521,-0.19560199598027136,-0.015510685529509254,0.30803923791767185,0.4255866426898358,0.48780813753055224,-0.24852317441167227,0.3505804563976552,0.0,0.4599529930154684,-0.23707145674996752,-0.2901420672770873,-0.3244375584801824,0.07606560535186316,-0.23615996971180334,-0.1855892543923412,-0.3134137372118011,-0.12274839472278483,0.011223797997306108,-0.12899175524780687,0.003933296702625154,-0.25640989190233,0.0002175438797985697,-0.3928865704823246,-0.14129638467250652,-0.004737343429778071,-0.2938974565149647,-0.011880776556023705,-0.4440750839165699,0.10396114117734756,0.14973167363375692,0.13928087317384644,0.15757344716178823,-0.2112197327431282,-0.004071708987791076,-0.3214524778043487,0.2771151285995612,-0.14283217681408417,-0.4244911903781225,-0.38255915910610916,-0.1788733464141881,0.442881448993812,-0.09049872792497524,-0.2447038092951185,-0.24290223206919412,-0.10470134038430826,0.35868600597312517,0.3032393307976599,0.3103588862883212,-0.33808249025455983,0.23562999726527992,-0.4390783135158901,0.5570296955411573,0.06026337303904444,-0.38751072839229084,-0.1175705881452297,-0.3034676078602652,-0.4310312876753005,0.19742474331437257,-0.46532323349184385,0.4253200359915855,-0.2784981995308522,-0.1413184076805073,-0.18881006638548511,0.3653828332014553,-0.18832759402347526,-0.34327730974070847,-0.23444375961135144,-0.322682739450214,-0.2080503505157389,0.0,-0.160444300328012,-0.05382515368194577,-0.42228797704718135,-0.04181784705403382,0.1499618547270343,0.07383878524184372,0.0389970810019464,0.31719020511025,0.20640388200809032,0.3906275887470735,0.1506263175842821,0.1330793214187953,0.09414462726420782,0.044207653183255244,-0.10262813093193981,-0.034429237487460254,0.009735705555334167,0.1167119206868761,0.004869953033999733,0.20718711913537688,0.0060308132083764,0.3195466559085489,-0.09686974078522305,0.28516735652179953,-0.07157248781187162,0.4130208174606963,0.1838622313083493,0.002019062463048742,0.2824543843999194,-0.14179090295156016,-0.04756739333505097,0.21730085827871398,-0.012046038838079783,0.4478471326296991,0.047621682807783595,0.594991887828341,0.04007113034083228,0.0026095258052033104,0.0578077538033903,0.061396615053156745,-0.16993464185367996,-0.09963904702735782,-0.34227607910253716,-0.046912646155103356,-0.4512087953419875,0.3909941895615419,-0.13107422894073167,-0.5333970654882854,0.08190779650100263,-0.14160379917407145,-0.1273840907244471,0.13039258116816294
0.5620546380303544,-0.5139803421475305,-0.18256266793085885,-0.2242188070441174,0.2760510066374136,-0.15559973628654544,0.33773855438417144,-0.19782763948684856,0.6241667072770759,-0.3924356975780918,0.15645870984064997,-0.2963149096846994,-0.4912772401189357,-0.2825596450428408,0.44633619524920387,-0.14343766028521515,0.4913685029097255,-0.27054453227163006,0.11441694518531412,0.6420000635294559,0.14974916367308938,-0.17234510420144022,-0.006957490833482494,-0.013536858440352816,0.15866255644535102,0.08272914438366115,0.13509323026964343,-0.23899182747059292,0.10165954574913909,-0.3333516884248728,0.34151773300937177,0.030688590678745995,-9.844452521268104e-17,-0.04707346272606256,0.13304016530416393,-0.27478375411419315,0.5144247575113073,-0.2433648225680233,0.786901552370907,0.04622591828297367,-0.05974373878810509,0.1777540954623451,0.07090628774877646,-0.20039707505900078,-0.013659275112417954,0.30693193419816783,0.4256240651742919,0.4881178722274118,-0.24750165937558427,0.35063798597151,1.6791086375941794e-17,0.46054419927181706,-0.2396769309949087,-0.2895236136372222,-0.3239241641775768,0.07558360929507621,-0.23567549312394384,-0.18443535687864648,-0.3131208839535067,-0.12167404928580627,0.011245915781831373,-0.12865188452309312,0.0039383824128247855,-0.25575744199323985,0.00021710772374442127,-0.39480914544437284,-0.14100213363095915,-0.004747970291466335,-0.2933099620223409,-0.01191959650257572,-0.4464456523425235,0.1036959258403623,0.14872371294386338,0.1390808214671028,0.15713639161250134,-0.21069831735433459,-0.004082647345225732,-0.3230342347669075,0.2767409457506853,-0.14402183474035068,-0.427078825927078,-0.3826180531306688,-0.17899748977996102,0.4410908532928897,-0.09051839590017258,-0.24373934923937177,-0.2432297081964393,-0.1009846686661655,0.3602657735913627,0.3031300059274715,0.3115792306194037,-0.3379945880744302,0.23682158691688887,-0.43881463904182433,0.5571337940785539,0.06053352693556795,-0.3876218772726398,-0.11822983528828081,-0.300372754773859,-0.4309090730010927,0.1965448578997345,-0.46571262720271167,0.4258702354155861,-0.27844699425808395,-0.14204404297362785,-0.1860485202109051,0.36572520132103714,-0.19033112126635665,-0.3414582898670709,-0.2349551315828773,-0.32185169851642553,-0.2084060931461491,0.0,-0.1608987317689781,-0.05642046242374285,-0.42143125310457724,-0.041912308573523474,0.14967357238866036,0.07408850357892505,0.03561709871432428,0.31639782789700677,0.20502933122496728,0.39008837241516264,0.14998936035146523,0.132761026578154,0.09441859270519101,0.041657026842869455,-0.10249739094620747,-0.035941552371683484,0.0065997212734731385,0.11690561998398634,0.004898993198152083,0.20755309966570606,0.006073573726807439,0.32258831434669516,-0.096984875760449,0.28431521035408075,-0.07173784993968671,0.4138225332623013,0.1841003868708668,0.0020324220037010237,0.28496064918815917,-0.14213365030996472,-0.04984033241465805,0.21945201399211378,-0.012066965965796775,0.4467535735270647,0.047757868302329275,0.5963378438058378,0.04014502389503419,0.0026282318973680032,0.05828733684252459,0.061578757582653604,-0.1740353824339648,-0.10080121360815636,-0.34127972515455707,-0.04702467784115057,-0.45200709149179935,0.3902928635628692,-0.13112095072332455,-0.53498947958998,0.08211215303180441,-0.14472990260310056,-0.1286954637930412,0.13396759663341948
-0.562539975971698,0.5149202971493505,0.18304207420643426,0.2250766929008316,-0.27644324370263673,0.15617758369073062,-0.338077353368495,0.19858470318522198,-0.624852776246002,0.39271195012273685,-0.15669343767479732,0.29711467396536034,0.49142290945191025,0.283290550418429,-0.4462822930555922,0.14382491460346133,-0.49135629845664147,0.27121173235989765,-0.11483640624442287,-0.6428097759080614,-0.15028132142678155,0.1724904866563395,0.006983002906653483,0.01354957733476481,-0.15937094389786877,-0.08289939999436882,-0.13568118833879217,0.23938376836099035,-0.10211350829615093,0.33393041138107,-0.34263020537312616,-0.030859048424570032,1.6957909232523886e-16,0.04734026796885507,-0.13343065631631243,0.27564796789525453,-0.5146490803811808,0.24415775659838884,-0.7873202210668692,-0.04635195801213185,0.06007562782423105,-0.17825586051164222,-0.07110764022873535,0.20042005488998205,0.013699377525255725,-0.3068397448426983,-0.4258348145872676,-0.48894412473142995,0.24732658146394162,-0.351192182930652,0.0,-0.46132413320610965,0.2394304454664126,0.289946337835091,0.3247854139802494,-0.0756029869444883,0.2362756407342944,0.1844056836414108,0.31395365243611695,0.12166614502940089,-0.011284789168067945,0.1287872685373626,-0.0039515534537398625,0.25591978034832197,-0.00021785836109375884,0.39509764682376103,0.14131946919934193,0.0047695510735687825,0.293847446750333,0.011975124722093842,0.4473066656064849,-0.10391766067088044,-0.14863924281038776,-0.1393939406288822,-0.1570622104298589,0.21106077576764554,0.004101207225516887,0.32362098666981004,-0.2772482821864082,0.14389379382203596,0.42790281885455805,0.38274647864707906,0.17927189939094318,-0.44070856269679204,0.09064700998669027,0.24342651327571002,0.24360277623718246,0.10086473230530504,-0.3611051952056796,-0.3031082919181329,-0.3122702331265336,0.3378293910377489,-0.2373735660775939,0.43864224477110714,-0.5577607180851248,-0.06074039312384606,0.3878961753505322,0.11864725227613267,0.30061414968050487,0.4313456431064108,-0.1962126757634764,0.4662370380801876,-0.4251912573633033,0.27861282645871144,0.1425295718039656,0.18617718356405738,-0.3659842869895243,0.18994839974794683,0.3417329671124898,0.23572970590498343,0.3221390267710283,0.20906972443442362,-1.1517527306462085e-16,0.16142928973322432,0.056452689467618125,0.4223123767013353,0.04209609884883674,-0.14992394074216936,-0.07442178308970808,-0.03568010047851984,-0.31702383720062816,-0.204880213017475,-0.39090426655294747,-0.14989465230036653,-0.13296820974155202,-0.09483270228658285,-0.041726038443847674,0.10266892403356952,0.035903874049250085,-0.00661140038114677,-0.11724326711748546,-0.004924391316032707,-0.2080657234963589,-0.006105749863989349,-0.3234160827423967,0.0972540937683029,-0.2843345068208902,0.071945098954654,-0.41389032413805343,-0.18453441541714966,-0.0020429603777144213,-0.28565986583793146,0.14248480832273672,0.049827702589718206,-0.2200153023788744,0.012114946440429358,-0.44731868826949245,-0.04795317029457355,-0.5971494580080551,-0.040287834656874376,-0.0026450218897855716,-0.05850029851960016,-0.061804786145732565,0.1741995458145671,0.10118091692078782,0.3416731494852737,0.047211693062563606,0.4525715768436545,-0.39078686089588893,0.1309301644111005,0.5357180125391484,-0.08240432009699863,0.1448501973468257,0.12916577205057828,-0.13409406859114567
-0.007079197504007104,-0.17156513882422686,0.17156513882422686,-0.03931739836416729,-0.06343102712332027,0.2182289793471322,0.04202829029268031,-0.16781637130327043,0.19209869593640294,0.1971002013877715,-0.1971002013877715,0.04869827462346155,0.07935741347390105,-0.23903704546737864,-0.05389662279531059,0.1886739969256129,-0.21644047954299617,-8.441958359802804e-17,0.08552651770362167,0.15717847093712975,0.2828783752805605,-0.13603195712767405,-0.09983618970583075,0.10298494073717367,-0.08552651770362167,-0.15717847093712975,-0.2828783752805605,0.13603195712767405,0.09983618970583075,-0.10298494073717367,0.0043995749780938115,0.17361572775927964,-0.010222877135156891,-0.10653708100791841,0.11936359915344998,0.30451502875826214,-0.011789716557574327,-0.1906554730229738,0.2140657485383474,0.24232784073326824,-0.14970682770613863,0.1857385988388562,0.15751646269355,-0.17754097810153732,-0.011050279849083607,-0.04316016852490494,0.04316016852490494,-0.016194793700776717,-0.0177243413169094,0.0489111961046238,0.011753537773870917,-0.04717154123296302,0.05453114690989476,4.213182559701692e-17,-0.15277388284943577,-0.04282763096828543,-0.14512144565961735,0.028611893917297904,-0.12007139976215363,0.1503887551107545,0.15277388284943577,0.04282763096828543,0.14512144565961735,-0.028611893917297904,0.12007139976215363,-0.1503887551107545,0.04666876577523719,-0.22758403299703506,-0.030868041740473286,0.12191907829562952,-0.1365940029247214,-0.10813054841450996,8.690408982252341e-05,-0.0025009427752952233,0.007648297051558191,-0.07194439812905143,0.2946799902021751,-0.35378297370137274,0.0014271630787888576,-0.004804441930423153,0.012660706416355109,3.710985484451784e-18,0.15399646070317027,0.0096609684580208,0.09555780345814487,0.0013508113758211129,0.16305785684865337,-0.1986796475678678,-0.15399646070317027,-0.0096609684580208,-0.09555780345814487,-0.0013508113758211129,-0.16305785684865337,0.1986796475678678,-0.05961581077902711,0.2103719775129117,0.042443748300476716,-0.10712567167496773,0.12001870924842913,0.05019045849061397,0.00318564093427955,0.056403170340187235,-0.06938439534155087,0.024491851829084674,-0.28922416443944843,0.34588687517144834,-0.04588088049672293,0.05581187744391598,-0.011128159531967259,0.0,0.0,0.0,0.0,0.0,0.0,-0.11861306618961945,-0.17955102117761162,0.10686934861012522,0.1487577909044606,-0.16667509491622085,0.06233758406186286,0.007744887640505722,0.1349247677385867,-0.16348586783918653,0.06788948086466054,0.2824231950249582,-0.33507419153515805,-0.11185285137289036,0.1364162384477184,0.015438417817735053,0.11861306618961945,0.17955102117761162,-0.10686934861012522,-0.1487577909044606,0.16667509491622085,-0.06233758406186286,-0.007744887640505722,-0.1349247677385867,0.16348586783918653,-0.06788948086466054,-0.2824231950249582,0.33507419153515805,0.11185285137289036,-0.1364162384477184,-0.015438417817735053,0.2315439253218606,-0.008680197792958769,-0.14009945813652472,0.15696632191288265,0.195479392286872,0.07831314333055528,-0.08775713059894434,0.11534218971724819,-0.12922788591452408,9.50307157322537e-06,0.01968066689482408,0.3370157553303195,-0.40163417397122436,-0.0007260507812786091,0.001714846004518149,0.014548455965339805,0.27786684563744163,-0.33161779255420626,-0.008109471995962837,-0.011977617116295641
0.008334804745956345,0.16833398634304828,-0.16833398634304828,0.0422262754497318,0.062063057490004764,-0.2263635570494704,-0.040800402985831194,0.17674776732491443,-0.18936407996387822,-0.19479187897463313,0.19479187897463313,-0.053274836873618,-0.07943445134599003,0.24742289231612996,0.05383463790042994,-0.1993419548039572,0.21405101790143866,0.0,-0.08909988276789976,-0.15382943017072404,-0.29324032265215827,0.13372983225820442,0.10474196226960569,-0.10252475593321529,0.08909988276789976,0.15382943017072404,0.29324032265215827,-0.13372983225820442,-0.10474196226960569,0.10252475593321529,-0.0057375980042388185,-0.19337398074191797,0.011950062215964506,0.11982766366010619,-0.12594934849625977,-0.3149736375127214,0.01202002976035904,0.20013554891308524,-0.21084731080358235,-0.25090526736191454,0.16704772326493672,-0.19200706981891155,-0.16580112045598336,0.17528651610059362,0.0101782393994753,0.04351984380858276,-0.04351984380858276,0.01827831973148324,0.018018673897723617,-0.051460175210431884,-0.011926319685200026,0.051492878490362964,-0.05642136881066777,2.7919664114658366e-17,0.1486755298573779,0.039854639394198754,0.14263204140939334,-0.02783241801233861,0.11709527779141936,-0.15075802998944762,-0.1486755298573779,-0.039854639394198754,-0.14263204140939334,0.02783241801233861,-0.11709527779141936,0.15075802998944762,-0.04481771708602893,0.23570725386602823,0.029053920061781313,-0.1267335905702436,0.1294322988323321,0.10618068824008958,-0.0006016587217326634,0.0013251775934190594,-0.010749268168893914,0.07199787858678157,-0.3072225614456393,0.363179834002466,0.0008422732948169171,0.0052308399864569345,-0.02656923748443738,-1.8549937863705864e-17,-0.14900836950375976,-0.006348850535038429,-0.08923801208693606,-0.0023665596000460635,-0.16257895159954502,0.20095942614907494,0.14900836950375976,0.006348850535038429,0.08923801208693606,0.0023665596000460635,0.16257895159954502,-0.20095942614907494,0.05902794388260872,-0.2136753468259763,-0.04182869294090843,0.10802428029466497,-0.10877923983969066,-0.04445474594309081,-0.002719694659929746,-0.05980114574396801,0.07497296045555124,-0.02165672957609211,0.297828813562949,-0.3533178597638866,0.04735378936217101,-0.058139705260519335,0.027000380063542825,0.0,0.0,0.0,0.0,0.0,0.0,0.11476962412771105,0.18349926148832377,-0.10338071868158392,-0.15448895869208534,0.17034851863966846,-0.06091472412503284,-0.006227555472069843,-0.13180435796736456,0.16204160322114697,-0.06482690733620934,-0.2927312422811547,0.34949358634191985,0.11034226859418575,-0.1367184276080257,-0.022488192638549877,-0.11476962412771105,-0.18349926148832377,0.10338071868158392,0.15448895869208534,-0.17034851863966846,0.06091472412503284,0.006227555472069843,0.13180435796736456,-0.16204160322114697,0.06482690733620934,0.2927312422811547,-0.34949358634191985,-0.11034226859418575,0.1367184276080257,0.022488192638549877,-0.23726870824740104,0.008735669671668682,0.14440176549748338,-0.15126583387974435,-0.19975686790085734,-0.08850580820632215,0.11031842493493746,-0.11831348136032338,0.12328926175463836,-0.01071473126294297,-0.017511035396071448,-0.3491276003496716,0.4152816460033979,0.00219682977534468,-0.00412587869736,-0.03016126870300319,-0.28739907637643913,0.341484436177708,-0.007419306456846567,0.024875202396554653
-0.2701278947574426,0.07854000808249297,-0.2472612004842601,0.10098926439792177,0.3001338759043754,-0.041116039826732516,-0.18516826228318134,0.019344311564117908,-0.07156563514737284,0.23611441706293954,0.012364689247864482,0.07954675280499145,-0.011006056535748265,0.1146616633077865,-0.14828488094094172,0.056436711682221134,-0.06979164623123187,-0.21972205818056548,0.0651447667057548,0.2655421832080152,-0.06927687995856484,-0.11873857229272343,0.0004995080456084482,-0.042262357894287735,0.0774356401941391,0.0036637880644524224,0.1030733737752118,-0.14420815640606166,0.05254472329071888,-0.06715949527027008,0.09249755124650288,-0.054974864783392204,0.0009093731715847015,-0.015402795891877609,0.005017597782076042,-0.12572312829019178,0.17230093345202838,-0.06349390026011009,0.08046000852704047,-0.10116907045165173,0.016801319348292827,-0.04100054486278619,0.028067515577434473,-0.00855556279851767,-0.00995401741205625,-0.053323527325176256,-0.05863667922719414,-0.2190025972478791,0.06605791413304679,-0.17809475372060493,0.0033098724781234633,-0.20808380945430655,0.2533466156389741,0.06585830262693575,0.04373988095110564,-0.07845315664992517,0.05989761140513945,0.03559005815027515,0.05668202894725045,-0.05953370033506927,-0.22238547507473813,-0.004684057741360565,-0.15409372883859082,0.043224173687914806,-0.19466830245830102,0.24743523645849794,-0.2680257755908548,0.09991629226670587,0.1488852856799177,0.0621104917374753,-0.036694575319645525,0.1878229900306778,-0.04895915705985008,0.2359284115176632,-0.2989894040855927,0.12258484058657232,-0.044426002769923395,0.08574484218228569,-0.1424010290977341,0.17278807688095738,0.036985569853192506,0.048812568954048764,0.17572401095506945,-0.05556754568042654,0.1330354077368952,0.026378483778723868,0.17074202156509635,-0.20766922928102832,-0.0072427113464261375,-0.0006346141116900755,-0.016737600863712357,0.032036704173426286,-0.0027260039870924905,0.0035531250827920023,-0.010529595997936436,-0.040515411149654144,0.1192453096328658,0.015520814385390302,-0.018022384625405622,0.020783449210271747,-0.036127188188277905,0.005323068483981867,-0.006744743636045596,0.0963589631917152,0.05111709564095249,-0.06152499840928966,-0.11353468185673808,0.13821775541277528,0.0008309460731565439,-0.1769918385139201,-0.0031865086107953616,-0.10947756363412602,-1.2005343757454383e-17,-0.1589914378549192,0.20198870247114906,-0.212956383334431,0.08826302126160152,0.09564701144086579,0.04673655146397494,-0.025843625000869872,0.13331234413499637,0.0017220004499201445,0.19213975229557717,-0.24349786322424297,0.059162060066446656,-0.05037780808273344,0.08474309417982276,-0.08591953167554196,0.10915540455648849,0.030121955535782716,-0.0018282700176675106,-0.04444560905841651,0.11616342456630682,0.013706482731824328,-0.01708723274018998,0.00033068322084390893,0.0020913718719911467,0.0018890989943492259,-0.002394113234003794,0.07185240184911497,0.04840349531334369,-0.06129197597459606,-0.10434938725435078,0.13256938624832768,0.0002928437862171431,-0.05438863665377794,0.13877969975521798,0.016008850909877043,-0.020292382919821085,-0.08194741979180174,-0.01857153470739649,0.01501089803008829,0.023267139289510495,-0.0077277079519529205,0.0025106984382315986,-0.08731696161605984,-0.05909377506797544,0.07489205861913405,0.1250844396822824,-0.1585189245243992,4.002878230443982e-06,-0.05922142211220315,0.08874105431880377,0.009263145119859699,-0.019611412061957028
0.274761508203706,-0.08222516215673095,0.24732913451399594,-0.0944726579178485,-0.29894811149241773,0.04442368740911863,0.18872086999077103,-0.017292271160045097,0.087487715152373,-0.23949741783848444,-0.010029987572213205,-0.08447900846023843,0.006242408470493338,-0.11526158033233246,0.1507210826086596,-0.056992175948505426,0.0572867746908847,0.21858740993064027,-0.05706642666466744,-0.26244791088203706,0.07321535207071515,0.11939480100962865,0.001982579806023103,0.05911551308397203,-0.07949322950909134,-0.005293741354910667,-0.10213212926783376,0.1425621192405022,-0.05193328173779239,0.0547609059124079,-0.09406185432930325,0.05328962200710285,0.006201489813540189,0.014279177772754274,0.007202033402977017,0.12439850541244095,-0.16827632104516574,0.062401931412100035,-0.06431725927330802,0.10353652577678005,-0.016468599041133354,0.04596299591684069,-0.029659551845314203,-0.00864398073668242,0.014541690499439793,0.05554055340737644,0.0594681138460259,0.22817400616740194,-0.06588020731253405,0.18182244515660317,-0.003741273931289861,0.2124207167833655,-0.25691233918782663,-0.06779178215534332,-0.049186587461963194,0.08014497527523075,-0.0633920534710431,-0.037028602622143705,-0.06007357319069816,0.0591987674700609,0.22584018644403778,0.005400267605802333,0.15405431194573893,-0.044213617491615106,0.19495514904933783,-0.25019747617317134,0.2709115516617843,-0.09940832166230297,-0.15543570546002672,-0.05867744368714705,0.015681851167529137,-0.18717627227563238,0.04932065231452214,-0.2352658163648458,0.30050485590443,-0.1254902531393728,0.0457874708451097,-0.09943250026688356,0.14566642763673773,-0.17526983662929785,-0.05146865520305748,-0.04980824548128544,-0.18181249164177257,0.0561630077584562,-0.13518747369184228,-0.027205800918560685,-0.173637262674998,0.21235908573414566,0.009954905490341998,0.0010538353967258554,0.018309376553123823,-0.032484803373242575,0.004580845644825741,-0.0030204699173938575,0.0150717590289315,0.03981458949795008,-0.12401509346552898,-0.017982716924965822,0.03141759866800414,-0.02350564632548436,0.0360537459315611,-0.008839081939827777,0.007898896918896402,-0.09816968470992118,-0.051395447704251765,0.06986459237951635,0.11574786172870391,-0.1401498362449094,0.00900088048161497,0.17780692841449902,0.003321720871179252,0.10815795733504997,0.0,0.15806504736280436,-0.20611271285853563,0.212617452107551,-0.08779272791159443,-0.09712006214318851,-0.04287860797745072,0.005722965518855955,-0.13097291797364097,-0.001814359768249312,-0.18981160467441358,0.24657177501408928,-0.059077042898873985,0.051962536699954105,-0.0982875820111549,0.08633683377486305,-0.11258098691552348,-0.04461707689782825,0.003098117914360093,0.043744398979385604,-0.11596519917802488,-0.015238772352680773,0.030412075025884437,-0.001067334236104049,-0.0021664173937143653,-0.003038819172357226,0.004159466220065624,-0.07054032807882761,-0.04815703787724593,0.06920756558170112,0.10308959759869991,-0.13442615545353567,0.009370733660269632,0.05383825570480957,-0.1369763034274468,-0.017475055640761183,0.036266345416403736,0.08115184292654322,0.018073268339805902,-0.016424032184892287,-0.019641730656084322,-0.012878900729873792,-0.006843470526947172,0.0848371944046942,0.058828118826748606,-0.0847762174626471,-0.12213478084995028,0.1585415013620697,-0.012110566210948677,0.06019371981121773,-0.10190481471275506,-0.010512755337993094,0.03421753302226462
0.08374128642754224,0.10322196459914147,0.29915716583912205,-0.08376346427889163,-0.4608198651034101,0.02804545133436955,0.0840468205043582,-0.16928386486244446,0.026858565783934016,-0.19565105772805363,-0.24970115787924865,0.03171777469339873,0.41011977516980325,-0.057751879718205876,-0.00853031172609794,0.16043786731958098,0.01756189037118037,0.3911543904059407,-0.15660661458685618,-0.5711224075471801,-0.005661965393697645,0.18585018763490022,-0.19775019064383662,0.08439898564238735,-0.13645878779642126,0.09103055409701029,-0.12268628086853811,0.2201385398139864,0.06837440477017968,0.14282537127958717,-0.23568867071307745,0.04714470454944073,-0.023300927632456263,-0.09636255218329752,-0.027739467758341196,0.18045124298991735,-0.36467467043866414,-0.05381211551277239,-0.22818012151069608,0.05510573843497011,-0.06301442486477017,0.02440449495685791,0.14377912034649115,0.02036191536025728,-0.08695920495873768,0.03569830793460089,0.05381701184167688,0.05940908281399967,-0.08191311755048096,0.0621322400456213,0.005479494590225249,0.03294319752669268,-0.07802551668257275,-0.06119212104829724,0.10893713929847848,0.09547568311790466,0.06463044640755877,-0.029074369245353733,0.11277124472255219,-0.10762615261079386,0.26606412606299323,0.0035233760823190946,0.203937426582215,-0.03443843276746274,0.22647783637860447,-0.2959990375617583,0.4088570104998551,-0.08204514766385021,-0.06510678545270476,0.08714414488654372,0.05899174745582829,-0.31447427246384024,0.05205887461004406,-0.3468713009004965,0.4556387721795789,-0.060523817390437995,0.1366338285287447,-0.046059045090810366,0.04414024657108709,-0.08006764939174653,0.14716341854473866,-0.019290920093342975,-0.15232296186726,0.01654865987367127,-0.12054500866416738,-0.009165744286487252,-0.1453611754999634,0.17481036801369815,-0.1975306724930575,-0.019316881409085145,-0.14815223428749272,-0.010856774422523061,-0.20133726016544642,0.2213714905578515,-0.3219790696307453,0.06450441384704629,0.008127118648939259,-0.10134286194184253,-0.042011912020838094,0.24779920026835023,0.018491531815254397,0.3182733844360071,-0.36494851551420415,0.0025501908610327186,-0.14175678655323476,0.04077989259408574,-0.013853789685997231,0.006798936592666509,-0.15639588159219853,0.31997210599860204,0.023227044184477064,0.2415572624615345,1.549310200258492e-17,0.31011048865304947,-0.3578103683054345,0.45789012001986384,-0.09208076144684874,-0.15202916647838094,0.03760456624515575,0.07421660085196091,-0.35236023922454224,-0.011035925010094464,-0.4410480891970805,0.5174253056785537,-0.11477172097303699,0.11763171007858049,-0.046941255048674004,0.14734359096393387,-0.17000735698828492,0.11398071697748098,-0.08256783814858902,0.01608975024206601,-0.18007772358796098,-0.1641173031156428,0.007992328242422264,0.06350109246841242,-0.01307199335193265,0.06810966448580304,-0.09175171793579662,-0.13594648134860482,-0.1394913054491449,0.024026108047753444,0.17452768479023395,-0.20137279279242562,-0.17577897198518727,-0.0007362258581190992,-0.2969275392982607,-0.22515326345945563,0.030588642702769786,0.05946707500129513,0.04533832133076396,-0.006031982806110558,0.099141021634648,0.03797108968302832,0.03900582638642151,0.2284769408031575,0.17255307182297733,-0.02270693145806514,-0.2805794309355243,0.33479702250859794,0.2249643074857682,0.13247904013017217,-0.037833746457259815,-0.015406966994268917,-0.14766574259372955
-0.08040839490707408,-0.10595414586356229,-0.29666461976194153,0.08252971566232983,0.462072954644929,-0.022988852739179024,-0.08280007080888437,0.16042617608928791,-0.016039550365866042,0.19625433043918405,0.2511854078565261,-0.03645782724099407,-0.4165020136794689,0.04880935684703436,0.010486041388150263,-0.1537512175022149,-0.0283117715737186,-0.39308807258339445,0.15339139846703778,0.5789657071483024,0.008206752712168556,-0.18827428299792276,0.18895729562753835,-0.07645446473195788,0.12330196174898561,-0.09321698256765736,0.10826661753995734,-0.21996872460762412,-0.06611041064210857,-0.1545610002979443,0.21798242371123158,-0.03967370228320075,0.026779550386417158,0.08506890926380731,0.0363311519588707,-0.16140827446659034,0.3686316600674191,0.052562347106946815,0.2457779314092272,-0.047263176266276644,0.05342395385063687,-0.017830666643998502,-0.1374032672420453,-0.031245594230753796,0.08715569632902248,-0.03506667257857646,-0.05162110367934815,-0.05901400041941685,0.07843924125717584,-0.059162928780081316,-0.0051015413066817315,-0.03352669003166759,0.07604709069971886,0.06135641861352601,-0.11375454684969011,-0.09815390802764071,-0.06793339202991364,0.02938739821298256,-0.11414111681374209,0.10720221702530972,-0.27071353717538943,-0.007245116854360991,-0.20352150840393754,0.03433452727326266,-0.2266872636864937,0.29087087941339823,-0.4196370522746507,0.07759592592755114,0.06600544847409198,-0.0833301328219473,-0.06628147156196805,0.31755839884796744,-0.05145595146190058,0.34916110793005206,-0.45265713977549654,0.05946414072728759,-0.12762377090428154,0.03354353918413805,-0.04470221146381651,0.07932667889776858,-0.14503698206866486,0.01644888803998284,0.1599361340877258,-0.009808690149584985,0.12311400135111027,0.007878393718455714,0.14888124207117392,-0.17326264576387532,0.20775752412212167,0.022354641275233962,0.15348237630599082,0.009204657113072301,0.20343924123962884,-0.21938548354739268,0.34124763152339554,-0.06264752887804027,-0.01000908379566867,0.09764110016246498,0.05525918779465038,-0.2588400138915804,-0.016195884749709302,-0.3236485790260209,0.36629275542743045,-0.004618696470108628,0.13347845733015196,-0.025330716578056307,0.014127013076590731,-0.008121033495714705,0.15721657902750155,-0.33320082404463486,-0.02887917417017271,-0.2472793203954813,-2.5215755646733297e-18,-0.3140393271922906,0.3534447889599515,-0.47949059498078817,0.0895372473901496,0.15959056154778561,-0.03762463445779234,-0.07311516632898282,0.3636061542535165,0.01383202948572772,0.44865535942124973,-0.5149595841070819,0.118437418977641,-0.11231067952848335,0.04071600034703272,-0.150412931055635,0.16928665320077704,-0.10882106528727765,0.08807398812139186,-0.01420674211613363,0.18645633234714415,0.15454477673100245,0.020146672891072668,-0.06659393766735588,0.0161605389555203,-0.06961438500335582,0.09517116745050264,0.13837539351361103,0.12808252566248668,-0.00011837722317727826,-0.17573372253483813,0.1977846820326436,0.1829223975396377,0.003222990927881874,0.3105029384418762,0.21245150140484464,0.009665629999282048,-0.05690876894819572,-0.039924842521642474,-0.0022963608331887527,-0.09507551231456765,-0.050564114422485505,-0.03163724424488012,-0.23536686643508012,-0.1580899855628618,-0.010791020041772929,0.2844063542513053,-0.3337503613175469,-0.23721106252831065,-0.12419476963144603,0.022841023883706218,0.02103577899125426,0.148508230735841
0.5224123623956146,0.0784491460824404,0.34515417313653485,-0.16313831401759807,-0.6172626583248144,-0.31609391603838627,0.29414136464755364,0.05495133149120881,0.027242444666936327,-0.5520825001370432,0.05745115805542803,-0.19114746389305912,0.0442095912692226,0.022832721363305785,0.2437246939434593,-0.1768035092005257,0.2102360978674982,0.37338429786455074,-0.20110772859094608,-0.645680943342677,-0.33061758178703693,0.34744639899994706,0.031522194610500424,0.06036020887862812,-0.10834900522658185,0.09709107807436355,0.0498471561313646,0.12867963704330623,-0.12285598748522576,0.1359055827143029,-0.23965832145245436,-0.12278699105866506,0.031514453732556874,0.07531834406641201,-0.055684437117858525,-0.00022856169446550296,-0.3128678296200162,0.20425402587341637,-0.2507124245468027,-0.16032534218789848,0.10457605731517851,-0.12839736469541374,-0.12518505806467567,0.10566265312534893,0.0313340849105986,0.0333440722548762,0.11270492231621611,0.44166548639300524,-0.043538125783607065,0.3920411632768819,-0.01969321593053386,0.37709556130229793,-0.46367546966166545,-0.005105623383241989,0.07673626980787338,0.032860098889975695,0.0790470437464045,-0.02173146676174198,0.053119959643842155,-0.07136760417907542,0.327000639846476,0.10440253347056276,0.3272127462952382,-0.07646904665559713,0.23728921830909458,-0.3122243895544282,0.535451242720133,0.14481058301064095,-0.2425275126719242,-0.16421671235340748,0.12176432139902804,-0.4895644240119916,0.0477826566621894,-0.44098215741503544,0.5501317707491162,-0.20882089489833291,-0.2694055630092133,0.2601102980324546,0.21439303412943134,-0.2600429351089882,-0.06843748726905205,-0.12277288110353632,-0.45454925686632347,0.04318908041301116,-0.41576428339757937,0.005255438575246342,-0.3872276497458982,0.476590913284335,0.08980923330422869,-0.014325760326845084,0.03818795301215924,-0.05474673422224129,0.07961374090255921,-0.09634790329494797,-0.02144598618146662,-0.16274901822532903,-0.1988476626761702,0.011498862069859225,-0.008084874384284015,0.03507970868040278,0.018645591214090672,0.017177134114719737,-0.02171774280009348,-0.18376242438973142,0.14916257138255243,-0.17803594223162258,0.16926412341466404,-0.2083965558576062,0.005169002553179123,0.35214325815965025,0.11437780622774162,0.3547127975337578,-0.0808199746697009,0.254879756971368,-0.33575083475264006,0.5473447369839525,0.12075833852433257,-0.28415063529952145,-0.16700921184808273,0.12391160366546557,-0.5121157507581108,0.03332695203705459,-0.4504111242735387,0.5621126775725528,-0.2585089414550856,-0.25563221398683655,0.23995275385238132,0.24399707547607352,-0.2993621011453215,-0.06954818044559741,-0.1247580317718992,-0.14994234906022133,-0.09790690984705752,0.041905724709677114,-0.030745711095280005,0.07696638481769742,-0.060433695768334426,0.10391049901155593,-0.12893684386516588,-0.13303441044854183,0.15073912421338703,-0.1739325250087399,0.06124686268537345,-0.08629288908181201,0.017701382990798438,-0.19027648953144155,-0.2528485317912433,0.00596671173651887,-0.0038891426545686254,-0.15456575767317499,-0.056741929273398536,0.04221803370168109,-0.0802482895588145,0.059260585190807354,-0.000164105296549107,0.24815996564653994,-0.1621615932990796,0.19904917478574097,-0.2077062799317257,0.259433849199346,-0.0029273163451661844,-0.20573064412404973,0.21675306502455152,0.023378035812811077,0.03365780649410106
-0.5192193439363877,-0.08457461540937897,-0.34435659284582604,0.17174491333579445,0.6253868581511747,0.3178882569634626,-0.2920375163039787,-0.05117806230366208,0.009815061467382844,0.5524308617857161,-0.054863097586944964,0.18092998375982158,-0.0513645672136588,-0.028903454196896463,-0.2431288226051927,0.17261728628845732,-0.22835607139212322,-0.37531967366352714,0.21220179016946789,0.6570226368953332,0.3335137398971701,-0.35032027522961673,-0.02633434332090928,-0.026753595010861653,0.1018490074153681,-0.10014724642733526,-0.052758876941235544,-0.13038984585135482,0.11989092534019452,-0.15248739150415153,0.23491581863807023,0.12033361070931724,-0.02134397464924319,-0.07493131238211025,0.07895474828045002,0.0033659140189795764,0.32173291130429743,-0.20285038403030414,0.27407827020530334,0.1651107409864031,-0.10283473854329749,0.1392629630747399,0.12105401373031081,-0.1330359992695396,-0.01924537691164251,-0.02989333119509087,-0.1115484974410226,-0.4471708711954845,0.03676352820522958,-0.39454263875520956,0.020555607694582676,-0.37772604916213065,0.452655023411133,0.0016559367801406402,-0.08272675610159194,-0.0300174394477697,-0.08256824670425739,0.020161916026041848,-0.05858054582679694,0.07316699595003856,-0.3334700963524504,-0.1099751033917121,-0.3299632770491601,0.07637389791578571,-0.2395203892517266,0.2981011552150307,-0.5507667202673181,-0.14327216113502578,0.24471420606569663,0.16901886901809873,-0.15818017628408323,0.49772505238256937,-0.04543655134701612,0.4513380014190725,-0.5445168211278749,0.20932745912977663,0.2701490319334,-0.2845929728436887,-0.21448001641778147,0.2549866542505947,0.03747665187571771,0.12184228892394976,0.4653570646665634,-0.03615783920328696,0.4214433707511287,-0.007872629754215541,0.39194884305670946,-0.4684615160099101,-0.08612091883146814,0.014919708636481462,-0.035479599558169685,0.054405521456422995,-0.07699716984934855,0.09688936661442146,0.03142624383883501,0.16237718606002355,0.20222860122023217,-0.01703991666675631,0.03893406050582871,-0.04107725393837683,-0.015181336224002456,-0.025144892461790986,0.02861074934250074,0.1858921791354035,-0.15219476722274267,0.1987204481573035,-0.17003957462853606,0.20291902892387273,0.015638775746496594,-0.36296453972091197,-0.12034518370157345,-0.35988587819292805,0.08261409739699402,-0.26048051467683797,0.32417186466909087,-0.5673522346661894,-0.11905912910706096,0.29207895504838555,0.17274038338618553,-0.15741046327169847,0.5230644971539209,-0.03229240322337175,0.46443290407876103,-0.5589064516078642,0.26250258172456825,0.2567176613802291,-0.2624097185169666,-0.24892698185946616,0.29669042302444076,0.04131316439052672,0.12950809702188915,0.14868290920436358,0.10367888841394021,-0.04525867907784136,0.05949843503815495,-0.0791120345541557,0.06385320569066318,-0.10794718361446469,0.1353940289421691,0.13664109498776403,-0.15157668079996547,0.19178584916184957,-0.0641035769270465,0.07905557137570023,0.0022773370443206187,0.18992615532920396,0.2662768069633701,-0.009109249030825604,0.03683731898071236,0.15365431278272929,0.05591478395932717,-0.04496420992561959,0.08576220324315682,-0.0928420793270955,-0.008688432322026951,-0.2563013014554502,0.16387118083445393,-0.22106063853878488,0.2174549489113071,-0.26021623031773067,-0.02118127724856382,0.2080310924364451,-0.2395210177449726,-0.02628505621753028,-0.007990735802525059
-0.5184066008242,0.1703903642540366,-0.318500820226016,0.13740009659568486,0.37201255292790575,-0.039923408601674426,-0.24634413622228776,0.05421831062575661,-0.24039906514685727,0.4039193674690153,-0.07050703909634777,0.21555701807681862,0.09793837291247322,0.17963518703664658,-0.26496896800110215,0.12760451120188168,-0.09402743486628262,-0.2249873546836018,0.03620656305233401,0.2576651605550579,-0.09014920494320601,-0.10485014778451117,0.00030332674930698124,-0.15640323508345585,0.11374741947088704,0.009575395997489416,0.11579489082184777,-0.1292881647194535,0.0710241128812267,-0.025072961692538764,0.12872747876201573,-0.06421149519997504,-0.032203381669974045,-0.011276351019140091,-0.07503825556309114,-0.1364499952205286,0.1436039553436717,-0.08132694835588555,0.02205815431656347,-0.10576744060505842,0.028614457043205872,-0.09054288016086057,0.03292483785833017,0.07819187663238647,-0.049339642839935076,-0.1036167881344203,-0.12113497733954119,-0.4200457769076441,0.14422847262827476,-0.3220368734214885,0.0030908585821513355,-0.3992130121903027,0.5054524967667808,0.10347527372819476,0.11059812151485793,-0.12176135058206242,0.11382709140351571,0.048222255680553244,0.12037679161053712,-0.1180827094771665,-0.29017547582527925,0.0016843046784436697,-0.18852554534626287,0.05946168953795185,-0.2579392419848737,0.36671556614493694,-0.33965483387948336,0.11770212146482398,0.19878437052025202,0.06187755706965635,0.06081980853845142,0.21998884079099287,-0.07075464826613222,0.3015626647277329,-0.42959920521713035,0.1532682895984046,-0.06442479587990103,0.18826293823291035,-0.18938069725563444,0.23875509881042994,0.13226230981575768,0.10847561791841953,0.2841964172704956,-0.13195189444459576,0.21501213317930523,0.05055255032336014,0.2855440064454433,-0.37503232341796644,-0.10749801107122801,-0.0032689399060919356,-0.08577431434161473,0.062335119132379026,-0.08411292788673932,0.09071637989936064,-0.13932704426560538,-0.011646637106165493,0.2134093963797566,0.06260227086016054,-0.13398364516011196,0.11081702271146872,-0.07430226225493214,0.11092157491650179,-0.1216508978349031,0.16352907334610342,0.059064344940160815,-0.11673607658244795,-0.20328570698474568,0.2577872286452216,-0.05200752313210319,-0.16802395452665736,0.0043006607487174305,-0.09555377500134939,7.824831161554113e-18,-0.15913248878171346,0.25090024420417284,-0.19312032636623058,0.0827019799296419,0.07830367394751209,0.02538220131015165,0.07642764888738691,0.10770906509041893,-0.002004223373834501,0.1822511440012923,-0.29033137907740453,0.044530624595985946,-0.06389093013905274,0.16695772579101262,-0.07416001219065764,0.11692625001512962,0.11028500393615871,-0.009325346159093138,-0.038168012397143146,0.09655435408894901,0.02741113005449222,-0.1081233973428166,0.0062801741837424764,-0.00247135905066575,0.00813026675745453,-0.01115751371830285,0.05490962911810474,0.051736716844080655,-0.11848288221397424,-0.09144490565151878,0.14417891239460168,-0.06147031903402462,-0.04845882615196464,0.10663003117098181,0.030096592970566414,-0.12851465212506363,-0.06531171036218682,-0.019257628538761184,0.03585755140524417,0.0018114670815540298,0.09430727641857659,0.028801715057458297,-0.05896789255808571,-0.06251725347401367,0.14452808454275554,0.10094103416095926,-0.16163816962182534,0.07603527450652002,-0.06082538961413746,0.15115785378760463,0.011175519062010484,-0.09202169526006339
0.5184130319544024,-0.1704101991635496,0.3184916693246712,-0.13735582156645496,-0.37198410529313525,0.03996655966188068,0.24635239011089657,-0.0542036760299332,0.24054075498476427,-0.4039201077393314,0.07051008164650024,-0.21558309094375835,-0.09795002384410847,-0.1796457412235766,0.26496858448817695,-0.12761111674300993,0.09399493730027875,0.22497419073666478,-0.03615499539250767,-0.25763275339058306,0.09019210695595127,0.10484561797339573,-0.0002849443071718685,0.1565191202419022,-0.11376343703636776,-0.009582392152362184,-0.1158028708652025,0.12927907965400004,-0.07102670979284785,0.025030343405195034,-0.1287380391497398,0.06421810562413423,0.03224153537730821,0.011270422234901907,0.07512497800213297,0.1364550685077,-0.14358026275997338,0.08132522357432626,-0.021997228589141705,0.10579602958161467,-0.028621265195304238,0.09060107211458802,-0.032937120114981754,-0.0782770945105256,0.04938302407140504,0.10362110616315866,0.12113702120160105,0.4200675139340698,-0.14423649372089517,0.32203624745542,-0.0030908229423450223,0.3992239580727121,-0.5054877873721911,-0.10348012044754268,-0.11062767138928872,0.12176540749610164,-0.11384675259022299,-0.04822525259790105,-0.12039664416304657,0.11808186067625466,0.2901680118728505,-0.0016918463832702707,0.18850689706158621,-0.05946377533413289,0.2579325141370761,-0.3667578321537361,0.3396329752062665,-0.11770963100798086,-0.1987991952141029,-0.06185517982296408,-0.060977762269560046,-0.21995536747999014,0.07075968333182651,-0.30154163841767084,0.4296346034715824,-0.15327147259968033,0.0644489133303132,-0.1883931226411378,0.1893899964766857,-0.23877612651878632,-0.1323854374576034,-0.10847723310278133,-0.2842034209227526,0.13195985765484902,-0.2150058321737548,-0.050554076907505664,-0.2855471794818725,0.3750616018013257,0.10750904149299338,0.0032700705073806426,0.08577822956523057,-0.06233531416657069,0.08411776275955858,-0.09071579796945646,0.13934945245661198,0.011646640632278034,-0.2134174076913226,-0.06261542109995652,0.13404446979259874,-0.11082848308481387,0.0743053962367446,-0.11093505121653548,0.12165982936799845,-0.1635264359464152,-0.05907158347701708,0.11677744891119654,0.20328845380228727,-0.25780189453098695,0.05204504608417696,0.1680045810779605,-0.004308460776819194,0.09553120071844488,-1.711497871066862e-17,0.15911972283533699,-0.25093561694775696,0.1930855047978695,-0.08270556372072291,-0.07829584392681863,-0.025358912852762042,-0.07655701792268986,-0.10767180466917105,0.002007889132440538,-0.1822239246641909,0.29036037509236723,-0.044520785883345,0.06391206069232333,-0.16706303675032158,0.0741551980598256,-0.11694452481093041,-0.11038500138389025,0.009334542236659448,0.03817084547019801,-0.09654208577568565,-0.027421785253358172,0.10819945977395995,-0.006286719158338745,0.002475812190405921,-0.008137659571694232,0.011167528733643727,-0.05489601125658968,-0.051744841521142726,0.11853753533978847,0.09143649436228167,-0.14419754330569853,0.061519545380785044,0.048464485263971215,-0.10660436393598552,-0.0301065326466095,0.12860585043569556,0.06531480341747245,0.01926081616727469,-0.03587075528196676,-0.0017927518373922486,-0.09441731948422438,-0.028827492352663135,0.0589426583276664,0.06252677240925465,-0.14459599210493446,-0.10092065783426239,0.16164812278926952,-0.07609747145209002,0.060841255730242544,-0.15124355673693732,-0.011186630123920457,0.09210179208360511
0.5017272780120272,-0.1508154806943811,0.3122004070016842,-0.12655371486493702,-0.36386295838879174,0.04742508461320572,0.23202704250708134,-0.04815663201128235,0.24826860739827147,-0.3872557538593877,0.05173775028092392,-0.2048401286446806,-0.07587460365641223,-0.1794768304095542,0.24682427749645927,-0.12283701528483769,0.07807659626314899,0.2254183801568595,-0.0361064518127447,-0.258038510368411,0.09055421807136411,0.1048954033607688,-0.0002455703148144148,0.16815567145465746,-0.11441189178270113,-0.009691781727102583,-0.11657011537770678,0.12966024683050842,-0.07146960497644857,0.022981979301951325,-0.12941596977953018,0.06463276260791612,0.032471664815030776,0.011323023801778378,0.08166685761862048,0.1373322380367186,-0.14391334712822323,0.08180136144186816,-0.019077892572414493,0.1063309545670306,-0.02883749031431864,0.09619020939293994,-0.03311616527991951,-0.0860284856290749,0.05328924692459713,0.10026046394682096,0.11795727949947393,0.40578168526632985,-0.14043392529194573,0.3119070153851581,-0.0027798092143763472,0.3862611280084161,-0.48744465325438174,-0.09784427439146136,-0.09668564552853046,0.11492434535011356,-0.10323390756931887,-0.04553051362400966,-0.10648404774454967,0.09691056488684295,0.2822512257477914,-0.0018401310657765405,0.182934767973131,-0.056279850648029844,0.2516731942010104,-0.36168156806153523,0.3297037387626185,-0.11703015726058284,-0.1869552110558002,-0.05848137553803488,-0.07784093861339961,-0.21292706865375152,0.06696055692001786,-0.29360361308955363,0.4229955155887594,-0.14450618529553286,0.06644816716429887,-0.2004153026534423,0.1783621597622174,-0.2240464229160831,-0.14434698435583262,-0.10138353697660044,-0.272267289589203,0.12355530840651717,-0.20487894638644713,-0.047177461739817676,-0.2735871741218853,0.3606296863366557,0.0900023135816987,0.0033568564965412067,0.07435905432327464,-0.058315628121312156,0.06871024048275039,-0.06862093041869902,0.1186999999271831,0.017813138621017483,-0.1984890181866685,-0.05835195605133955,0.13586299899491566,-0.09740442488399517,0.06950672326753882,-0.09279522215253701,0.0955683991246586,-0.15244798463946693,-0.061808870093587834,0.1258300794496496,0.18934023431034602,-0.23936537154837834,0.05923196421851091,0.1679372108308608,-0.0043660568154386716,0.0955512550496212,9.735102927876827e-19,0.15931712774948803,-0.25394271223905707,0.1929386171082198,-0.08276804928235175,-0.07814731636846768,-0.0253357148530871,-0.08460101671193852,-0.10762449201780815,0.002031685661270305,-0.18237655006655143,0.29394753149402075,-0.0444634879954474,0.06410436660248643,-0.1732914111340483,0.0741360769513681,-0.1181688166346845,-0.11856938099082469,0.00943640713608177,0.03834762801644654,-0.09659718161937081,-0.027616948786274863,0.11176788951649143,-0.006366001092787456,0.0025113480274850065,-0.008234054304487051,0.011363305706440043,-0.054960910046809884,-0.052092493530612564,0.1215791466522737,0.09163892533497858,-0.14606739134055013,0.0642705461192066,0.048707319177758036,-0.10658684073523116,-0.030304765465354228,0.1331609091731265,0.06545258464760696,0.019396329918615868,-0.0357667120901059,-0.0017218829213419826,-0.10067203280763863,-0.030774247700985663,0.05894308147529171,0.06294544869027181,-0.14848645581569292,-0.10107105744575055,0.16379033035128965,-0.07970108031327311,0.06111325575122773,-0.1562521243613165,-0.012908543425785245,0.09810832661388462
-0.5017236913347309,0.1508025437465918,-0.31221014274234477,0.12659312586303387,0.36389152469102043,-0.047390561245116536,-0.23202338996518082,0.048169286848089146,-0.24816154772518237,0.3872583763893257,-0.05173076176853979,0.20480802840110135,0.07585497021413923,0.17945720512663615,-0.2468233132621506,0.1228273737159195,-0.0781350802994918,-0.22543257266792296,0.036152721177873,0.2580721636347482,-0.0905179396848817,-0.10490120099043797,0.00026165680595935045,-0.16805997134596898,0.11439440859100139,0.009683228814581802,0.1165579988997615,-0.12966897174343817,0.0714658657689213,-0.023034548432944193,0.12940426982721004,-0.06462524399196931,-0.03243641582219929,-0.011328236257452587,-0.08158696503047713,-0.13732212927540333,0.14393736174854185,-0.0818019184364167,0.01915079326927507,-0.10630425740738669,0.028830976127279972,-0.09614304430125996,0.033104915991870584,0.08594947771508193,-0.05325106334413152,-0.10025738325993587,-0.11795469313592664,-0.4057773753928274,0.14042558430760488,-0.31191205927447235,0.0027799124907719078,-0.3862576299339912,0.48742218518677594,0.09784118342052629,0.09666747993762363,-0.11492251287414336,0.10322092920848742,0.04552872517787382,0.10647156473830852,-0.09691485342195112,-0.28226704868281177,0.0018328386869959563,-0.18295362771437162,0.05627831638593558,-0.2516830387056765,0.3616531815356371,-0.32973500024555685,0.11702843846613326,0.18695135593149942,0.05850143112027538,0.07772015582486512,0.21296045893537127,-0.06695638911189863,0.29362790850005366,-0.4229759051506499,0.1445070986864411,-0.06643008472190005,0.20031701121319387,-0.17835892512262919,0.2240346276373664,0.14425372662422184,0.10138116783953423,0.2722757026055764,-0.12354609852788616,0.20489095817714106,0.047175996522234476,0.273591129790199,-0.3606062629385185,-0.08998825779828261,-0.00335468967379501,-0.07435022231772286,0.05831451787256246,-0.06870209082423506,0.06862566180775505,-0.11867192801821375,-0.017813748785332324,0.1984876727267689,0.05833508525571433,-0.13577698265712498,0.09738520165119266,-0.06950275374079792,0.09277550081963065,-0.09556168160503276,0.15245102814852915,0.0617977109538153,-0.12576673249110681,-0.18933915277146857,0.23935475261315914,-0.05917303982038874,-0.16796284127767697,0.004357962541172387,-0.09557516025263979,7.788201270378172e-18,-0.15933258796255773,0.25391449154265233,-0.1929804799216345,0.08276954938408214,0.07815864213087484,0.02535728505840759,0.08449591046725166,0.1076632995775559,-0.002027903505824546,0.182406852376889,-0.29392674042731093,0.044474269963304607,-0.06408774609281385,0.1732055614764146,-0.07414270101423184,0.1181547759335432,0.11848772072512233,-0.009426096445824522,-0.03834471936975487,0.09661234249260611,0.027605359894022484,-0.11168505771989308,0.006358582177507008,-0.002506703068339033,0.008225517062194246,-0.011351934593493788,0.05497489829222696,0.05208265114497497,-0.12151852788545177,-0.09164821481570032,0.14605179118278575,-0.06421461008798147,-0.04870110578913287,0.10661623240923432,0.030294054015084997,-0.1330621848868,-0.06545216292041973,-0.019392391518147475,0.03574689425339006,0.0017398447279865555,0.10057284200768647,0.03074828827675954,-0.058969146678252364,-0.06293368755247264,0.14841123395147252,0.10109294366101855,-0.16378443536230466,0.07963096459730186,-0.06109908887644738,0.1561745321805268,0.012902476655969868,-0.09803539199531527
0.10103380488622901,0.009042469419939567,0.13782216475325665,-0.03218786328348298,-0.22538495033213404,0.07753285315926702,0.057430045809880544,-0.1075403115572325,0.09629932108791231,-0.11564773202591985,-0.07236209387773386,-0.0342336789967098,0.15323277264171967,-0.11385999044528507,0.03334530708024625,0.08356550746186024,-0.045091597342325394,0.15128093782844268,-0.03990753775427221,-0.2442712684703066,0.0785571042538617,0.06872134010440853,-0.11561629892413675,0.10619276094244257,-0.06975230656089298,0.04760332947451629,-0.09978829139799189,0.08661933282937857,0.03697116050176532,0.007460858827131015,-0.12518573947544454,0.06254485436612711,0.00883592940582945,-0.06306102835212637,0.046994985703646165,0.13640735639352827,-0.16148748976496158,-0.023316034081410125,-0.04546245240978234,0.09030978566889881,-0.057064728321988195,0.07392139286358593,0.08299336685858821,-0.05741388182735613,-0.03165413013731774,0.028373500333410767,0.039076735387532056,0.07956905391177062,-0.060327764240793565,0.07963050501895126,0.001505225688649618,0.05917865611264111,-0.0831134696847807,-0.03520749373747416,0.016160760135827918,0.05789594885257224,-0.014646800940565632,-0.01599346346002027,0.03549719084690965,-0.034482516331320164,0.12099094840061494,0.004877624896197024,0.07863821227270043,-0.020158849237125513,0.12231999779444055,-0.15062227357861488,0.19672117776660333,-0.08642999827177689,-0.04570850731672617,0.06583980840098769,-0.04936170500257121,-0.13134350178392107,0.03093391415280147,-0.19622783733623908,0.24290927183838826,-0.04410879223870631,0.1301720685324258,-0.13967986287096096,0.03524073328770356,-0.04867838629708449,0.0320603982163107,-0.024407374646097536,-0.08146433098491815,0.026021181622956177,-0.0591730741546464,-0.011087368429803825,-0.09120633760132218,0.10779848125427693,-0.04374815873169514,-0.01605792409401162,-0.012995188722565125,-0.013974996045828149,-0.07470528008216955,0.07696727963613878,-0.10023719727446317,0.06268878597714966,-0.02677107877765538,-0.08586365221999563,0.06367349609999434,0.052785148662643396,0.022193539403195437,0.13965058334742922,-0.15297832913236864,-0.02797765192078742,-0.1325540970765558,0.12920393869521046,0.018286409328403884,-0.02675907476241486,-0.042331961497932516,0.11498745702299126,0.017514494837246073,0.060825969990433874,5.121120644365237e-17,0.14370943830992933,-0.1634250971512222,0.18104839918613358,-0.07575638086056553,-0.052234552847492684,0.049968849196785424,-0.037605149611878545,-0.10730978453341644,-0.007956187830037436,-0.21866023698257467,0.25158584924225025,-0.027630990598653288,0.12111156315754187,-0.1275605529810789,0.06528188764608112,-0.07423798294839515,0.024019568548970173,-0.04425846581439013,0.047802785114201364,-0.06583867706038055,-0.09436274477729242,0.06968077038529918,0.030692962849258685,-0.010028321343210368,0.04094049540963128,-0.052288490744776754,-0.03482728898234395,-0.10965906375274907,0.10479904123233565,0.08228409901720238,-0.09357274674531918,-0.04702648879807207,0.04610725957671693,-0.1237683537518343,-0.12934175314273108,0.09523861112593306,0.06509107335550982,0.04139520948695568,-0.030274015827537422,0.07147630634710556,-0.053185080726029905,-0.000579691294724605,0.07538533039805516,0.13234836692451699,-0.1205200874137202,-0.14379663337030635,0.16780391456511434,0.06471008625800098,0.1191592336289966,-0.12064402040135615,-0.021303320125137297,-0.03511534506213916
-0.10403290234969675,-0.006817371939112416,-0.1375612164416507,0.02821213504775229,0.22251380639029505,-0.08081560925694349,-0.058723411351126076,0.10536304651639382,-0.1085560965789677,0.11680074175685075,0.07041495982387375,0.039926188471136895,-0.14869210975293146,0.11777091155826598,-0.03473879414420468,-0.08094519850049135,0.05479552173455717,-0.14982959039023608,0.0342909781085344,0.24007874102151774,-0.0830163804332907,-0.06820693381070687,0.11298971956488434,-0.11828826142929791,0.07188928926314025,-0.046004356771392106,0.10102651890936314,-0.08568171443723278,-0.0357174047781096,-0.0010211630309694172,0.12572032267531955,-0.06295343069605568,-0.013116489174684352,0.06238777903987402,-0.05652182817244368,-0.13638964261331538,0.15823425924223522,0.022538740128212234,0.03795601990703011,-0.09346414719416815,0.05639625894343155,-0.08032475098784161,-0.08087406178000084,0.06717959123817041,0.028968447602131228,-0.0290165810497629,-0.03972589036638041,-0.08312034870568324,0.06101908234455179,-0.08220895981055457,-0.0014909655880301956,-0.061836885261831516,0.08436182981133264,0.035764935245546005,-0.01331580687212617,-0.05806432370582342,0.017153646394824213,0.016281273710243974,-0.03343980939400505,0.035806486813143454,-0.1206819013922579,-0.004284220416141875,-0.07784356965729403,0.02045257522625311,-0.12199984529409241,0.15300355139457572,-0.19433182497040616,0.08686397951519162,0.047323237552915245,-0.06741388974828562,0.06385665607913489,0.12843373537677408,-0.03125442212184213,0.19406088526228255,-0.24411185968992696,0.04524623619076902,-0.13129665428016626,0.15131786290234503,-0.03641507101065636,0.049175479325936675,-0.020915003434968108,0.024961449832192485,0.08218550772899745,-0.027035076033981552,0.0594500215288385,0.011363202369367106,0.09200307559641728,-0.10999888244045551,0.0410140689371786,0.015478470582284938,0.01067149196298019,0.014274482169315232,0.07276411309967494,-0.07802469759561366,0.09538406029534287,-0.06254625859446561,0.028327857719923594,0.08840572600703135,-0.07615734072545148,-0.0484226683181952,-0.022506573462868648,-0.13585950544107314,0.15271621334464033,0.02913917077774588,0.1339672988142359,-0.1388027452424585,-0.019488568292884628,0.02738489398847607,0.03306935202112055,-0.11275419394354837,-0.01662711256994474,-0.05851986088538596,-3.909717846177796e-18,-0.1421666514951865,0.16638365228277344,-0.17686576399694898,0.07586717883160325,0.05132909876584956,-0.052493177073876296,0.05093813159683425,0.1029816419343092,0.007569161495854284,0.21526120331607893,-0.2534772031960194,0.026639999933427062,-0.12290164745099155,0.1383890934027073,-0.06471853365791438,0.07574284044211298,-0.0132350103064187,0.04259836427622789,-0.047949223387770926,0.06447973742642663,0.09509167502435603,-0.07906356856692116,-0.02917946881822395,0.009508398891188374,-0.039687808202232944,0.05120051301770139,0.033465232042808706,0.10980994756449303,-0.111789686078808,-0.08129957776819743,0.09514833848765197,0.040632611822079605,-0.046550448577442484,0.12053470646289333,0.129328566538497,-0.10477443862989223,-0.06521341633681146,-0.041659914157802166,0.03153661890766866,-0.07330739517925178,0.06512164925576844,0.006150497174635471,-0.07217456649680414,-0.13195868538600336,0.12772014620179256,0.14116659201961917,-0.16826176509860666,-0.05782900756003682,-0.12027146065817589,0.13002936503072,0.024903724665180857,0.026065773980836003
